web_scraper_order,web_scraper_start_url,auto_link,marque_modele,annee,prix,kilometrage,boite_de_vitesse,region
"1786646501-1","https://www.gaaraas.com/electric_cars?_=1786646200315&button=&listing%5Bbrand_id%5D=&listing%5Bcar_type%5D=1&listing%5Bmaxprice%5D=160000001&listing%5Bminprice%5D=55309&page=100&utf8=%E2%9C%93","https://www.gaaraas.com/fr/vehicle_listings/annonce-jeep-grand-wagoneer-dakar-dakar-30526","Jeep Grand Wagoneer","White","8 900 000","N/A","Automatique","Dakar"
"1786646511-2","https://www.gaaraas.com/electric_cars?_=1786646200315&button=&listing%5Bbrand_id%5D=&listing%5Bcar_type%5D=1&listing%5Bmaxprice%5D=160000001&listing%5Bminprice%5D=55309&page=100&utf8=%E2%9C%93","https://www.gaaraas.com/fr/vehicle_listings/annonce-hyundai-sonata-dakar-dakar-30527","Hyundai Sonata","Autre","4 000 000","N/A","Automatique","Dakar"
"1786646516-3","https://www.gaaraas.com/electric_cars?_=1786646200315&button=&listing%5Bbrand_id%5D=&listing%5Bcar_type%5D=1&listing%5Bmaxprice%5D=160000001&listing%5Bminprice%5D=55309&page=100&utf8=%E2%9C%93","https://www.gaaraas.com/fr/vehicle_listings/annonce-citroen-c3-dakar-dakar-30528","Citroen C3","Autre","3 500 000","N/A","Manuelle","Dakar"
"1786646519-4","https://www.gaaraas.com/electric_cars?_=1786646200315&button=&listing%5Bbrand_id%5D=&listing%5Bcar_type%5D=1&listing%5Bmaxprice%5D=160000001&listing%5Bminprice%5D=55309&page=100&utf8=%E2%9C%93","https://www.gaaraas.com/fr/vehicle_listings/annonce-ford-edge-dakar-dakar-30529","Ford Edge","Autre","1 900 000","N/A","Automatique","Dakar"
"1786646532-5","https://www.gaaraas.com/electric_cars?_=1786646200315&button=&listing%5Bbrand_id%5D=&listing%5Bcar_type%5D=1&listing%5Bmaxprice%5D=160000001&listing%5Bminprice%5D=55309&page=100&utf8=%E2%9C%93","https://www.gaaraas.com/fr/vehicle_listings/annonce-mercedes-benz-e200-dakar-dakar-30530","Mercedes-Benz E200","Blanc","1 700 000","N/A","Manuelle","Dakar"
"1786646537-6","https://www.gaaraas.com/electric_cars?_=1786646200315&button=&listing%5Bbrand_id%5D=&listing%5Bcar_type%5D=1&listing%5Bmaxprice%5D=160000001&listing%5Bminprice%5D=55309&page=100&utf8=%E2%9C%93","https://www.gaaraas.com/fr/vehicle_listings/annonce-mitsubishi-asx-dakar-dakar-30531","Mitsubishi ASX","Noir","7 800 000","N/A","Manuelle","Dakar"
"1786646543-7","https://www.gaaraas.com/electric_cars?_=1786646200315&button=&listing%5Bbrand_id%5D=&listing%5Bcar_type%5D=1&listing%5Bmaxprice%5D=160000001&listing%5Bminprice%5D=55309&page=100&utf8=%E2%9C%93","https://www.gaaraas.com/fr/vehicle_listings/annonce-toyota-corolla-dakar-dakar-30532","Toyota Corolla","Autre","3 500 000","N/A","Automatique","Dakar"
"1786646545-8","https://www.gaaraas.com/electric_cars?_=1786646200315&button=&listing%5Bbrand_id%5D=&listing%5Bcar_type%5D=1&listing%5Bmaxprice%5D=160000001&listing%5Bminprice%5D=55309&page=100&utf8=%E2%9C%93","https://www.gaaraas.com/fr/vehicle_listings/annonce-peugeot-5008-dakar-dakar-30533","Peugeot 5008","Autre","3 500 000","N/A","Manuelle","Dakar"
"1786646548-9","https://www.gaaraas.com/electric_cars?_=1786646200315&button=&listing%5Bbrand_id%5D=&listing%5Bcar_type%5D=1&listing%5Bmaxprice%5D=160000001&listing%5Bminprice%5D=55309&page=100&utf8=%E2%9C%93","https://www.gaaraas.com/fr/vehicle_listings/annonce-nissan-qashqai-dakar-dakar-30534","Nissan Qashqai","Autre","2 650 000","N/A","Manuelle","Dakar"
"1786646556-10","https://www.gaaraas.com/electric_cars?_=1786646200315&button=&listing%5Bbrand_id%5D=&listing%5Bcar_type%5D=1&listing%5Bmaxprice%5D=160000001&listing%5Bminprice%5D=55309&page=100&utf8=%E2%9C%93","https://www.gaaraas.com/fr/vehicle_listings/annonce-hyundai-avante-dakar-dakar-30535","Hyundai Avante","Autre","5 200 000","N/A","Automatique","Dakar"
"1786646561-11","https://www.gaaraas.com/electric_cars?_=1786646200315&button=&listing%5Bbrand_id%5D=&listing%5Bcar_type%5D=1&listing%5Bmaxprice%5D=160000001&listing%5Bminprice%5D=55309&page=100&utf8=%E2%9C%93","https://www.gaaraas.com/fr/vehicle_listings/annonce-peugeot-308-dakar-dakar-30536","Peugeot 308","Autre","3 950 000","N/A","Manuelle","Dakar"
"1786646563-12","https://www.gaaraas.com/electric_cars?_=1786646200315&button=&listing%5Bbrand_id%5D=&listing%5Bcar_type%5D=1&listing%5Bmaxprice%5D=160000001&listing%5Bminprice%5D=55309&page=100&utf8=%E2%9C%93","https://www.gaaraas.com/fr/vehicle_listings/annonce-hyundai-tucson-dakar-dakar-30537","Hyundai Tucson","Blanc","4 500 000","N/A","Automatique","Dakar"
"1786646566-13","https://www.gaaraas.com/electric_cars?_=1786646200315&button=&listing%5Bbrand_id%5D=&listing%5Bcar_type%5D=1&listing%5Bmaxprice%5D=160000001&listing%5Bminprice%5D=55309&page=100&utf8=%E2%9C%93","https://www.gaaraas.com/fr/vehicle_listings/annonce-mini-cooper-s-clubman-dakar-dakar-30538","Mini Cooper S clubman","Noir","4 950 000","N/A","Automatique","Dakar"
"1786646568-14","https://www.gaaraas.com/electric_cars?_=1786646200315&button=&listing%5Bbrand_id%5D=&listing%5Bcar_type%5D=1&listing%5Bmaxprice%5D=160000001&listing%5Bminprice%5D=55309&page=100&utf8=%E2%9C%93","https://www.gaaraas.com/fr/vehicle_listings/annonce-ford-escape-dakar-dakar-30539","Ford Escape","Noir","2 350 000","N/A","Automatique","Dakar"
"1786646571-15","https://www.gaaraas.com/electric_cars?_=1786646200315&button=&listing%5Bbrand_id%5D=&listing%5Bcar_type%5D=1&listing%5Bmaxprice%5D=160000001&listing%5Bminprice%5D=55309&page=100&utf8=%E2%9C%93","https://www.gaaraas.com/fr/vehicle_listings/annonce-peugeot-5008-dakar-dakar-30540","Peugeot 5008","Autre","3 500 000","N/A","Manuelle","Dakar"
"1786646573-16","https://www.gaaraas.com/electric_cars?_=1786646200315&button=&listing%5Bbrand_id%5D=&listing%5Bcar_type%5D=1&listing%5Bmaxprice%5D=160000001&listing%5Bminprice%5D=55309&page=100&utf8=%E2%9C%93","https://www.gaaraas.com/fr/vehicle_listings/annonce-dodge-challenger-dakar-dakar-30541","Dodge Challenger","Autre","6 500 000","N/A","Automatique","Dakar"
"1786646577-17","https://www.gaaraas.com/electric_cars?_=1786646200315&button=&listing%5Bbrand_id%5D=&listing%5Bcar_type%5D=1&listing%5Bmaxprice%5D=160000001&listing%5Bminprice%5D=55309&page=100&utf8=%E2%9C%93","https://www.gaaraas.com/fr/vehicle_listings/annonce-renault-sandero-rs-dakar-dakar-30542","Renault Sandero RS","Blanc","7 700 000","N/A","Automatique","Dakar"
"1786646580-18","https://www.gaaraas.com/electric_cars?_=1786646200315&button=&listing%5Bbrand_id%5D=&listing%5Bcar_type%5D=1&listing%5Bmaxprice%5D=160000001&listing%5Bminprice%5D=55309&page=100&utf8=%E2%9C%93","https://www.gaaraas.com/fr/vehicle_listings/annonce-peugeot-3008-dakar-dakar-30543","Peugeot 3008","Autre","15 500 000","N/A","Automatique","Dakar"
"1786646584-19","https://www.gaaraas.com/electric_cars?_=1786646200315&button=&listing%5Bbrand_id%5D=&listing%5Bcar_type%5D=1&listing%5Bmaxprice%5D=160000001&listing%5Bminprice%5D=55309&page=100&utf8=%E2%9C%93","https://www.gaaraas.com/fr/vehicle_listings/annonce-hyundai-sonata-dakar-dakar-30544","Hyundai Sonata","Autre","12 500 000","N/A","Automatique","Dakar"
"1786646587-20","https://www.gaaraas.com/electric_cars?_=1786646200315&button=&listing%5Bbrand_id%5D=&listing%5Bcar_type%5D=1&listing%5Bmaxprice%5D=160000001&listing%5Bminprice%5D=55309&page=100&utf8=%E2%9C%93","https://www.gaaraas.com/fr/vehicle_listings/annonce-mazda-cx-5-dakar-dakar-30545","Mazda CX-5","Blanc","8 500 000","N/A","Automatique","Dakar"
"1786646596-21","https://www.gaaraas.com/electric_cars?_=1786646200315&button=&listing%5Bbrand_id%5D=&listing%5Bcar_type%5D=1&listing%5Bmaxprice%5D=160000001&listing%5Bminprice%5D=55309&page=99&utf8=%E2%9C%93","https://www.gaaraas.com/fr/vehicle_listings/annonce-mazda-cx-5-dakar-dakar-30546","Mazda CX-5","Autre","13 000 000","N/A","Automatique","Dakar"
"1786646598-22","https://www.gaaraas.com/electric_cars?_=1786646200315&button=&listing%5Bbrand_id%5D=&listing%5Bcar_type%5D=1&listing%5Bmaxprice%5D=160000001&listing%5Bminprice%5D=55309&page=99&utf8=%E2%9C%93","https://www.gaaraas.com/fr/vehicle_listings/annonce-mazda-cx-5-dakar-dakar-30547","Mazda CX-5","Noir","8 700 000","N/A","Automatique","Dakar"
"1786646601-23","https://www.gaaraas.com/electric_cars?_=1786646200315&button=&listing%5Bbrand_id%5D=&listing%5Bcar_type%5D=1&listing%5Bmaxprice%5D=160000001&listing%5Bminprice%5D=55309&page=99&utf8=%E2%9C%93","https://www.gaaraas.com/fr/vehicle_listings/annonce-renault-kwid-dakar-dakar-30548","Renault KWID","Rouge","6 700 000","N/A","Automatique","Dakar"
"1786646605-24","https://www.gaaraas.com/electric_cars?_=1786646200315&button=&listing%5Bbrand_id%5D=&listing%5Bcar_type%5D=1&listing%5Bmaxprice%5D=160000001&listing%5Bminprice%5D=55309&page=99&utf8=%E2%9C%93","https://www.gaaraas.com/fr/vehicle_listings/annonce-kia-sorento-dakar-dakar-30549","Kia Sorento","Autre","4 800 000","N/A","Automatique","Dakar"
"1786646608-25","https://www.gaaraas.com/electric_cars?_=1786646200315&button=&listing%5Bbrand_id%5D=&listing%5Bcar_type%5D=1&listing%5Bmaxprice%5D=160000001&listing%5Bminprice%5D=55309&page=99&utf8=%E2%9C%93","https://www.gaaraas.com/fr/vehicle_listings/annonce-peugeot-406-dakar-dakar-30550","Peugeot 406","Autre","2 200 000","N/A","Manuelle","Dakar"
"1786646611-26","https://www.gaaraas.com/electric_cars?_=1786646200315&button=&listing%5Bbrand_id%5D=&listing%5Bcar_type%5D=1&listing%5Bmaxprice%5D=160000001&listing%5Bminprice%5D=55309&page=99&utf8=%E2%9C%93","https://www.gaaraas.com/fr/vehicle_listings/annonce-ford-focus-dakar-dakar-30551","Ford Focus","Autre","2 700 000","N/A","Automatique","Dakar"
"1786646614-27","https://www.gaaraas.com/electric_cars?_=1786646200315&button=&listing%5Bbrand_id%5D=&listing%5Bcar_type%5D=1&listing%5Bmaxprice%5D=160000001&listing%5Bminprice%5D=55309&page=99&utf8=%E2%9C%93","https://www.gaaraas.com/fr/vehicle_listings/annonce-bmw-x3-dakar-dakar-30552","BMW X3","Blanc","3 000 000","2012","Automatique","Dakar"
"1786646617-28","https://www.gaaraas.com/electric_cars?_=1786646200315&button=&listing%5Bbrand_id%5D=&listing%5Bcar_type%5D=1&listing%5Bmaxprice%5D=160000001&listing%5Bminprice%5D=55309&page=99&utf8=%E2%9C%93","https://www.gaaraas.com/fr/vehicle_listings/annonce-ford-f-150-dakar-dakar-30553","Ford F–150","2016","","125 000 km","Automatique","Dakar"
"1786646620-29","https://www.gaaraas.com/electric_cars?_=1786646200315&button=&listing%5Bbrand_id%5D=&listing%5Bcar_type%5D=1&listing%5Bmaxprice%5D=160000001&listing%5Bminprice%5D=55309&page=99&utf8=%E2%9C%93","https://www.gaaraas.com/fr/vehicle_listings/annonce-mitsubishi-rvr-dakar-dakar-30554","Mitsubishi RVR","2017","","128 000 km","Automatique","Dakar"
"1786646623-30","https://www.gaaraas.com/electric_cars?_=1786646200315&button=&listing%5Bbrand_id%5D=&listing%5Bcar_type%5D=1&listing%5Bmaxprice%5D=160000001&listing%5Bminprice%5D=55309&page=99&utf8=%E2%9C%93","https://www.gaaraas.com/fr/vehicle_listings/annonce-ford-explorer-dakar-dakar-30555","Ford Explorer","Gris","6 960 000","2017","Automatique","Dakar"
"1786646625-31","https://www.gaaraas.com/electric_cars?_=1786646200315&button=&listing%5Bbrand_id%5D=&listing%5Bcar_type%5D=1&listing%5Bmaxprice%5D=160000001&listing%5Bminprice%5D=55309&page=99&utf8=%E2%9C%93","https://www.gaaraas.com/fr/vehicle_listings/annonce-ford-fusion-dakar-dakar-30559","Ford Fusion","Blanc","3 950 000","2013","Automatique","Dakar"
"1786646628-32","https://www.gaaraas.com/electric_cars?_=1786646200315&button=&listing%5Bbrand_id%5D=&listing%5Bcar_type%5D=1&listing%5Bmaxprice%5D=160000001&listing%5Bminprice%5D=55309&page=99&utf8=%E2%9C%93","https://www.gaaraas.com/fr/vehicle_listings/annonce-hyundai-santa-fe-dakar-dakar-30563","Hyundai Santa Fe","2015","6 800 000","102 000 km","Automatique","Dakar"
"1786646630-33","https://www.gaaraas.com/electric_cars?_=1786646200315&button=&listing%5Bbrand_id%5D=&listing%5Bcar_type%5D=1&listing%5Bmaxprice%5D=160000001&listing%5Bminprice%5D=55309&page=99&utf8=%E2%9C%93","https://www.gaaraas.com/fr/vehicle_listings/annonce-toyota-rav-4-dakar-dakar-30566","Toyota Rav 4","Gris","8 500 000","2015","Manuelle","Dakar"
"1786646633-34","https://www.gaaraas.com/electric_cars?_=1786646200315&button=&listing%5Bbrand_id%5D=&listing%5Bcar_type%5D=1&listing%5Bmaxprice%5D=160000001&listing%5Bminprice%5D=55309&page=99&utf8=%E2%9C%93","https://www.gaaraas.com/fr/vehicle_listings/annonce-toyota-hilux-dakar-dakar-30567","Toyota Hilux","2022","","79 472 km","Automatique","Dakar"
"1786646635-35","https://www.gaaraas.com/electric_cars?_=1786646200315&button=&listing%5Bbrand_id%5D=&listing%5Bcar_type%5D=1&listing%5Bmaxprice%5D=160000001&listing%5Bminprice%5D=55309&page=99&utf8=%E2%9C%93","https://www.gaaraas.com/fr/vehicle_listings/annonce-nissan-sentra-dakar-scmz-30569","Nissan Sentra","2016","6 000 000","95 000 km","Automatique","Dakar"
"1786646638-36","https://www.gaaraas.com/electric_cars?_=1786646200315&button=&listing%5Bbrand_id%5D=&listing%5Bcar_type%5D=1&listing%5Bmaxprice%5D=160000001&listing%5Bminprice%5D=55309&page=99&utf8=%E2%9C%93","https://www.gaaraas.com/fr/vehicle_listings/annonce-volkswagen-fox-dakar-dakar-30571","Volkswagen Fox","Noir","1 950 000","2010","Manuelle","Dakar"
"1786646641-37","https://www.gaaraas.com/electric_cars?_=1786646200315&button=&listing%5Bbrand_id%5D=&listing%5Bcar_type%5D=1&listing%5Bmaxprice%5D=160000001&listing%5Bminprice%5D=55309&page=99&utf8=%E2%9C%93","https://www.gaaraas.com/fr/vehicle_listings/annonce-kia-sportage-dakar-dakar-30572","Kia Sportage","2016","9 300 000","70 000 km","Automatique","Dakar"
"1786646643-38","https://www.gaaraas.com/electric_cars?_=1786646200315&button=&listing%5Bbrand_id%5D=&listing%5Bcar_type%5D=1&listing%5Bmaxprice%5D=160000001&listing%5Bminprice%5D=55309&page=99&utf8=%E2%9C%93","https://www.gaaraas.com/fr/vehicle_listings/annonce-jeep-compass-dakar-dakar-30573","Jeep Compass","Bleu","5 950 000","2017","Automatique","Dakar"
"1786646646-39","https://www.gaaraas.com/electric_cars?_=1786646200315&button=&listing%5Bbrand_id%5D=&listing%5Bcar_type%5D=1&listing%5Bmaxprice%5D=160000001&listing%5Bminprice%5D=55309&page=99&utf8=%E2%9C%93","https://www.gaaraas.com/fr/vehicle_listings/annonce-nissan-micra-dakar-dakar-30574","Nissan Micra","Noir","3 300 000","2013","Automatique","Dakar"
"1786646654-40","https://www.gaaraas.com/electric_cars?_=1786646200315&button=&listing%5Bbrand_id%5D=&listing%5Bcar_type%5D=1&listing%5Bmaxprice%5D=160000001&listing%5Bminprice%5D=55309&page=99&utf8=%E2%9C%93","https://www.gaaraas.com/fr/vehicle_listings/annonce-toyota-rav4-dakar-dakar-30575","Toyota RAV4","2017","8 500 000","130 000 km","Automatique","Dakar"
"1786646666-41","https://www.gaaraas.com/electric_cars?_=1786646200315&button=&listing%5Bbrand_id%5D=&listing%5Bcar_type%5D=1&listing%5Bmaxprice%5D=160000001&listing%5Bminprice%5D=55309&page=98&utf8=%E2%9C%93","https://www.gaaraas.com/fr/vehicle_listings/annonce-hyundai-santa-fe-dakar-dakar-30576","Hyundai Santa Fe","2019","12 900 000","65 000 km","Automatique","Dakar"
"1786646669-42","https://www.gaaraas.com/electric_cars?_=1786646200315&button=&listing%5Bbrand_id%5D=&listing%5Bcar_type%5D=1&listing%5Bmaxprice%5D=160000001&listing%5Bminprice%5D=55309&page=98&utf8=%E2%9C%93","https://www.gaaraas.com/fr/vehicle_listings/annonce-jeep-compass-dakar-dakar-30578","Jeep Compass","Noir","3 700 000","2015","Automatique","Dakar"
"1786646675-43","https://www.gaaraas.com/electric_cars?_=1786646200315&button=&listing%5Bbrand_id%5D=&listing%5Bcar_type%5D=1&listing%5Bmaxprice%5D=160000001&listing%5Bminprice%5D=55309&page=98&utf8=%E2%9C%93","https://www.gaaraas.com/fr/vehicle_listings/annonce-ford-fusion-dakar-dakar-30579","Ford Fusion","2019","7 500 000","86 000 km","Automatique","Dakar"
"1786646678-44","https://www.gaaraas.com/electric_cars?_=1786646200315&button=&listing%5Bbrand_id%5D=&listing%5Bcar_type%5D=1&listing%5Bmaxprice%5D=160000001&listing%5Bminprice%5D=55309&page=98&utf8=%E2%9C%93","https://www.gaaraas.com/fr/vehicle_listings/annonce-mercedes-benz-gle-dakar-dakar-30580","Mercedes‒Benz GLE","Noir","80 000 000","2021","Automatique","Dakar"
"1786646683-45","https://www.gaaraas.com/electric_cars?_=1786646200315&button=&listing%5Bbrand_id%5D=&listing%5Bcar_type%5D=1&listing%5Bmaxprice%5D=160000001&listing%5Bminprice%5D=55309&page=98&utf8=%E2%9C%93","https://www.gaaraas.com/fr/vehicle_listings/annonce-chevrolet-captiva-dakar-rufisque-30585","Chevrolet Captiva","Gris","4 500 000","2013","Automatique","Rufisque"
"1786646686-46","https://www.gaaraas.com/electric_cars?_=1786646200315&button=&listing%5Bbrand_id%5D=&listing%5Bcar_type%5D=1&listing%5Bmaxprice%5D=160000001&listing%5Bminprice%5D=55309&page=98&utf8=%E2%9C%93","https://www.gaaraas.com/fr/vehicle_listings/annonce-peugeot-308-dakar-dakar-30589","Peugeot 308","Bleu","7 500 000","2018","Manuelle","Dakar"
"1786646692-47","https://www.gaaraas.com/electric_cars?_=1786646200315&button=&listing%5Bbrand_id%5D=&listing%5Bcar_type%5D=1&listing%5Bmaxprice%5D=160000001&listing%5Bminprice%5D=55309&page=98&utf8=%E2%9C%93","https://www.gaaraas.com/fr/vehicle_listings/annonce-toyota-rav4-dakar-dakar-30590","Toyota RAV4","2017","8 900 000","130 000 km","Automatique","Dakar"
"1786646697-48","https://www.gaaraas.com/electric_cars?_=1786646200315&button=&listing%5Bbrand_id%5D=&listing%5Bcar_type%5D=1&listing%5Bmaxprice%5D=160000001&listing%5Bminprice%5D=55309&page=98&utf8=%E2%9C%93","https://www.gaaraas.com/fr/vehicle_listings/annonce-kia-sorento-dakar-dakar-30591","Kia Sorento","Noir","","2011","Automatique","Dakar"
"1786646700-49","https://www.gaaraas.com/electric_cars?_=1786646200315&button=&listing%5Bbrand_id%5D=&listing%5Bcar_type%5D=1&listing%5Bmaxprice%5D=160000001&listing%5Bminprice%5D=55309&page=98&utf8=%E2%9C%93","https://www.gaaraas.com/fr/vehicle_listings/annonce-citroen-c4-dakar-dakar-30600","Citroen C4","Noir","","2014","Manuelle","Dakar"
"1786646703-50","https://www.gaaraas.com/electric_cars?_=1786646200315&button=&listing%5Bbrand_id%5D=&listing%5Bcar_type%5D=1&listing%5Bmaxprice%5D=160000001&listing%5Bminprice%5D=55309&page=98&utf8=%E2%9C%93","https://www.gaaraas.com/fr/vehicle_listings/annonce-jeep-patriot-dakar-dakar-30601","Jeep Patriot","2016","","163 000 km","Automatique","Dakar"
"1786646706-51","https://www.gaaraas.com/electric_cars?_=1786646200315&button=&listing%5Bbrand_id%5D=&listing%5Bcar_type%5D=1&listing%5Bmaxprice%5D=160000001&listing%5Bminprice%5D=55309&page=98&utf8=%E2%9C%93","https://www.gaaraas.com/fr/vehicle_listings/annonce-ford-edge-dakar-dakar-30606","Ford Edge","2016","3 950 000","120 000 km","Automatique","Dakar"
"1786646710-52","https://www.gaaraas.com/electric_cars?_=1786646200315&button=&listing%5Bbrand_id%5D=&listing%5Bcar_type%5D=1&listing%5Bmaxprice%5D=160000001&listing%5Bminprice%5D=55309&page=98&utf8=%E2%9C%93","https://www.gaaraas.com/fr/vehicle_listings/annonce-hyundai-tucson-dakar-dakar-30607","Hyundai Tucson","Other","8 950 000","2017","Automatique","Dakar"
"1786646714-53","https://www.gaaraas.com/electric_cars?_=1786646200315&button=&listing%5Bbrand_id%5D=&listing%5Bcar_type%5D=1&listing%5Bmaxprice%5D=160000001&listing%5Bminprice%5D=55309&page=98&utf8=%E2%9C%93","https://www.gaaraas.com/fr/vehicle_listings/annonce-tesla-model-s-dakar-dakar-30608","Tesla Model S","2016","24 000 000","69 380 km","Automatique","Dakar"
"1786646717-54","https://www.gaaraas.com/electric_cars?_=1786646200315&button=&listing%5Bbrand_id%5D=&listing%5Bcar_type%5D=1&listing%5Bmaxprice%5D=160000001&listing%5Bminprice%5D=55309&page=98&utf8=%E2%9C%93","https://www.gaaraas.com/fr/vehicle_listings/annonce-ford-focus-dakar-dakar-30609","Ford Focus","Rouge","5 000 000","2015","Automatique","Dakar"
"1786646721-55","https://www.gaaraas.com/electric_cars?_=1786646200315&button=&listing%5Bbrand_id%5D=&listing%5Bcar_type%5D=1&listing%5Bmaxprice%5D=160000001&listing%5Bminprice%5D=55309&page=98&utf8=%E2%9C%93","https://www.gaaraas.com/fr/vehicle_listings/annonce-toyota-avensis-dakar-dakar-30624","Toyota Avensis","Noir","5 300 000","2017","Manuelle","Dakar"
"1786646725-56","https://www.gaaraas.com/electric_cars?_=1786646200315&button=&listing%5Bbrand_id%5D=&listing%5Bcar_type%5D=1&listing%5Bmaxprice%5D=160000001&listing%5Bminprice%5D=55309&page=98&utf8=%E2%9C%93","https://www.gaaraas.com/fr/vehicle_listings/annonce-toyota-prado-dakar-dakar-30625","Toyota Prado","2017","23 900 000","99 000 km","Automatique","Dakar"
"1786646734-57","https://www.gaaraas.com/electric_cars?_=1786646200315&button=&listing%5Bbrand_id%5D=&listing%5Bcar_type%5D=1&listing%5Bmaxprice%5D=160000001&listing%5Bminprice%5D=55309&page=98&utf8=%E2%9C%93","https://www.gaaraas.com/fr/vehicle_listings/annonce-jeep-cherokee-dakar-dakar-30626","Jeep Cherokee","Gris","7 300 000","2017","Automatique","Dakar"
"1786646738-58","https://www.gaaraas.com/electric_cars?_=1786646200315&button=&listing%5Bbrand_id%5D=&listing%5Bcar_type%5D=1&listing%5Bmaxprice%5D=160000001&listing%5Bminprice%5D=55309&page=98&utf8=%E2%9C%93","https://www.gaaraas.com/fr/vehicle_listings/annonce-bmw-x5-m-dakar-dakar-30627","BMW X5 M","Noir","15 000 000","2017","Automatique","Dakar"
"1786646740-59","https://www.gaaraas.com/electric_cars?_=1786646200315&button=&listing%5Bbrand_id%5D=&listing%5Bcar_type%5D=1&listing%5Bmaxprice%5D=160000001&listing%5Bminprice%5D=55309&page=98&utf8=%E2%9C%93","https://www.gaaraas.com/fr/vehicle_listings/annonce-bmw-x4-dakar-dakar-30628","BMW X4","2017","21 000 000","70 000 km","Automatique","Dakar"
"1786646743-60","https://www.gaaraas.com/electric_cars?_=1786646200315&button=&listing%5Bbrand_id%5D=&listing%5Bcar_type%5D=1&listing%5Bmaxprice%5D=160000001&listing%5Bminprice%5D=55309&page=98&utf8=%E2%9C%93","https://www.gaaraas.com/fr/vehicle_listings/annonce-toyota-prado-dakar-dakar-30629","Toyota Prado","2020","26 000 000","100 000 km","Manuelle","Dakar"
"1786646749-61","https://www.gaaraas.com/electric_cars?_=1786646200315&button=&listing%5Bbrand_id%5D=&listing%5Bcar_type%5D=1&listing%5Bmaxprice%5D=160000001&listing%5Bminprice%5D=55309&page=97&utf8=%E2%9C%93","https://www.gaaraas.com/fr/vehicle_listings/annonce-land-rover-range-rover-velar-dakar-dakar-30630","Land Rover Range Rover Velar","2019","30 000 000","44 800 km","Automatique","Dakar"
"1786646751-62","https://www.gaaraas.com/electric_cars?_=1786646200315&button=&listing%5Bbrand_id%5D=&listing%5Bcar_type%5D=1&listing%5Bmaxprice%5D=160000001&listing%5Bminprice%5D=55309&page=97&utf8=%E2%9C%93","https://www.gaaraas.com/fr/vehicle_listings/annonce-bmw-x7-dakar-dakar-30631","BMW X7","Noir","47 000 000","2022","Automatique","Dakar"
"1786646755-63","https://www.gaaraas.com/electric_cars?_=1786646200315&button=&listing%5Bbrand_id%5D=&listing%5Bcar_type%5D=1&listing%5Bmaxprice%5D=160000001&listing%5Bminprice%5D=55309&page=97&utf8=%E2%9C%93","https://www.gaaraas.com/fr/vehicle_listings/annonce-nissan-micra-dakar-dakar-30632","Nissan Micra","2015","2 950 000","103 000 km","Automatique","Dakar"
"1786646762-64","https://www.gaaraas.com/electric_cars?_=1786646200315&button=&listing%5Bbrand_id%5D=&listing%5Bcar_type%5D=1&listing%5Bmaxprice%5D=160000001&listing%5Bminprice%5D=55309&page=97&utf8=%E2%9C%93","https://www.gaaraas.com/fr/vehicle_listings/annonce-hyundai-santa-fe-dakar-dakar-30637","Hyundai Santa Fe","Gris","5 500 000","2013","Automatique","Dakar"
"1786646767-65","https://www.gaaraas.com/electric_cars?_=1786646200315&button=&listing%5Bbrand_id%5D=&listing%5Bcar_type%5D=1&listing%5Bmaxprice%5D=160000001&listing%5Bminprice%5D=55309&page=97&utf8=%E2%9C%93","https://www.gaaraas.com/fr/vehicle_listings/annonce-peugeot-2008-dakar-dakar-30638","Peugeot 2008","Blanc","7 300 000","2016","Automatique","Dakar"
"1786646770-66","https://www.gaaraas.com/electric_cars?_=1786646200315&button=&listing%5Bbrand_id%5D=&listing%5Bcar_type%5D=1&listing%5Bmaxprice%5D=160000001&listing%5Bminprice%5D=55309&page=97&utf8=%E2%9C%93","https://www.gaaraas.com/fr/vehicle_listings/annonce-nissan-rogue-dakar-dakar-30642","Nissan Rogue","2012","","255 475 km","Automatique","Dakar"
"1786646773-67","https://www.gaaraas.com/electric_cars?_=1786646200315&button=&listing%5Bbrand_id%5D=&listing%5Bcar_type%5D=1&listing%5Bmaxprice%5D=160000001&listing%5Bminprice%5D=55309&page=97&utf8=%E2%9C%93","https://www.gaaraas.com/fr/vehicle_listings/annonce-citroen-c4-cactus-dakar-dakar-30643","Citroen C4 Cactus","2019","8 900 000","150 000 km","Automatique","Dakar"
"1786646776-68","https://www.gaaraas.com/electric_cars?_=1786646200315&button=&listing%5Bbrand_id%5D=&listing%5Bcar_type%5D=1&listing%5Bmaxprice%5D=160000001&listing%5Bminprice%5D=55309&page=97&utf8=%E2%9C%93","https://www.gaaraas.com/fr/vehicle_listings/annonce-hyundai-xg-dakar-dakar-30644","Hyundai XG","2020","19 500 000","82 000 km","Automatique","Dakar"
"1786646780-69","https://www.gaaraas.com/electric_cars?_=1786646200315&button=&listing%5Bbrand_id%5D=&listing%5Bcar_type%5D=1&listing%5Bmaxprice%5D=160000001&listing%5Bminprice%5D=55309&page=97&utf8=%E2%9C%93","https://www.gaaraas.com/fr/vehicle_listings/annonce-bmw-x6-m-dakar-dakar-30650","BMW X6 M","Noir","28 500 000","2018","Automatique","Dakar"
"1786646783-70","https://www.gaaraas.com/electric_cars?_=1786646200315&button=&listing%5Bbrand_id%5D=&listing%5Bcar_type%5D=1&listing%5Bmaxprice%5D=160000001&listing%5Bminprice%5D=55309&page=97&utf8=%E2%9C%93","https://www.gaaraas.com/fr/vehicle_listings/annonce-nissan-qashqai-dakar-dakar-30656","Nissan Qashqai","Blanc","8 300 000","2016","Manuelle","Dakar"
"1786646790-71","https://www.gaaraas.com/electric_cars?_=1786646200315&button=&listing%5Bbrand_id%5D=&listing%5Bcar_type%5D=1&listing%5Bmaxprice%5D=160000001&listing%5Bminprice%5D=55309&page=97&utf8=%E2%9C%93","https://www.gaaraas.com/fr/vehicle_listings/annonce-hyundai-santa-fe-dakar-dakar-30657","Hyundai Santa Fe","Gris","10 950 000","2017","Automatique","Dakar"
"1786646794-72","https://www.gaaraas.com/electric_cars?_=1786646200315&button=&listing%5Bbrand_id%5D=&listing%5Bcar_type%5D=1&listing%5Bmaxprice%5D=160000001&listing%5Bminprice%5D=55309&page=97&utf8=%E2%9C%93","https://www.gaaraas.com/fr/vehicle_listings/annonce-hyundai-santa-fe-dakar-dakar-30659","Hyundai Santa Fe","Autre","13 200 000","2019","Automatique","Dakar"
"1786646798-73","https://www.gaaraas.com/electric_cars?_=1786646200315&button=&listing%5Bbrand_id%5D=&listing%5Bcar_type%5D=1&listing%5Bmaxprice%5D=160000001&listing%5Bminprice%5D=55309&page=97&utf8=%E2%9C%93","https://www.gaaraas.com/fr/vehicle_listings/annonce-ford-escape-dakar-dakar-30671","Ford Escape","Blanc","11 800 000","2021","Automatique","Dakar"
"1786646805-74","https://www.gaaraas.com/electric_cars?_=1786646200315&button=&listing%5Bbrand_id%5D=&listing%5Bcar_type%5D=1&listing%5Bmaxprice%5D=160000001&listing%5Bminprice%5D=55309&page=97&utf8=%E2%9C%93","https://www.gaaraas.com/fr/vehicle_listings/annonce-mercedes-benz-c250-coupe-dakar-dakar-30682","Mercedes-Benz C250 coupe","Gris","4 000 000","2016","Manuelle","Dakar"
"1786646810-75","https://www.gaaraas.com/electric_cars?_=1786646200315&button=&listing%5Bbrand_id%5D=&listing%5Bcar_type%5D=1&listing%5Bmaxprice%5D=160000001&listing%5Bminprice%5D=55309&page=97&utf8=%E2%9C%93","https://www.gaaraas.com/fr/vehicle_listings/annonce-hyundai-sonata-dakar-dakar-30683","Hyundai Sonata","Gris","2 950 000","2013","Automatique","Dakar"
"1786646813-76","https://www.gaaraas.com/electric_cars?_=1786646200315&button=&listing%5Bbrand_id%5D=&listing%5Bcar_type%5D=1&listing%5Bmaxprice%5D=160000001&listing%5Bminprice%5D=55309&page=97&utf8=%E2%9C%93","https://www.gaaraas.com/fr/vehicle_listings/annonce-renault-duster-dakar-dakar-30685","Renault Duster","Blanc","5 800 000","2019","Manuelle","Dakar"
"1786646816-77","https://www.gaaraas.com/electric_cars?_=1786646200315&button=&listing%5Bbrand_id%5D=&listing%5Bcar_type%5D=1&listing%5Bmaxprice%5D=160000001&listing%5Bminprice%5D=55309&page=97&utf8=%E2%9C%93","https://www.gaaraas.com/fr/vehicle_listings/annonce-hyundai-santa-fe-dakar-dakar-30691","Hyundai Santa Fe","Autre","8 000 000","2016","Automatique","Dakar"
"1786646822-78","https://www.gaaraas.com/electric_cars?_=1786646200315&button=&listing%5Bbrand_id%5D=&listing%5Bcar_type%5D=1&listing%5Bmaxprice%5D=160000001&listing%5Bminprice%5D=55309&page=97&utf8=%E2%9C%93","https://www.gaaraas.com/fr/vehicle_listings/annonce-peugeot-3008-dakar-dakar-30694","Peugeot 3008","Autre","15 500 000","2018","Automatique","Dakar"
"1786646826-79","https://www.gaaraas.com/electric_cars?_=1786646200315&button=&listing%5Bbrand_id%5D=&listing%5Bcar_type%5D=1&listing%5Bmaxprice%5D=160000001&listing%5Bminprice%5D=55309&page=97&utf8=%E2%9C%93","https://www.gaaraas.com/fr/vehicle_listings/annonce-ford-fusion-dakar-dakar-30695","Ford Fusion","Noir","4 950 000","2017","Automatique","Dakar"
"1786646828-80","https://www.gaaraas.com/electric_cars?_=1786646200315&button=&listing%5Bbrand_id%5D=&listing%5Bcar_type%5D=1&listing%5Bmaxprice%5D=160000001&listing%5Bminprice%5D=55309&page=97&utf8=%E2%9C%93","https://www.gaaraas.com/fr/vehicle_listings/annonce-hyundai-santa-fe-dakar-dakar-30699","Hyundai Santa Fe","Gris","7 800 000","2017","Automatique","Dakar"
"1786646845-81","https://www.gaaraas.com/electric_cars?_=1786646200315&button=&listing%5Bbrand_id%5D=&listing%5Bcar_type%5D=1&listing%5Bmaxprice%5D=160000001&listing%5Bminprice%5D=55309&page=96&utf8=%E2%9C%93","https://www.gaaraas.com/fr/vehicle_listings/annonce-hyundai-elantra-dakar-dakar-30700","Hyundai Elantra","2014","4 600 000","100 000 km","Automatique","Dakar"
"1786646848-82","https://www.gaaraas.com/electric_cars?_=1786646200315&button=&listing%5Bbrand_id%5D=&listing%5Bcar_type%5D=1&listing%5Bmaxprice%5D=160000001&listing%5Bminprice%5D=55309&page=96&utf8=%E2%9C%93","https://www.gaaraas.com/fr/vehicle_listings/annonce-hyundai-tucson-dakar-dakar-30701","Hyundai Tucson","Blanc","7 500 000","2019","Automatique","Dakar"
"1786646850-83","https://www.gaaraas.com/electric_cars?_=1786646200315&button=&listing%5Bbrand_id%5D=&listing%5Bcar_type%5D=1&listing%5Bmaxprice%5D=160000001&listing%5Bminprice%5D=55309&page=96&utf8=%E2%9C%93","https://www.gaaraas.com/fr/vehicle_listings/annonce-toyota-rush-dakar-dakar-30702","Toyota Rush","2020","8 700 000","17 000 km","Automatique","Dakar"
"1786646853-84","https://www.gaaraas.com/electric_cars?_=1786646200315&button=&listing%5Bbrand_id%5D=&listing%5Bcar_type%5D=1&listing%5Bmaxprice%5D=160000001&listing%5Bminprice%5D=55309&page=96&utf8=%E2%9C%93","https://www.gaaraas.com/fr/vehicle_listings/annonce-ford-ranger-dakar-dakar-30703","Ford Ranger","2020","17 500 000","90 000 km","Automatique","Dakar"
"1786646857-85","https://www.gaaraas.com/electric_cars?_=1786646200315&button=&listing%5Bbrand_id%5D=&listing%5Bcar_type%5D=1&listing%5Bmaxprice%5D=160000001&listing%5Bminprice%5D=55309&page=96&utf8=%E2%9C%93","https://www.gaaraas.com/fr/vehicle_listings/annonce-hyundai-grandeur-dakar-dakar-30705","Hyundai Grandeur","2017","8 300 000","80 000 km","Automatique","Dakar"
"1786646859-86","https://www.gaaraas.com/electric_cars?_=1786646200315&button=&listing%5Bbrand_id%5D=&listing%5Bcar_type%5D=1&listing%5Bmaxprice%5D=160000001&listing%5Bminprice%5D=55309&page=96&utf8=%E2%9C%93","https://www.gaaraas.com/fr/vehicle_listings/annonce-mitsubishi-outlander-dakar-dakar-30706","Mitsubishi Outlander","2017","9 200 000","80 000 km","Automatique","Dakar"
"1786646862-87","https://www.gaaraas.com/electric_cars?_=1786646200315&button=&listing%5Bbrand_id%5D=&listing%5Bcar_type%5D=1&listing%5Bmaxprice%5D=160000001&listing%5Bminprice%5D=55309&page=96&utf8=%E2%9C%93","https://www.gaaraas.com/fr/vehicle_listings/annonce-mercedes-benz-amg-gle-dakar-dakar-30707","Mercedes‒Benz AMG GLE","2020","30 000 000","71 000 km","Automatique","Dakar"
"1786646864-88","https://www.gaaraas.com/electric_cars?_=1786646200315&button=&listing%5Bbrand_id%5D=&listing%5Bcar_type%5D=1&listing%5Bmaxprice%5D=160000001&listing%5Bminprice%5D=55309&page=96&utf8=%E2%9C%93","https://www.gaaraas.com/fr/vehicle_listings/annonce-hyundai-tucson-dakar-dakar-30708","Hyundai Tucson","2022","20 500 000","83 000 km","Automatique","Dakar"
"1786646867-89","https://www.gaaraas.com/electric_cars?_=1786646200315&button=&listing%5Bbrand_id%5D=&listing%5Bcar_type%5D=1&listing%5Bmaxprice%5D=160000001&listing%5Bminprice%5D=55309&page=96&utf8=%E2%9C%93","https://www.gaaraas.com/fr/vehicle_listings/annonce-bmw-x3-dakar-dakar-30709","BMW X3","2018","18 500 000","80 000 km","Automatique","Dakar"
"1786646869-90","https://www.gaaraas.com/electric_cars?_=1786646200315&button=&listing%5Bbrand_id%5D=&listing%5Bcar_type%5D=1&listing%5Bmaxprice%5D=160000001&listing%5Bminprice%5D=55309&page=96&utf8=%E2%9C%93","https://www.gaaraas.com/fr/vehicle_listings/annonce-peugeot-508-dakar-dakar-30712","Peugeot 508","2016","","144 000 km","Automatique","Dakar"
"1786646872-91","https://www.gaaraas.com/electric_cars?_=1786646200315&button=&listing%5Bbrand_id%5D=&listing%5Bcar_type%5D=1&listing%5Bmaxprice%5D=160000001&listing%5Bminprice%5D=55309&page=96&utf8=%E2%9C%93","https://www.gaaraas.com/fr/vehicle_listings/annonce-bmw-x6-dakar-dakar-30718","BMW X6","Blanc","2 950 000","2010","Automatique","Dakar"
"1786646875-92","https://www.gaaraas.com/electric_cars?_=1786646200315&button=&listing%5Bbrand_id%5D=&listing%5Bcar_type%5D=1&listing%5Bmaxprice%5D=160000001&listing%5Bminprice%5D=55309&page=96&utf8=%E2%9C%93","https://www.gaaraas.com/fr/vehicle_listings/annonce-ford-focus-dakar-dakar-30719","Ford Focus","2015","","96 000 km","Automatique","Dakar"
"1786646877-93","https://www.gaaraas.com/electric_cars?_=1786646200315&button=&listing%5Bbrand_id%5D=&listing%5Bcar_type%5D=1&listing%5Bmaxprice%5D=160000001&listing%5Bminprice%5D=55309&page=96&utf8=%E2%9C%93","https://www.gaaraas.com/fr/vehicle_listings/annonce-mercedes-benz-ml-class-dakar-dakar-30720","Mercedes‒Benz ML–Class","Gris","4 500 000","2018","Automatique","Dakar"
"1786646880-94","https://www.gaaraas.com/electric_cars?_=1786646200315&button=&listing%5Bbrand_id%5D=&listing%5Bcar_type%5D=1&listing%5Bmaxprice%5D=160000001&listing%5Bminprice%5D=55309&page=96&utf8=%E2%9C%93","https://www.gaaraas.com/fr/vehicle_listings/annonce-peugeot-308-dakar-dakar-30721","Peugeot 308","Blanc","7 650 000","2016","Manuelle","Dakar"
"1786646882-95","https://www.gaaraas.com/electric_cars?_=1786646200315&button=&listing%5Bbrand_id%5D=&listing%5Bcar_type%5D=1&listing%5Bmaxprice%5D=160000001&listing%5Bminprice%5D=55309&page=96&utf8=%E2%9C%93","https://www.gaaraas.com/fr/vehicle_listings/annonce-ford-edge-dakar-dakar-30723","Ford Edge","Gris","5 950 000","2017","Automatique","Dakar"
"1786646885-96","https://www.gaaraas.com/electric_cars?_=1786646200315&button=&listing%5Bbrand_id%5D=&listing%5Bcar_type%5D=1&listing%5Bmaxprice%5D=160000001&listing%5Bminprice%5D=55309&page=96&utf8=%E2%9C%93","https://www.gaaraas.com/fr/vehicle_listings/annonce-hyundai-elantra-dakar-dakar-30727","Hyundai Elantra","2019","5 800 000","90 000 km","Automatique","Dakar"
"1786646892-97","https://www.gaaraas.com/electric_cars?_=1786646200315&button=&listing%5Bbrand_id%5D=&listing%5Bcar_type%5D=1&listing%5Bmaxprice%5D=160000001&listing%5Bminprice%5D=55309&page=96&utf8=%E2%9C%93","https://www.gaaraas.com/fr/vehicle_listings/annonce-renault-duster-dakar-dakar-30732","Renault Duster","2016","5 000 000","42 500 km","Manuelle","Dakar"
"1786646903-98","https://www.gaaraas.com/electric_cars?_=1786646200315&button=&listing%5Bbrand_id%5D=&listing%5Bcar_type%5D=1&listing%5Bmaxprice%5D=160000001&listing%5Bminprice%5D=55309&page=96&utf8=%E2%9C%93","https://www.gaaraas.com/fr/vehicle_listings/annonce-bmw-x3-dakar-dakar-30748","BMW X3","2020","23 000 000","64 000 km","Automatique","Dakar"
"1786646907-99","https://www.gaaraas.com/electric_cars?_=1786646200315&button=&listing%5Bbrand_id%5D=&listing%5Bcar_type%5D=1&listing%5Bmaxprice%5D=160000001&listing%5Bminprice%5D=55309&page=96&utf8=%E2%9C%93","https://www.gaaraas.com/fr/vehicle_listings/annonce-mitsubishi-asx-dakar-scmz-30749","Mitsubishi ASX","2017","7 500 000","51 000 km","Manuelle","Dakar"
"1786646921-100","https://www.gaaraas.com/electric_cars?_=1786646200315&button=&listing%5Bbrand_id%5D=&listing%5Bcar_type%5D=1&listing%5Bmaxprice%5D=160000001&listing%5Bminprice%5D=55309&page=95&utf8=%E2%9C%93","https://www.gaaraas.com/fr/vehicle_listings/annonce-ford-edge-dakar-dakar-30753","Ford Edge","2012","3 300 000","116 000 km","Automatique","Dakar"
"1786646923-101","https://www.gaaraas.com/electric_cars?_=1786646200315&button=&listing%5Bbrand_id%5D=&listing%5Bcar_type%5D=1&listing%5Bmaxprice%5D=160000001&listing%5Bminprice%5D=55309&page=95&utf8=%E2%9C%93","https://www.gaaraas.com/fr/vehicle_listings/annonce-jeep-patriot-dakar-dakar-30755","Jeep Patriot","2016","5 900 000","163 484 km","Automatique","Dakar"
"1786646927-102","https://www.gaaraas.com/electric_cars?_=1786646200315&button=&listing%5Bbrand_id%5D=&listing%5Bcar_type%5D=1&listing%5Bmaxprice%5D=160000001&listing%5Bminprice%5D=55309&page=95&utf8=%E2%9C%93","https://www.gaaraas.com/fr/vehicle_listings/annonce-bmw-x7-dakar-dakar-30760","BMW X7","Noir","78 000 000","2024","Automatique","Dakar"
"1786646930-103","https://www.gaaraas.com/electric_cars?_=1786646200315&button=&listing%5Bbrand_id%5D=&listing%5Bcar_type%5D=1&listing%5Bmaxprice%5D=160000001&listing%5Bminprice%5D=55309&page=95&utf8=%E2%9C%93","https://www.gaaraas.com/fr/vehicle_listings/annonce-ford-s-max-dakar-dakar-30763","Ford B-MAX","Autre","5 500 000","2017","Manuelle","Dakar"
"1786646932-104","https://www.gaaraas.com/electric_cars?_=1786646200315&button=&listing%5Bbrand_id%5D=&listing%5Bcar_type%5D=1&listing%5Bmaxprice%5D=160000001&listing%5Bminprice%5D=55309&page=95&utf8=%E2%9C%93","https://www.gaaraas.com/fr/vehicle_listings/annonce-kia-sportage-dakar-dakar-30769","Kia Sportage","Blanc","7 800 000","2018","Automatique","Dakar"
"1786646935-105","https://www.gaaraas.com/electric_cars?_=1786646200315&button=&listing%5Bbrand_id%5D=&listing%5Bcar_type%5D=1&listing%5Bmaxprice%5D=160000001&listing%5Bminprice%5D=55309&page=95&utf8=%E2%9C%93","https://www.gaaraas.com/fr/vehicle_listings/annonce-citroen-c-elysee-dakar-dakar-30770","Citroen C-Elysee","2017","3 900 000","72 000 km","Manuelle","Dakar"
"1786646938-106","https://www.gaaraas.com/electric_cars?_=1786646200315&button=&listing%5Bbrand_id%5D=&listing%5Bcar_type%5D=1&listing%5Bmaxprice%5D=160000001&listing%5Bminprice%5D=55309&page=95&utf8=%E2%9C%93","https://www.gaaraas.com/fr/vehicle_listings/annonce-toyota-hilux-dakar-rufisque-30771","Toyota Hilux","2019","","51 189 km","Manuelle","Rufisque"
"1786646944-107","https://www.gaaraas.com/electric_cars?_=1786646200315&button=&listing%5Bbrand_id%5D=&listing%5Bcar_type%5D=1&listing%5Bmaxprice%5D=160000001&listing%5Bminprice%5D=55309&page=95&utf8=%E2%9C%93","https://www.gaaraas.com/fr/vehicle_listings/annonce-ford-escape-dakar-dakar-30772","Ford Escape","2014","4 200 000","100 000 km","Automatique","Dakar"
"1786646949-108","https://www.gaaraas.com/electric_cars?_=1786646200315&button=&listing%5Bbrand_id%5D=&listing%5Bcar_type%5D=1&listing%5Bmaxprice%5D=160000001&listing%5Bminprice%5D=55309&page=95&utf8=%E2%9C%93","https://www.gaaraas.com/fr/vehicle_listings/annonce-porsche-macan-dakar-dakar-30774","Porsche Macan","2017","21 500 000","86 328 km","Automatique","Dakar"
"1786646953-109","https://www.gaaraas.com/electric_cars?_=1786646200315&button=&listing%5Bbrand_id%5D=&listing%5Bcar_type%5D=1&listing%5Bmaxprice%5D=160000001&listing%5Bminprice%5D=55309&page=95&utf8=%E2%9C%93","https://www.gaaraas.com/fr/vehicle_listings/annonce-mazda-cx-3-dakar-dakar-30775","Mazda CX-3","Other","7 200 000","2016","Manuelle","Dakar"
"1786646957-110","https://www.gaaraas.com/electric_cars?_=1786646200315&button=&listing%5Bbrand_id%5D=&listing%5Bcar_type%5D=1&listing%5Bmaxprice%5D=160000001&listing%5Bminprice%5D=55309&page=95&utf8=%E2%9C%93","https://www.gaaraas.com/fr/vehicle_listings/annonce-ford-escape-dakar-dakar-30776","Ford Escape","Blanc","","2013","Automatique","Dakar"
"1786646960-111","https://www.gaaraas.com/electric_cars?_=1786646200315&button=&listing%5Bbrand_id%5D=&listing%5Bcar_type%5D=1&listing%5Bmaxprice%5D=160000001&listing%5Bminprice%5D=55309&page=95&utf8=%E2%9C%93","https://www.gaaraas.com/fr/vehicle_listings/annonce-toyota-rav4-dakar-dakar-30777","Toyota RAV4","2018","8 500 000","120 000 km","Automatique","Dakar"
"1786646965-112","https://www.gaaraas.com/electric_cars?_=1786646200315&button=&listing%5Bbrand_id%5D=&listing%5Bcar_type%5D=1&listing%5Bmaxprice%5D=160000001&listing%5Bminprice%5D=55309&page=95&utf8=%E2%9C%93","https://www.gaaraas.com/fr/vehicle_listings/annonce-toyota-land-cruiser-dakar-dakar-30779","Toyota Land Cruiser","2018","39 500 000","90 000 km","Automatique","Dakar"
"1786646968-113","https://www.gaaraas.com/electric_cars?_=1786646200315&button=&listing%5Bbrand_id%5D=&listing%5Bcar_type%5D=1&listing%5Bmaxprice%5D=160000001&listing%5Bminprice%5D=55309&page=95&utf8=%E2%9C%93","https://www.gaaraas.com/fr/vehicle_listings/annonce-kia-sportage-dakar-dakar-30780","Kia Sportage","Gris","4 450 000","2013","Automatique","Dakar"
"1786646971-114","https://www.gaaraas.com/electric_cars?_=1786646200315&button=&listing%5Bbrand_id%5D=&listing%5Bcar_type%5D=1&listing%5Bmaxprice%5D=160000001&listing%5Bminprice%5D=55309&page=95&utf8=%E2%9C%93","https://www.gaaraas.com/fr/vehicle_listings/annonce-bmw-x5-dakar-dakar-30781","BMW X5","2022","39 500 000","50 000 km","Automatique","Dakar"
"1786646974-115","https://www.gaaraas.com/electric_cars?_=1786646200315&button=&listing%5Bbrand_id%5D=&listing%5Bcar_type%5D=1&listing%5Bmaxprice%5D=160000001&listing%5Bminprice%5D=55309&page=95&utf8=%E2%9C%93","https://www.gaaraas.com/fr/vehicle_listings/annonce-hyundai-santa-fe-dakar-dakar-30782","Hyundai Santa Fe","2018","10 300 000","98 000 km","Automatique","Dakar"
"1786646977-116","https://www.gaaraas.com/electric_cars?_=1786646200315&button=&listing%5Bbrand_id%5D=&listing%5Bcar_type%5D=1&listing%5Bmaxprice%5D=160000001&listing%5Bminprice%5D=55309&page=95&utf8=%E2%9C%93","https://www.gaaraas.com/fr/vehicle_listings/annonce-mazda-cx-8-dakar-dakar-30783","Mazda CX-8","N/A","","120 000 km","Automatique","Dakar"
"1786646979-117","https://www.gaaraas.com/electric_cars?_=1786646200315&button=&listing%5Bbrand_id%5D=&listing%5Bcar_type%5D=1&listing%5Bmaxprice%5D=160000001&listing%5Bminprice%5D=55309&page=95&utf8=%E2%9C%93","https://www.gaaraas.com/fr/vehicle_listings/annonce-chevrolet-equinox-dakar-dakar-30785","Chevrolet Equinox","2016","","117 500 km","Automatique","Dakar"
"1786646982-118","https://www.gaaraas.com/electric_cars?_=1786646200315&button=&listing%5Bbrand_id%5D=&listing%5Bcar_type%5D=1&listing%5Bmaxprice%5D=160000001&listing%5Bminprice%5D=55309&page=95&utf8=%E2%9C%93","https://www.gaaraas.com/fr/vehicle_listings/annonce-ford-edge-dakar-dakar-30786","Ford Edge","Gris","4 950 000","2013","Automatique","Dakar"
"1786646985-119","https://www.gaaraas.com/electric_cars?_=1786646200315&button=&listing%5Bbrand_id%5D=&listing%5Bcar_type%5D=1&listing%5Bmaxprice%5D=160000001&listing%5Bminprice%5D=55309&page=95&utf8=%E2%9C%93","https://www.gaaraas.com/fr/vehicle_listings/annonce-ford-focus-dakar-dakar-30787","Ford Focus","Bleu","2 900 000","N/A","Automatique","Dakar"
"1786646996-120","https://www.gaaraas.com/electric_cars?_=1786646200315&button=&listing%5Bbrand_id%5D=&listing%5Bcar_type%5D=1&listing%5Bmaxprice%5D=160000001&listing%5Bminprice%5D=55309&page=94&utf8=%E2%9C%93","https://www.gaaraas.com/fr/vehicle_listings/annonce-peugeot-406-dakar-dakar-30788","Peugeot 406","Rouge","1 250 000","N/A","Manuelle","Dakar"
"1786646998-121","https://www.gaaraas.com/electric_cars?_=1786646200315&button=&listing%5Bbrand_id%5D=&listing%5Bcar_type%5D=1&listing%5Bmaxprice%5D=160000001&listing%5Bminprice%5D=55309&page=94&utf8=%E2%9C%93","https://www.gaaraas.com/fr/vehicle_listings/annonce-chevrolet-tahoe-dakar-dakar-30789","Chevrolet Tahoe","Red","7 800 000","N/A","Automatique","Dakar"
"1786647006-122","https://www.gaaraas.com/electric_cars?_=1786646200315&button=&listing%5Bbrand_id%5D=&listing%5Bcar_type%5D=1&listing%5Bmaxprice%5D=160000001&listing%5Bminprice%5D=55309&page=94&utf8=%E2%9C%93","https://www.gaaraas.com/fr/vehicle_listings/annonce-nissan-qashqai-dakar-dakar-30790","Nissan Qashqai","Autre","3 700 000","N/A","Automatique","Dakar"
"1786647011-123","https://www.gaaraas.com/electric_cars?_=1786646200315&button=&listing%5Bbrand_id%5D=&listing%5Bcar_type%5D=1&listing%5Bmaxprice%5D=160000001&listing%5Bminprice%5D=55309&page=94&utf8=%E2%9C%93","https://www.gaaraas.com/fr/vehicle_listings/annonce-mitsubishi-pajero-dakar-dakar-30791","Mitsubishi Pajero","Blanc","19 000 000","N/A","Automatique","Dakar"
"1786647016-124","https://www.gaaraas.com/electric_cars?_=1786646200315&button=&listing%5Bbrand_id%5D=&listing%5Bcar_type%5D=1&listing%5Bmaxprice%5D=160000001&listing%5Bminprice%5D=55309&page=94&utf8=%E2%9C%93","https://www.gaaraas.com/fr/vehicle_listings/annonce-hyundai-santa-fe-dakar-dakar-30792","Hyundai Santa Fe","Blanc","10 300 000","N/A","Automatique","Dakar"
"1786647019-125","https://www.gaaraas.com/electric_cars?_=1786646200315&button=&listing%5Bbrand_id%5D=&listing%5Bcar_type%5D=1&listing%5Bmaxprice%5D=160000001&listing%5Bminprice%5D=55309&page=94&utf8=%E2%9C%93","https://www.gaaraas.com/fr/vehicle_listings/annonce-ford-escape-dakar-dakar-30793","Ford Escape","Blanc","4 300 000","N/A","Automatique","Dakar"
"1786647023-126","https://www.gaaraas.com/electric_cars?_=1786646200315&button=&listing%5Bbrand_id%5D=&listing%5Bcar_type%5D=1&listing%5Bmaxprice%5D=160000001&listing%5Bminprice%5D=55309&page=94&utf8=%E2%9C%93","https://www.gaaraas.com/fr/vehicle_listings/annonce-hyundai-elantra-dakar-dakar-30794","Hyundai Elantra","Autre","3 300 000","N/A","Automatique","Dakar"
"1786647025-127","https://www.gaaraas.com/electric_cars?_=1786646200315&button=&listing%5Bbrand_id%5D=&listing%5Bcar_type%5D=1&listing%5Bmaxprice%5D=160000001&listing%5Bminprice%5D=55309&page=94&utf8=%E2%9C%93","https://www.gaaraas.com/fr/vehicle_listings/annonce-audi-q5-dakar-dakar-30795","Audi Q5","Blanc","","N/A","Automatique","Dakar"
"1786647030-128","https://www.gaaraas.com/electric_cars?_=1786646200315&button=&listing%5Bbrand_id%5D=&listing%5Bcar_type%5D=1&listing%5Bmaxprice%5D=160000001&listing%5Bminprice%5D=55309&page=94&utf8=%E2%9C%93","https://www.gaaraas.com/fr/vehicle_listings/annonce-kia-k5-dakar-dakar-30796","Kia K5","Blanc","","N/A","Automatique","Dakar"
"1786647034-129","https://www.gaaraas.com/electric_cars?_=1786646200315&button=&listing%5Bbrand_id%5D=&listing%5Bcar_type%5D=1&listing%5Bmaxprice%5D=160000001&listing%5Bminprice%5D=55309&page=94&utf8=%E2%9C%93","https://www.gaaraas.com/fr/vehicle_listings/annonce-mitsubishi-l200-dakar-dakar-30797","Mitsubishi L200","Autre","6 200 000","N/A","Manuelle","Dakar"
"1786647037-130","https://www.gaaraas.com/electric_cars?_=1786646200315&button=&listing%5Bbrand_id%5D=&listing%5Bcar_type%5D=1&listing%5Bmaxprice%5D=160000001&listing%5Bminprice%5D=55309&page=94&utf8=%E2%9C%93","https://www.gaaraas.com/fr/vehicle_listings/annonce-bmw-x1-dakar-dakar-30798","BMW X1","Autre","10 900 000","N/A","Automatique","Dakar"
"1786647040-131","https://www.gaaraas.com/electric_cars?_=1786646200315&button=&listing%5Bbrand_id%5D=&listing%5Bcar_type%5D=1&listing%5Bmaxprice%5D=160000001&listing%5Bminprice%5D=55309&page=94&utf8=%E2%9C%93","https://www.gaaraas.com/fr/vehicle_listings/annonce-citroen-c3-dakar-dakar-30799","Citroen C3","Autre","3 850 000","N/A","Manuelle","Dakar"
"1786647042-132","https://www.gaaraas.com/electric_cars?_=1786646200315&button=&listing%5Bbrand_id%5D=&listing%5Bcar_type%5D=1&listing%5Bmaxprice%5D=160000001&listing%5Bminprice%5D=55309&page=94&utf8=%E2%9C%93","https://www.gaaraas.com/fr/vehicle_listings/annonce-chevrolet-malibu-dakar-dakar-30800","Chevrolet Malibu","Autre","2 450 000","N/A","Automatique","Dakar"
"1786647052-133","https://www.gaaraas.com/electric_cars?_=1786646200315&button=&listing%5Bbrand_id%5D=&listing%5Bcar_type%5D=1&listing%5Bmaxprice%5D=160000001&listing%5Bminprice%5D=55309&page=94&utf8=%E2%9C%93","https://www.gaaraas.com/fr/vehicle_listings/annonce-toyota-rav4-dakar-dakar-30801","Toyota RAV4","Autre","8 500 000","N/A","Automatique","Dakar"
"1786647057-134","https://www.gaaraas.com/electric_cars?_=1786646200315&button=&listing%5Bbrand_id%5D=&listing%5Bcar_type%5D=1&listing%5Bmaxprice%5D=160000001&listing%5Bminprice%5D=55309&page=94&utf8=%E2%9C%93","https://www.gaaraas.com/fr/vehicle_listings/annonce-ford-ranger-north-america-dakar-dakar-30802","Ford Ranger (North America)","Blanc","11 500 000","N/A","Manuelle","Dakar"
"1786647060-135","https://www.gaaraas.com/electric_cars?_=1786646200315&button=&listing%5Bbrand_id%5D=&listing%5Bcar_type%5D=1&listing%5Bmaxprice%5D=160000001&listing%5Bminprice%5D=55309&page=94&utf8=%E2%9C%93","https://www.gaaraas.com/fr/vehicle_listings/annonce-renault-megane-dakar-dakar-30803","Renault Megane","Bleu","1 950 000","N/A","Manuelle","Dakar"
"1786647062-136","https://www.gaaraas.com/electric_cars?_=1786646200315&button=&listing%5Bbrand_id%5D=&listing%5Bcar_type%5D=1&listing%5Bmaxprice%5D=160000001&listing%5Bminprice%5D=55309&page=94&utf8=%E2%9C%93","https://www.gaaraas.com/fr/vehicle_listings/annonce-chevrolet-equinox-dakar-dakar-30804","Chevrolet Equinox","Autre","1 750 000","N/A","Automatique","Dakar"
"1786647066-137","https://www.gaaraas.com/electric_cars?_=1786646200315&button=&listing%5Bbrand_id%5D=&listing%5Bcar_type%5D=1&listing%5Bmaxprice%5D=160000001&listing%5Bminprice%5D=55309&page=94&utf8=%E2%9C%93","https://www.gaaraas.com/fr/vehicle_listings/annonce-peugeot-308-dakar-dakar-30805","Peugeot 308","Autre","3 700 000","N/A","Manuelle","Dakar"
"1786647068-138","https://www.gaaraas.com/electric_cars?_=1786646200315&button=&listing%5Bbrand_id%5D=&listing%5Bcar_type%5D=1&listing%5Bmaxprice%5D=160000001&listing%5Bminprice%5D=55309&page=94&utf8=%E2%9C%93","https://www.gaaraas.com/fr/vehicle_listings/annonce-ford-focus-dakar-dakar-30806","Ford Focus","Blanc","2 700 000","N/A","Automatique","Dakar"
"1786647077-139","https://www.gaaraas.com/electric_cars?_=1786646200315&button=&listing%5Bbrand_id%5D=&listing%5Bcar_type%5D=1&listing%5Bmaxprice%5D=160000001&listing%5Bminprice%5D=55309&page=94&utf8=%E2%9C%93","https://www.gaaraas.com/fr/vehicle_listings/annonce-kia-sorento-dakar-dakar-30807","Kia Sorento","Red","2 800 000","N/A","Automatique","Dakar"
"1786647107-140","https://www.gaaraas.com/electric_cars?_=1786646200315&button=&listing%5Bbrand_id%5D=&listing%5Bcar_type%5D=1&listing%5Bmaxprice%5D=160000001&listing%5Bminprice%5D=55309&page=93&utf8=%E2%9C%93","https://www.gaaraas.com/fr/vehicle_listings/annonce-chevrolet-malibu-dakar-dakar-30808","Chevrolet Malibu","Autre","2 300 000","N/A","Automatique","Dakar"
"1786647114-141","https://www.gaaraas.com/electric_cars?_=1786646200315&button=&listing%5Bbrand_id%5D=&listing%5Bcar_type%5D=1&listing%5Bmaxprice%5D=160000001&listing%5Bminprice%5D=55309&page=93&utf8=%E2%9C%93","https://www.gaaraas.com/fr/vehicle_listings/annonce-chevrolet-cruze-dakar-dakar-30809","Chevrolet Cruze","Noir","4 950 000","N/A","Automatique","Dakar"
"1786647135-142","https://www.gaaraas.com/electric_cars?_=1786646200315&button=&listing%5Bbrand_id%5D=&listing%5Bcar_type%5D=1&listing%5Bmaxprice%5D=160000001&listing%5Bminprice%5D=55309&page=93&utf8=%E2%9C%93","https://www.gaaraas.com/fr/vehicle_listings/annonce-peugeot-308-dakar-dakar-30810","Peugeot 308","Autre","","2016","Manuelle","Dakar"
"1786647146-143","https://www.gaaraas.com/electric_cars?_=1786646200315&button=&listing%5Bbrand_id%5D=&listing%5Bcar_type%5D=1&listing%5Bmaxprice%5D=160000001&listing%5Bminprice%5D=55309&page=93&utf8=%E2%9C%93","https://www.gaaraas.com/fr/vehicle_listings/annonce-peugeot-208-dakar-dakar-30811","Peugeot 208","Autre","2 400 000","N/A","Manuelle","Dakar"
"1786647154-144","https://www.gaaraas.com/electric_cars?_=1786646200315&button=&listing%5Bbrand_id%5D=&listing%5Bcar_type%5D=1&listing%5Bmaxprice%5D=160000001&listing%5Bminprice%5D=55309&page=93&utf8=%E2%9C%93","https://www.gaaraas.com/fr/vehicle_listings/annonce-hyundai-elantra-dakar-dakar-30812","Hyundai Elantra","Autre","5 300 000","N/A","Automatique","Dakar"
"1786647161-145","https://www.gaaraas.com/electric_cars?_=1786646200315&button=&listing%5Bbrand_id%5D=&listing%5Bcar_type%5D=1&listing%5Bmaxprice%5D=160000001&listing%5Bminprice%5D=55309&page=93&utf8=%E2%9C%93","https://www.gaaraas.com/fr/vehicle_listings/annonce-ford-fusion-dakar-dakar-30813","Ford Fusion","Noir","1 750 000","N/A","Automatique","Dakar"
"1786647164-146","https://www.gaaraas.com/electric_cars?_=1786646200315&button=&listing%5Bbrand_id%5D=&listing%5Bcar_type%5D=1&listing%5Bmaxprice%5D=160000001&listing%5Bminprice%5D=55309&page=93&utf8=%E2%9C%93","https://www.gaaraas.com/fr/vehicle_listings/annonce-peugeot-5008-dakar-dakar-30814","Peugeot 5008","Noir","2 600 000","N/A","Manuelle","Dakar"
"1786647167-147","https://www.gaaraas.com/electric_cars?_=1786646200315&button=&listing%5Bbrand_id%5D=&listing%5Bcar_type%5D=1&listing%5Bmaxprice%5D=160000001&listing%5Bminprice%5D=55309&page=93&utf8=%E2%9C%93","https://www.gaaraas.com/fr/vehicle_listings/annonce-mazda-3-dakar-dakar-30815","Mazda 3","Rouge","6 800 000","N/A","Automatique","Dakar"
"1786647182-148","https://www.gaaraas.com/electric_cars?_=1786646200315&button=&listing%5Bbrand_id%5D=&listing%5Bcar_type%5D=1&listing%5Bmaxprice%5D=160000001&listing%5Bminprice%5D=55309&page=93&utf8=%E2%9C%93","https://www.gaaraas.com/fr/vehicle_listings/annonce-hyundai-elantra-dakar-dakar-30816","Hyundai Elantra","Autre","3 350 000","N/A","Automatique","Dakar"
"1786647188-149","https://www.gaaraas.com/electric_cars?_=1786646200315&button=&listing%5Bbrand_id%5D=&listing%5Bcar_type%5D=1&listing%5Bmaxprice%5D=160000001&listing%5Bminprice%5D=55309&page=93&utf8=%E2%9C%93","https://www.gaaraas.com/fr/vehicle_listings/annonce-jeep-patriot-dakar-dakar-30817","Jeep Patriot","2016","5 900 000","163 484 km","Automatique","Dakar"
"1786647192-150","https://www.gaaraas.com/electric_cars?_=1786646200315&button=&listing%5Bbrand_id%5D=&listing%5Bcar_type%5D=1&listing%5Bmaxprice%5D=160000001&listing%5Bminprice%5D=55309&page=93&utf8=%E2%9C%93","https://www.gaaraas.com/fr/vehicle_listings/annonce-mitsubishi-montero-sport-dakar-dakar-30820","Mitsubishi Montero Sport","2020","","55 000 km","Automatique","Dakar"
"1786647203-151","https://www.gaaraas.com/electric_cars?_=1786646200315&button=&listing%5Bbrand_id%5D=&listing%5Bcar_type%5D=1&listing%5Bmaxprice%5D=160000001&listing%5Bminprice%5D=55309&page=93&utf8=%E2%9C%93","https://www.gaaraas.com/fr/vehicle_listings/annonce-suzuki-fronx-dakar-dakar-30836","Suzuki Fronx","Gris","15 500 000","2025","Automatique","Dakar"
"1786647206-152","https://www.gaaraas.com/electric_cars?_=1786646200315&button=&listing%5Bbrand_id%5D=&listing%5Bcar_type%5D=1&listing%5Bmaxprice%5D=160000001&listing%5Bminprice%5D=55309&page=93&utf8=%E2%9C%93","https://www.gaaraas.com/fr/vehicle_listings/annonce-bmw-x1-dakar-dakar-30837","BMW X1","2018","","37 635 km","Automatique","Dakar"
"1786647210-153","https://www.gaaraas.com/electric_cars?_=1786646200315&button=&listing%5Bbrand_id%5D=&listing%5Bcar_type%5D=1&listing%5Bmaxprice%5D=160000001&listing%5Bminprice%5D=55309&page=93&utf8=%E2%9C%93","https://www.gaaraas.com/fr/vehicle_listings/annonce-foton-sauvana-dakar-dakar-30838","Foton Sauvana","2021","","45 000 km","Manuelle","Dakar"
"1786647219-154","https://www.gaaraas.com/electric_cars?_=1786646200315&button=&listing%5Bbrand_id%5D=&listing%5Bcar_type%5D=1&listing%5Bmaxprice%5D=160000001&listing%5Bminprice%5D=55309&page=93&utf8=%E2%9C%93","https://www.gaaraas.com/fr/vehicle_listings/annonce-toyota-hiace-dakar-dakar-30839","Toyota Hiace","2015","","110 000 km","Automatique","Dakar"
"1786647225-155","https://www.gaaraas.com/electric_cars?_=1786646200315&button=&listing%5Bbrand_id%5D=&listing%5Bcar_type%5D=1&listing%5Bmaxprice%5D=160000001&listing%5Bminprice%5D=55309&page=93&utf8=%E2%9C%93","https://www.gaaraas.com/fr/vehicle_listings/annonce-ford-focus-dakar-dakar-30840","Ford Focus","2015","","120 000 km","Automatique","Dakar"
"1786647229-156","https://www.gaaraas.com/electric_cars?_=1786646200315&button=&listing%5Bbrand_id%5D=&listing%5Bcar_type%5D=1&listing%5Bmaxprice%5D=160000001&listing%5Bminprice%5D=55309&page=93&utf8=%E2%9C%93","https://www.gaaraas.com/fr/vehicle_listings/annonce-hyundai-elantra-dakar-dakar-30841","Hyundai Elantra","Rouge","5 500 000","2017","Automatique","Dakar"
"1786647263-157","https://www.gaaraas.com/electric_cars?_=1786646200315&button=&listing%5Bbrand_id%5D=&listing%5Bcar_type%5D=1&listing%5Bmaxprice%5D=160000001&listing%5Bminprice%5D=55309&page=92&utf8=%E2%9C%93","https://www.gaaraas.com/fr/vehicle_listings/annonce-kia-carnival-dakar-dakar-30842","Kia Carnival","Blanc","","N/A","Automatique","Dakar"
"1786647265-158","https://www.gaaraas.com/electric_cars?_=1786646200315&button=&listing%5Bbrand_id%5D=&listing%5Bcar_type%5D=1&listing%5Bmaxprice%5D=160000001&listing%5Bminprice%5D=55309&page=92&utf8=%E2%9C%93","https://www.gaaraas.com/fr/vehicle_listings/annonce-kia-carnival-dakar-dakar-30843","Kia Carnival","Blanc","","N/A","Automatique","Dakar"
"1786647269-159","https://www.gaaraas.com/electric_cars?_=1786646200315&button=&listing%5Bbrand_id%5D=&listing%5Bcar_type%5D=1&listing%5Bmaxprice%5D=160000001&listing%5Bminprice%5D=55309&page=92&utf8=%E2%9C%93","https://www.gaaraas.com/fr/vehicle_listings/annonce-ford-escape-dakar-dakar-30844","Ford Escape","Autre","3 550 000","2013","Automatique","Dakar"
"1786647272-160","https://www.gaaraas.com/electric_cars?_=1786646200315&button=&listing%5Bbrand_id%5D=&listing%5Bcar_type%5D=1&listing%5Bmaxprice%5D=160000001&listing%5Bminprice%5D=55309&page=92&utf8=%E2%9C%93","https://www.gaaraas.com/fr/vehicle_listings/annonce-ford-escape-dakar-dakar-30845","Ford Escape","Noir","2 950 000","2012","Automatique","Dakar"
"1786647279-161","https://www.gaaraas.com/electric_cars?_=1786646200315&button=&listing%5Bbrand_id%5D=&listing%5Bcar_type%5D=1&listing%5Bmaxprice%5D=160000001&listing%5Bminprice%5D=55309&page=92&utf8=%E2%9C%93","https://www.gaaraas.com/fr/vehicle_listings/annonce-toyota-prado-dakar-dakar-30858","Toyota Prado","2015","14 500 000","100 000 km","Automatique","Dakar"
"1786647288-162","https://www.gaaraas.com/electric_cars?_=1786646200315&button=&listing%5Bbrand_id%5D=&listing%5Bcar_type%5D=1&listing%5Bmaxprice%5D=160000001&listing%5Bminprice%5D=55309&page=92&utf8=%E2%9C%93","https://www.gaaraas.com/fr/vehicle_listings/annonce-mitsubishi-l200-dakar-dakar-30859","Mitsubishi L200","Gris","9 300 000","2019","Manuelle","Dakar"
"1786647292-163","https://www.gaaraas.com/electric_cars?_=1786646200315&button=&listing%5Bbrand_id%5D=&listing%5Bcar_type%5D=1&listing%5Bmaxprice%5D=160000001&listing%5Bminprice%5D=55309&page=92&utf8=%E2%9C%93","https://www.gaaraas.com/fr/vehicle_listings/annonce-toyota-prado-dakar-dakar-30860","Toyota Prado","2020","38 000 000","50 000 km","Automatique","Dakar"
"1786647294-164","https://www.gaaraas.com/electric_cars?_=1786646200315&button=&listing%5Bbrand_id%5D=&listing%5Bcar_type%5D=1&listing%5Bmaxprice%5D=160000001&listing%5Bminprice%5D=55309&page=92&utf8=%E2%9C%93","https://www.gaaraas.com/fr/vehicle_listings/annonce-mitsubishi-rvr-dakar-dakar-30861","Mitsubishi RVR","Gris","4 850 000","2015","Automatique","Dakar"
"1786647299-165","https://www.gaaraas.com/electric_cars?_=1786646200315&button=&listing%5Bbrand_id%5D=&listing%5Bcar_type%5D=1&listing%5Bmaxprice%5D=160000001&listing%5Bminprice%5D=55309&page=92&utf8=%E2%9C%93","https://www.gaaraas.com/fr/vehicle_listings/annonce-mitsubishi-rvr-dakar-dakar-30862","Mitsubishi RVR","Gris","4 850 000","2015","Automatique","Dakar"
"1786647302-166","https://www.gaaraas.com/electric_cars?_=1786646200315&button=&listing%5Bbrand_id%5D=&listing%5Bcar_type%5D=1&listing%5Bmaxprice%5D=160000001&listing%5Bminprice%5D=55309&page=92&utf8=%E2%9C%93","https://www.gaaraas.com/fr/vehicle_listings/annonce-mitsubishi-rvr-dakar-dakar-30863","Mitsubishi RVR","Other","9 999 999","2018","Automatique","Dakar"
"1786647304-167","https://www.gaaraas.com/electric_cars?_=1786646200315&button=&listing%5Bbrand_id%5D=&listing%5Bcar_type%5D=1&listing%5Bmaxprice%5D=160000001&listing%5Bminprice%5D=55309&page=92&utf8=%E2%9C%93","https://www.gaaraas.com/fr/vehicle_listings/annonce-nissan-qashqai-dakar-dakar-30864","Nissan Qashqai","Blanc","9 500 000","2017","Automatique","Dakar"
"1786647307-168","https://www.gaaraas.com/electric_cars?_=1786646200315&button=&listing%5Bbrand_id%5D=&listing%5Bcar_type%5D=1&listing%5Bmaxprice%5D=160000001&listing%5Bminprice%5D=55309&page=92&utf8=%E2%9C%93","https://www.gaaraas.com/fr/vehicle_listings/annonce-renault-samsung-qm3-dakar-dakar-30867","Renault Samsung Qm3","Autre","6 900 000","2016","Automatique","Dakar"
"1786647311-169","https://www.gaaraas.com/electric_cars?_=1786646200315&button=&listing%5Bbrand_id%5D=&listing%5Bcar_type%5D=1&listing%5Bmaxprice%5D=160000001&listing%5Bminprice%5D=55309&page=92&utf8=%E2%9C%93","https://www.gaaraas.com/fr/vehicle_listings/annonce-renault-samsung-qm3-dakar-dakar-30868","Renault Samsung Qm3","Autre","6 900 000","2016","Automatique","Dakar"
"1786647315-170","https://www.gaaraas.com/electric_cars?_=1786646200315&button=&listing%5Bbrand_id%5D=&listing%5Bcar_type%5D=1&listing%5Bmaxprice%5D=160000001&listing%5Bminprice%5D=55309&page=92&utf8=%E2%9C%93","https://www.gaaraas.com/fr/vehicle_listings/annonce-toyota-rav-4-dakar-scmz-30881","Toyota Rav 4","2020","13 000 000","88 000 km","Automatique","Dakar"
"1786647318-171","https://www.gaaraas.com/electric_cars?_=1786646200315&button=&listing%5Bbrand_id%5D=&listing%5Bcar_type%5D=1&listing%5Bmaxprice%5D=160000001&listing%5Bminprice%5D=55309&page=92&utf8=%E2%9C%93","https://www.gaaraas.com/fr/vehicle_listings/annonce-toyota-rav-4-dakar-dakar-30883","Toyota Rav 4","2020","15 000 000","88 000 km","Automatique","Dakar"
"1786647323-172","https://www.gaaraas.com/electric_cars?_=1786646200315&button=&listing%5Bbrand_id%5D=&listing%5Bcar_type%5D=1&listing%5Bmaxprice%5D=160000001&listing%5Bminprice%5D=55309&page=92&utf8=%E2%9C%93","https://www.gaaraas.com/fr/vehicle_listings/annonce-hyundai-elantra-dakar-dakar-30886","Hyundai Elantra","Blanc","4 700 000","2016","Automatique","Dakar"
"1786647326-173","https://www.gaaraas.com/electric_cars?_=1786646200315&button=&listing%5Bbrand_id%5D=&listing%5Bcar_type%5D=1&listing%5Bmaxprice%5D=160000001&listing%5Bminprice%5D=55309&page=92&utf8=%E2%9C%93","https://www.gaaraas.com/fr/vehicle_listings/annonce-ford-fusion-dakar-dakar-30888","Ford Fusion","Marron","5 950 000","2017","Automatique","Dakar"
"1786647330-174","https://www.gaaraas.com/electric_cars?_=1786646200315&button=&listing%5Bbrand_id%5D=&listing%5Bcar_type%5D=1&listing%5Bmaxprice%5D=160000001&listing%5Bminprice%5D=55309&page=92&utf8=%E2%9C%93","https://www.gaaraas.com/fr/vehicle_listings/annonce-bmw-x6-dakar-dakar-30892","BMW X6","Blanc","2 500 000","2010","Automatique","Dakar"
"1786647333-175","https://www.gaaraas.com/electric_cars?_=1786646200315&button=&listing%5Bbrand_id%5D=&listing%5Bcar_type%5D=1&listing%5Bmaxprice%5D=160000001&listing%5Bminprice%5D=55309&page=92&utf8=%E2%9C%93","https://www.gaaraas.com/fr/vehicle_listings/annonce-toyota-hilux-dakar-dakar-30893","Toyota Hilux","Blanc","9 000 000","2015","Manuelle","Dakar"
"1786647348-176","https://www.gaaraas.com/electric_cars?_=1786646200315&button=&listing%5Bbrand_id%5D=&listing%5Bcar_type%5D=1&listing%5Bmaxprice%5D=160000001&listing%5Bminprice%5D=55309&page=91&utf8=%E2%9C%93","https://www.gaaraas.com/fr/vehicle_listings/annonce-bmw-x1-dakar-dakar-30894","BMW X1","Noir","6 500 000","2017","Automatique","Dakar"
"1786647351-177","https://www.gaaraas.com/electric_cars?_=1786646200315&button=&listing%5Bbrand_id%5D=&listing%5Bcar_type%5D=1&listing%5Bmaxprice%5D=160000001&listing%5Bminprice%5D=55309&page=91&utf8=%E2%9C%93","https://www.gaaraas.com/fr/vehicle_listings/annonce-ford-edge-dakar-dakar-30895","Ford Edge","Noir","5 950 000","2017","Automatique","Dakar"
"1786647354-178","https://www.gaaraas.com/electric_cars?_=1786646200315&button=&listing%5Bbrand_id%5D=&listing%5Bcar_type%5D=1&listing%5Bmaxprice%5D=160000001&listing%5Bminprice%5D=55309&page=91&utf8=%E2%9C%93","https://www.gaaraas.com/fr/vehicle_listings/annonce-opel-vectra-dakar-dakar-30897","Opel Vectra","Gris","2 100 000","2010","Manuelle","Dakar"
"1786647357-179","https://www.gaaraas.com/electric_cars?_=1786646200315&button=&listing%5Bbrand_id%5D=&listing%5Bcar_type%5D=1&listing%5Bmaxprice%5D=160000001&listing%5Bminprice%5D=55309&page=91&utf8=%E2%9C%93","https://www.gaaraas.com/fr/vehicle_listings/annonce-hyundai-sonata-dakar-dakar-30899","Hyundai Sonata","Gris","6 200 000","2019","Automatique","Dakar"
"1786647361-180","https://www.gaaraas.com/electric_cars?_=1786646200315&button=&listing%5Bbrand_id%5D=&listing%5Bcar_type%5D=1&listing%5Bmaxprice%5D=160000001&listing%5Bminprice%5D=55309&page=91&utf8=%E2%9C%93","https://www.gaaraas.com/fr/vehicle_listings/annonce-bmw-x3-dakar-dakar-30900","BMW X3","Bleu","7 400 000","2014","Automatique","Dakar"
"1786647365-181","https://www.gaaraas.com/electric_cars?_=1786646200315&button=&listing%5Bbrand_id%5D=&listing%5Bcar_type%5D=1&listing%5Bmaxprice%5D=160000001&listing%5Bminprice%5D=55309&page=91&utf8=%E2%9C%93","https://www.gaaraas.com/fr/vehicle_listings/annonce-ford-fusion-dakar-dakar-30915","Ford Fusion","Brown","4 100 000","2014","Automatique","Dakar"
"1786647371-182","https://www.gaaraas.com/electric_cars?_=1786646200315&button=&listing%5Bbrand_id%5D=&listing%5Bcar_type%5D=1&listing%5Bmaxprice%5D=160000001&listing%5Bminprice%5D=55309&page=91&utf8=%E2%9C%93","https://www.gaaraas.com/fr/vehicle_listings/annonce-mercedes-benz-amg-gle-coupe-dakar-dakar-30918","Mercedes‒Benz AMG GLE Coupe","Noir","95 000 000","2025","Automatique","Dakar"
"1786647374-183","https://www.gaaraas.com/electric_cars?_=1786646200315&button=&listing%5Bbrand_id%5D=&listing%5Bcar_type%5D=1&listing%5Bmaxprice%5D=160000001&listing%5Bminprice%5D=55309&page=91&utf8=%E2%9C%93","https://www.gaaraas.com/fr/vehicle_listings/annonce-bmw-x5-dakar-dakar-30920","BMW X5","Gris","15 900 000","2017","Automatique","Dakar"
"1786647376-184","https://www.gaaraas.com/electric_cars?_=1786646200315&button=&listing%5Bbrand_id%5D=&listing%5Bcar_type%5D=1&listing%5Bmaxprice%5D=160000001&listing%5Bminprice%5D=55309&page=91&utf8=%E2%9C%93","https://www.gaaraas.com/fr/vehicle_listings/annonce-mitsubishi-l200-dakar-dakar-30921","Mitsubishi L200","Blanc","23 000 000","2021","Manuelle","Dakar"
"1786647379-185","https://www.gaaraas.com/electric_cars?_=1786646200315&button=&listing%5Bbrand_id%5D=&listing%5Bcar_type%5D=1&listing%5Bmaxprice%5D=160000001&listing%5Bminprice%5D=55309&page=91&utf8=%E2%9C%93","https://www.gaaraas.com/fr/vehicle_listings/annonce-mazda-cx-3-dakar-dakar-30922","Mazda CX-3","Gris","6 800 000","2016","Automatique","Dakar"
"1786647382-186","https://www.gaaraas.com/electric_cars?_=1786646200315&button=&listing%5Bbrand_id%5D=&listing%5Bcar_type%5D=1&listing%5Bmaxprice%5D=160000001&listing%5Bminprice%5D=55309&page=91&utf8=%E2%9C%93","https://www.gaaraas.com/fr/vehicle_listings/annonce-toyota-rav4-dakar-dakar-30926","Toyota RAV4","2014","7 500 000","120 000 km","Manuelle","Dakar"
"1786647385-187","https://www.gaaraas.com/electric_cars?_=1786646200315&button=&listing%5Bbrand_id%5D=&listing%5Bcar_type%5D=1&listing%5Bmaxprice%5D=160000001&listing%5Bminprice%5D=55309&page=91&utf8=%E2%9C%93","https://www.gaaraas.com/fr/vehicle_listings/annonce-nissan-qashqai-dakar-dakar-30934","Nissan Qashqai","2019","8 900 000","100 000 km","Manuelle","Dakar"
"1786647402-188","https://www.gaaraas.com/electric_cars?_=1786646200315&button=&listing%5Bbrand_id%5D=&listing%5Bcar_type%5D=1&listing%5Bmaxprice%5D=160000001&listing%5Bminprice%5D=55309&page=91&utf8=%E2%9C%93","https://www.gaaraas.com/fr/vehicle_listings/annonce-nissan-qashqai-dakar-dakar-30938","Nissan Qashqai","2017","6 800 000","100 000 km","Automatique","Dakar"
"1786647407-189","https://www.gaaraas.com/electric_cars?_=1786646200315&button=&listing%5Bbrand_id%5D=&listing%5Bcar_type%5D=1&listing%5Bmaxprice%5D=160000001&listing%5Bminprice%5D=55309&page=91&utf8=%E2%9C%93","https://www.gaaraas.com/fr/vehicle_listings/annonce-kia-sportage-dakar-dakar-30942","Kia Sportage","Bleu","7 950 000","2019","Automatique","Dakar"
"1786647411-190","https://www.gaaraas.com/electric_cars?_=1786646200315&button=&listing%5Bbrand_id%5D=&listing%5Bcar_type%5D=1&listing%5Bmaxprice%5D=160000001&listing%5Bminprice%5D=55309&page=91&utf8=%E2%9C%93","https://www.gaaraas.com/fr/vehicle_listings/annonce-bmw-x5-m-dakar-dakar-30943","BMW X5 M","2016","11 500 000","120 000 km","Automatique","Dakar"
"1786647414-191","https://www.gaaraas.com/electric_cars?_=1786646200315&button=&listing%5Bbrand_id%5D=&listing%5Bcar_type%5D=1&listing%5Bmaxprice%5D=160000001&listing%5Bminprice%5D=55309&page=91&utf8=%E2%9C%93","https://www.gaaraas.com/fr/vehicle_listings/annonce-citroen-c4-cactus-dakar-dakar-30946","Citroen C4 cactus","2019","","44 000 km","Automatique","Dakar"
"1786647423-192","https://www.gaaraas.com/electric_cars?_=1786646200315&button=&listing%5Bbrand_id%5D=&listing%5Bcar_type%5D=1&listing%5Bmaxprice%5D=160000001&listing%5Bminprice%5D=55309&page=91&utf8=%E2%9C%93","https://www.gaaraas.com/fr/vehicle_listings/annonce-land-rover-range-rover-velar-dakar-dakar-30947","Land Rover Range Rover Velar","2019","30 000 000","44 800 km","Automatique","Dakar"
"1786647432-193","https://www.gaaraas.com/electric_cars?_=1786646200315&button=&listing%5Bbrand_id%5D=&listing%5Bcar_type%5D=1&listing%5Bmaxprice%5D=160000001&listing%5Bminprice%5D=55309&page=91&utf8=%E2%9C%93","https://www.gaaraas.com/fr/vehicle_listings/annonce-kia-sorento-dakar-dakar-30948","Kia Sorento","2019","9 800 000","80 000 km","Automatique","Dakar"
"1786647435-194","https://www.gaaraas.com/electric_cars?_=1786646200315&button=&listing%5Bbrand_id%5D=&listing%5Bcar_type%5D=1&listing%5Bmaxprice%5D=160000001&listing%5Bminprice%5D=55309&page=91&utf8=%E2%9C%93","https://www.gaaraas.com/fr/vehicle_listings/annonce-citroen-c4-dakar-dakar-30949","Citroen C4","2019","6 000 000","44 000 km","Automatique","Dakar"
"1786647439-195","https://www.gaaraas.com/electric_cars?_=1786646200315&button=&listing%5Bbrand_id%5D=&listing%5Bcar_type%5D=1&listing%5Bmaxprice%5D=160000001&listing%5Bminprice%5D=55309&page=91&utf8=%E2%9C%93","https://www.gaaraas.com/fr/vehicle_listings/annonce-citroen-c4-dakar-dakar-30950","Citroen C4","2019","5 900 000","60 000 km","Automatique","Dakar"
"1786647445-196","https://www.gaaraas.com/electric_cars?_=1786646200315&button=&listing%5Bbrand_id%5D=&listing%5Bcar_type%5D=1&listing%5Bmaxprice%5D=160000001&listing%5Bminprice%5D=55309&page=90&utf8=%E2%9C%93","https://www.gaaraas.com/fr/vehicle_listings/annonce-range-rover-range-rover-dakar-dakar-30951","Range Rover Range Rover","2018","28 000 000","60 000 km","Automatique","Dakar"
"1786647449-197","https://www.gaaraas.com/electric_cars?_=1786646200315&button=&listing%5Bbrand_id%5D=&listing%5Bcar_type%5D=1&listing%5Bmaxprice%5D=160000001&listing%5Bminprice%5D=55309&page=90&utf8=%E2%9C%93","https://www.gaaraas.com/fr/vehicle_listings/annonce-ford-escape-dakar-dakar-30952","Ford Escape","2014","3 800 000","99 586 km","Automatique","Dakar"
"1786647452-198","https://www.gaaraas.com/electric_cars?_=1786646200315&button=&listing%5Bbrand_id%5D=&listing%5Bcar_type%5D=1&listing%5Bmaxprice%5D=160000001&listing%5Bminprice%5D=55309&page=90&utf8=%E2%9C%93","https://www.gaaraas.com/fr/vehicle_listings/annonce-peugeot-3008-dakar-dakar-30953","Peugeot 3008","2017","8 200 000","99 586 km","Manuelle","Dakar"
"1786647456-199","https://www.gaaraas.com/electric_cars?_=1786646200315&button=&listing%5Bbrand_id%5D=&listing%5Bcar_type%5D=1&listing%5Bmaxprice%5D=160000001&listing%5Bminprice%5D=55309&page=90&utf8=%E2%9C%93","https://www.gaaraas.com/fr/vehicle_listings/annonce-ford-explorer-dakar-dakar-30954","Ford Explorer","2016","4 900 000","80 000 km","Automatique","Dakar"
"1786647460-200","https://www.gaaraas.com/electric_cars?_=1786646200315&button=&listing%5Bbrand_id%5D=&listing%5Bcar_type%5D=1&listing%5Bmaxprice%5D=160000001&listing%5Bminprice%5D=55309&page=90&utf8=%E2%9C%93","https://www.gaaraas.com/fr/vehicle_listings/annonce-citroen-c3-dakar-dakar-30955","Citroen C3","2016","3 900 000","180 000 km","Manuelle","Dakar"
"1786647464-201","https://www.gaaraas.com/electric_cars?_=1786646200315&button=&listing%5Bbrand_id%5D=&listing%5Bcar_type%5D=1&listing%5Bmaxprice%5D=160000001&listing%5Bminprice%5D=55309&page=90&utf8=%E2%9C%93","https://www.gaaraas.com/fr/vehicle_listings/annonce-toyota-corolla-dakar-dakar-30956","Toyota Corolla","2017","7 700 000","99 586 km","Automatique","Dakar"
"1786647467-202","https://www.gaaraas.com/electric_cars?_=1786646200315&button=&listing%5Bbrand_id%5D=&listing%5Bcar_type%5D=1&listing%5Bmaxprice%5D=160000001&listing%5Bminprice%5D=55309&page=90&utf8=%E2%9C%93","https://www.gaaraas.com/fr/vehicle_listings/annonce-mitsubishi-outlander-dakar-dakar-30957","Mitsubishi Outlander","2017","6 900 000","77 458 km","Automatique","Dakar"
"1786647471-203","https://www.gaaraas.com/electric_cars?_=1786646200315&button=&listing%5Bbrand_id%5D=&listing%5Bcar_type%5D=1&listing%5Bmaxprice%5D=160000001&listing%5Bminprice%5D=55309&page=90&utf8=%E2%9C%93","https://www.gaaraas.com/fr/vehicle_listings/annonce-renault-clio-dakar-dakar-30958","Renault Clio","2021","6 900 000","100 000 km","Manuelle","Dakar"
"1786647476-204","https://www.gaaraas.com/electric_cars?_=1786646200315&button=&listing%5Bbrand_id%5D=&listing%5Bcar_type%5D=1&listing%5Bmaxprice%5D=160000001&listing%5Bminprice%5D=55309&page=90&utf8=%E2%9C%93","https://www.gaaraas.com/fr/vehicle_listings/annonce-mazda-cx-3-dakar-dakar-30959","Mazda CX-3","2018","6 500 000","99 000 km","Automatique","Dakar"
"1786647481-205","https://www.gaaraas.com/electric_cars?_=1786646200315&button=&listing%5Bbrand_id%5D=&listing%5Bcar_type%5D=1&listing%5Bmaxprice%5D=160000001&listing%5Bminprice%5D=55309&page=90&utf8=%E2%9C%93","https://www.gaaraas.com/fr/vehicle_listings/annonce-hyundai-tucson-dakar-dakar-30960","Hyundai Tucson","2013","3 900 000","99 586 km","Manuelle","Dakar"
"1786647484-206","https://www.gaaraas.com/electric_cars?_=1786646200315&button=&listing%5Bbrand_id%5D=&listing%5Bcar_type%5D=1&listing%5Bmaxprice%5D=160000001&listing%5Bminprice%5D=55309&page=90&utf8=%E2%9C%93","https://www.gaaraas.com/fr/vehicle_listings/annonce-kia-morning-dakar-dakar-30961","Kia Morning","2015","3 800 000","60 000 km","Automatique","Dakar"
"1786647506-207","https://www.gaaraas.com/electric_cars?_=1786646200315&button=&listing%5Bbrand_id%5D=&listing%5Bcar_type%5D=1&listing%5Bmaxprice%5D=160000001&listing%5Bminprice%5D=55309&page=90&utf8=%E2%9C%93","https://www.gaaraas.com/fr/vehicle_listings/annonce-citroen-ds4-dakar-dakar-30962","Citroen DS4","2015","5 700 000","145 000 km","Manuelle","Dakar"
"1786647516-208","https://www.gaaraas.com/electric_cars?_=1786646200315&button=&listing%5Bbrand_id%5D=&listing%5Bcar_type%5D=1&listing%5Bmaxprice%5D=160000001&listing%5Bminprice%5D=55309&page=90&utf8=%E2%9C%93","https://www.gaaraas.com/fr/vehicle_listings/annonce-hyundai-elantra-dakar-dakar-30963","Hyundai Elantra","2014","5 300 000","60 000 km","Automatique","Dakar"
"1786647524-209","https://www.gaaraas.com/electric_cars?_=1786646200315&button=&listing%5Bbrand_id%5D=&listing%5Bcar_type%5D=1&listing%5Bmaxprice%5D=160000001&listing%5Bminprice%5D=55309&page=90&utf8=%E2%9C%93","https://www.gaaraas.com/fr/vehicle_listings/annonce-renault-scenic-dakar-dakar-30964","Renault Scenic","2017","6 800 000","88 589 km","Automatique","Dakar"
"1786647529-210","https://www.gaaraas.com/electric_cars?_=1786646200315&button=&listing%5Bbrand_id%5D=&listing%5Bcar_type%5D=1&listing%5Bmaxprice%5D=160000001&listing%5Bminprice%5D=55309&page=90&utf8=%E2%9C%93","https://www.gaaraas.com/fr/vehicle_listings/annonce-peugeot-3008-dakar-dakar-30965","Peugeot 3008","2015","4 800 000","89 586 km","Manuelle","Dakar"
"1786647533-211","https://www.gaaraas.com/electric_cars?_=1786646200315&button=&listing%5Bbrand_id%5D=&listing%5Bcar_type%5D=1&listing%5Bmaxprice%5D=160000001&listing%5Bminprice%5D=55309&page=90&utf8=%E2%9C%93","https://www.gaaraas.com/fr/vehicle_listings/annonce-mitsubishi-eclipse-cross-dakar-dakar-30966","Mitsubishi Eclipse Cross","2021","11 500 000","55 689 km","Automatique","Dakar"
"1786647537-212","https://www.gaaraas.com/electric_cars?_=1786646200315&button=&listing%5Bbrand_id%5D=&listing%5Bcar_type%5D=1&listing%5Bmaxprice%5D=160000001&listing%5Bminprice%5D=55309&page=90&utf8=%E2%9C%93","https://www.gaaraas.com/fr/vehicle_listings/annonce-volkswagen-amarok-dakar-dakar-30967","Volkswagen Amarok","2021","26 000 000","100 000 km","Automatique","Dakar"
"1786647540-213","https://www.gaaraas.com/electric_cars?_=1786646200315&button=&listing%5Bbrand_id%5D=&listing%5Bcar_type%5D=1&listing%5Bmaxprice%5D=160000001&listing%5Bminprice%5D=55309&page=90&utf8=%E2%9C%93","https://www.gaaraas.com/fr/vehicle_listings/annonce-citroen-c4-dakar-dakar-30968","Citroen C4","2014","3 700 000","99 586 km","Automatique","Dakar"
"1786647545-214","https://www.gaaraas.com/electric_cars?_=1786646200315&button=&listing%5Bbrand_id%5D=&listing%5Bcar_type%5D=1&listing%5Bmaxprice%5D=160000001&listing%5Bminprice%5D=55309&page=90&utf8=%E2%9C%93","https://www.gaaraas.com/fr/vehicle_listings/annonce-ford-escape-dakar-dakar-30969","Ford Escape","2014","2 900 000","65 898 km","Automatique","Dakar"
"1786647549-215","https://www.gaaraas.com/electric_cars?_=1786646200315&button=&listing%5Bbrand_id%5D=&listing%5Bcar_type%5D=1&listing%5Bmaxprice%5D=160000001&listing%5Bminprice%5D=55309&page=90&utf8=%E2%9C%93","https://www.gaaraas.com/fr/vehicle_listings/annonce-mitsubishi-montero-dakar-dakar-30970","Mitsubishi Montero","2019","17 000 000","99 586 km","Automatique","Dakar"
"1786647562-216","https://www.gaaraas.com/electric_cars?_=1786646200315&button=&listing%5Bbrand_id%5D=&listing%5Bcar_type%5D=1&listing%5Bmaxprice%5D=160000001&listing%5Bminprice%5D=55309&page=89&utf8=%E2%9C%93","https://www.gaaraas.com/fr/vehicle_listings/annonce-hyundai-accent-dakar-dakar-30971","Hyundai Accent","2018","6 800 000","67 000 km","Automatique","Dakar"
"1786647566-217","https://www.gaaraas.com/electric_cars?_=1786646200315&button=&listing%5Bbrand_id%5D=&listing%5Bcar_type%5D=1&listing%5Bmaxprice%5D=160000001&listing%5Bminprice%5D=55309&page=89&utf8=%E2%9C%93","https://www.gaaraas.com/fr/vehicle_listings/annonce-bmw-x4-dakar-dakar-30972","BMW X4","2018","19 000 000","80 000 km","Automatique","Dakar"
"1786647570-218","https://www.gaaraas.com/electric_cars?_=1786646200315&button=&listing%5Bbrand_id%5D=&listing%5Bcar_type%5D=1&listing%5Bmaxprice%5D=160000001&listing%5Bminprice%5D=55309&page=89&utf8=%E2%9C%93","https://www.gaaraas.com/fr/vehicle_listings/annonce-mitsubishi-rvr-dakar-dakar-30973","Mitsubishi RVR","2015","6 800 000","85 468 km","Automatique","Dakar"
"1786647582-219","https://www.gaaraas.com/electric_cars?_=1786646200315&button=&listing%5Bbrand_id%5D=&listing%5Bcar_type%5D=1&listing%5Bmaxprice%5D=160000001&listing%5Bminprice%5D=55309&page=89&utf8=%E2%9C%93","https://www.gaaraas.com/fr/vehicle_listings/annonce-hyundai-tucson-dakar-dakar-30974","Hyundai Tucson","2010","3 400 000","80 000 km","Automatique","Dakar"
"1786647602-220","https://www.gaaraas.com/electric_cars?_=1786646200315&button=&listing%5Bbrand_id%5D=&listing%5Bcar_type%5D=1&listing%5Bmaxprice%5D=160000001&listing%5Bminprice%5D=55309&page=89&utf8=%E2%9C%93","https://www.gaaraas.com/fr/vehicle_listings/annonce-toyota-prado-dakar-dakar-30975","Toyota Prado","2023","49 500 000","99 586 km","Automatique","Dakar"
"1786647636-221","https://www.gaaraas.com/electric_cars?_=1786646200315&button=&listing%5Bbrand_id%5D=&listing%5Bcar_type%5D=1&listing%5Bmaxprice%5D=160000001&listing%5Bminprice%5D=55309&page=89&utf8=%E2%9C%93","https://www.gaaraas.com/fr/vehicle_listings/annonce-hyundai-sonata-dakar-dakar-30976","Hyundai Sonata","2017","6 500 000","80 000 km","Automatique","Dakar"
"1786647658-222","https://www.gaaraas.com/electric_cars?_=1786646200315&button=&listing%5Bbrand_id%5D=&listing%5Bcar_type%5D=1&listing%5Bmaxprice%5D=160000001&listing%5Bminprice%5D=55309&page=89&utf8=%E2%9C%93","https://www.gaaraas.com/fr/vehicle_listings/annonce-toyota-rav-4-dakar-dakar-30977","Toyota Rav 4","2015","9 300 000","69 586 km","Automatique","Dakar"
"1786647662-223","https://www.gaaraas.com/electric_cars?_=1786646200315&button=&listing%5Bbrand_id%5D=&listing%5Bcar_type%5D=1&listing%5Bmaxprice%5D=160000001&listing%5Bminprice%5D=55309&page=89&utf8=%E2%9C%93","https://www.gaaraas.com/fr/vehicle_listings/annonce-bmw-3-series-dakar-dakar-30978","BMW 3–Series","2021","16 500 000","54 000 km","Automatique","Dakar"
"1786647666-224","https://www.gaaraas.com/electric_cars?_=1786646200315&button=&listing%5Bbrand_id%5D=&listing%5Bcar_type%5D=1&listing%5Bmaxprice%5D=160000001&listing%5Bminprice%5D=55309&page=89&utf8=%E2%9C%93","https://www.gaaraas.com/fr/vehicle_listings/annonce-mercedes-benz-gle-dakar-dakar-30979","Mercedes‒Benz GLE","2025","95 000 000","80 000 km","Automatique","Dakar"
"1786647672-225","https://www.gaaraas.com/electric_cars?_=1786646200315&button=&listing%5Bbrand_id%5D=&listing%5Bcar_type%5D=1&listing%5Bmaxprice%5D=160000001&listing%5Bminprice%5D=55309&page=89&utf8=%E2%9C%93","https://www.gaaraas.com/fr/vehicle_listings/annonce-hyundai-avante-dakar-dakar-30980","Hyundai Avante","2016","5 800 000","71 000 km","Automatique","Dakar"
"1786647676-226","https://www.gaaraas.com/electric_cars?_=1786646200315&button=&listing%5Bbrand_id%5D=&listing%5Bcar_type%5D=1&listing%5Bmaxprice%5D=160000001&listing%5Bminprice%5D=55309&page=89&utf8=%E2%9C%93","https://www.gaaraas.com/fr/vehicle_listings/annonce-hyundai-i40-dakar-dakar-30981","Hyundai i40","2016","","100 000 km","Manuelle","Dakar"
"1786647685-227","https://www.gaaraas.com/electric_cars?_=1786646200315&button=&listing%5Bbrand_id%5D=&listing%5Bcar_type%5D=1&listing%5Bmaxprice%5D=160000001&listing%5Bminprice%5D=55309&page=89&utf8=%E2%9C%93","https://www.gaaraas.com/fr/vehicle_listings/annonce-mazda-cx-5-dakar-dakar-30984","Mazda CX-5","2016","","50 000 km","Automatique","Dakar"
"1786647693-228","https://www.gaaraas.com/electric_cars?_=1786646200315&button=&listing%5Bbrand_id%5D=&listing%5Bcar_type%5D=1&listing%5Bmaxprice%5D=160000001&listing%5Bminprice%5D=55309&page=89&utf8=%E2%9C%93","https://www.gaaraas.com/fr/vehicle_listings/annonce-ford-focus-dakar-dakar-30985","Ford Focus","Bleu","2 900 000","2012","Automatique","Dakar"
"1786647800-229","https://www.gaaraas.com/electric_cars?_=1786646200315&button=&listing%5Bbrand_id%5D=&listing%5Bcar_type%5D=1&listing%5Bmaxprice%5D=160000001&listing%5Bminprice%5D=55309&page=89&utf8=%E2%9C%93","https://www.gaaraas.com/fr/vehicle_listings/annonce-peugeot-2008-dakar-dakar-30987","Peugeot 2008","Gris","19 500 000","2024","Automatique","Dakar"
"1786647809-230","https://www.gaaraas.com/electric_cars?_=1786646200315&button=&listing%5Bbrand_id%5D=&listing%5Bcar_type%5D=1&listing%5Bmaxprice%5D=160000001&listing%5Bminprice%5D=55309&page=89&utf8=%E2%9C%93","https://www.gaaraas.com/fr/vehicle_listings/annonce-kia-sorento-dakar-dakar-30996","Kia Sorento","Gris","8 800 000","2016","Automatique","Dakar"
"1786647812-231","https://www.gaaraas.com/electric_cars?_=1786646200315&button=&listing%5Bbrand_id%5D=&listing%5Bcar_type%5D=1&listing%5Bmaxprice%5D=160000001&listing%5Bminprice%5D=55309&page=89&utf8=%E2%9C%93","https://www.gaaraas.com/fr/vehicle_listings/annonce-hyundai-tucson-dakar-dakar-31001","Hyundai Tucson","Bleu","13 999 999","2020","Automatique","Dakar"
"1786647815-232","https://www.gaaraas.com/electric_cars?_=1786646200315&button=&listing%5Bbrand_id%5D=&listing%5Bcar_type%5D=1&listing%5Bmaxprice%5D=160000001&listing%5Bminprice%5D=55309&page=89&utf8=%E2%9C%93","https://www.gaaraas.com/fr/vehicle_listings/annonce-mitsubishi-eclipse-cross-dakar-dakar-31002","Mitsubishi Eclipse Cross","2019","9 800 000","26 000 km","Automatique","Dakar"
"1786647819-233","https://www.gaaraas.com/electric_cars?_=1786646200315&button=&listing%5Bbrand_id%5D=&listing%5Bcar_type%5D=1&listing%5Bmaxprice%5D=160000001&listing%5Bminprice%5D=55309&page=89&utf8=%E2%9C%93","https://www.gaaraas.com/fr/vehicle_listings/annonce-peugeot-308-gti-dakar-dakar-31004","Peugeot 308 GTi","2017","7 500 000","87 000 km","Automatique","Dakar"
"1786647822-234","https://www.gaaraas.com/electric_cars?_=1786646200315&button=&listing%5Bbrand_id%5D=&listing%5Bcar_type%5D=1&listing%5Bmaxprice%5D=160000001&listing%5Bminprice%5D=55309&page=89&utf8=%E2%9C%93","https://www.gaaraas.com/fr/vehicle_listings/annonce-hyundai-accent-dakar-dakar-31006","Hyundai Accent","2009","","181 000 km","Automatique","Dakar"
"1786647831-235","https://www.gaaraas.com/electric_cars?_=1786646200315&button=&listing%5Bbrand_id%5D=&listing%5Bcar_type%5D=1&listing%5Bmaxprice%5D=160000001&listing%5Bminprice%5D=55309&page=88&utf8=%E2%9C%93","https://www.gaaraas.com/fr/vehicle_listings/annonce-chevrolet-camaro-dakar-dakar-31007","Chevrolet Camaro","2018","","4 510 km","Automatique","Dakar"
"1786647834-236","https://www.gaaraas.com/electric_cars?_=1786646200315&button=&listing%5Bbrand_id%5D=&listing%5Bcar_type%5D=1&listing%5Bmaxprice%5D=160000001&listing%5Bminprice%5D=55309&page=88&utf8=%E2%9C%93","https://www.gaaraas.com/fr/vehicle_listings/annonce-bmw-x5-dakar-dakar-31008","BMW X5","2021","38 500 000","54 000 km","Automatique","Dakar"
"1786647837-237","https://www.gaaraas.com/electric_cars?_=1786646200315&button=&listing%5Bbrand_id%5D=&listing%5Bcar_type%5D=1&listing%5Bmaxprice%5D=160000001&listing%5Bminprice%5D=55309&page=88&utf8=%E2%9C%93","https://www.gaaraas.com/fr/vehicle_listings/annonce-hyundai-santa-fe-dakar-dakar-31009","Hyundai Santa Fe","Noir","12 000 000","2017","Automatique","Dakar"
"1786647839-238","https://www.gaaraas.com/electric_cars?_=1786646200315&button=&listing%5Bbrand_id%5D=&listing%5Bcar_type%5D=1&listing%5Bmaxprice%5D=160000001&listing%5Bminprice%5D=55309&page=88&utf8=%E2%9C%93","https://www.gaaraas.com/fr/vehicle_listings/annonce-jeep-grand-cherokee-dakar-dakar-31010","Jeep Grand Cherokee","Noir","8 300 000","2014","Automatique","Dakar"
"1786647842-239","https://www.gaaraas.com/electric_cars?_=1786646200315&button=&listing%5Bbrand_id%5D=&listing%5Bcar_type%5D=1&listing%5Bmaxprice%5D=160000001&listing%5Bminprice%5D=55309&page=88&utf8=%E2%9C%93","https://www.gaaraas.com/fr/vehicle_listings/annonce-mitsubishi-rvr-dakar-dakar-31013","Mitsubishi RVR","2016","7 950 000","120 000 km","Automatique","Dakar"
"1786647846-240","https://www.gaaraas.com/electric_cars?_=1786646200315&button=&listing%5Bbrand_id%5D=&listing%5Bcar_type%5D=1&listing%5Bmaxprice%5D=160000001&listing%5Bminprice%5D=55309&page=88&utf8=%E2%9C%93","https://www.gaaraas.com/fr/vehicle_listings/annonce-honda-civic-dakar-dakar-31015","Honda Civic","2017","","69 800 km","Automatique","Dakar"
"1786647849-241","https://www.gaaraas.com/electric_cars?_=1786646200315&button=&listing%5Bbrand_id%5D=&listing%5Bcar_type%5D=1&listing%5Bmaxprice%5D=160000001&listing%5Bminprice%5D=55309&page=88&utf8=%E2%9C%93","https://www.gaaraas.com/fr/vehicle_listings/annonce-hyundai-tucson-dakar-dakar-31016","Hyundai Tucson","2020","13 999 999","129 000 km","Automatique","Dakar"
"1786647851-242","https://www.gaaraas.com/electric_cars?_=1786646200315&button=&listing%5Bbrand_id%5D=&listing%5Bcar_type%5D=1&listing%5Bmaxprice%5D=160000001&listing%5Bminprice%5D=55309&page=88&utf8=%E2%9C%93","https://www.gaaraas.com/fr/vehicle_listings/annonce-jeep-grand-cherokee-dakar-dakar-31017","Jeep Grand Cherokee","Beige","8 950 000","2015","Automatique","Dakar"
"1786647854-243","https://www.gaaraas.com/electric_cars?_=1786646200315&button=&listing%5Bbrand_id%5D=&listing%5Bcar_type%5D=1&listing%5Bmaxprice%5D=160000001&listing%5Bminprice%5D=55309&page=88&utf8=%E2%9C%93","https://www.gaaraas.com/fr/vehicle_listings/annonce-peugeot-2008-dakar-dakar-31025","Peugeot 2008","Autre","19 500 000","2024","Automatique","Dakar"
"1786647859-244","https://www.gaaraas.com/electric_cars?_=1786646200315&button=&listing%5Bbrand_id%5D=&listing%5Bcar_type%5D=1&listing%5Bmaxprice%5D=160000001&listing%5Bminprice%5D=55309&page=88&utf8=%E2%9C%93","https://www.gaaraas.com/fr/vehicle_listings/annonce-ford-explorer-dakar-dakar-31026","Ford Explorer","Bleu","9 000 000","2017","Automatique","Dakar"
"1786647862-245","https://www.gaaraas.com/electric_cars?_=1786646200315&button=&listing%5Bbrand_id%5D=&listing%5Bcar_type%5D=1&listing%5Bmaxprice%5D=160000001&listing%5Bminprice%5D=55309&page=88&utf8=%E2%9C%93","https://www.gaaraas.com/fr/vehicle_listings/annonce-dodge-journey-dakar-dakar-31029","Dodge Journey","Blanc","3 600 000","2012","Automatique","Dakar"
"1786647865-246","https://www.gaaraas.com/electric_cars?_=1786646200315&button=&listing%5Bbrand_id%5D=&listing%5Bcar_type%5D=1&listing%5Bmaxprice%5D=160000001&listing%5Bminprice%5D=55309&page=88&utf8=%E2%9C%93","https://www.gaaraas.com/fr/vehicle_listings/annonce-kia-soul-dakar-dakar-31030","Kia Soul","2021","","23 120 km","Automatique","Dakar"
"1786647877-247","https://www.gaaraas.com/electric_cars?_=1786646200315&button=&listing%5Bbrand_id%5D=&listing%5Bcar_type%5D=1&listing%5Bmaxprice%5D=160000001&listing%5Bminprice%5D=55309&page=88&utf8=%E2%9C%93","https://www.gaaraas.com/fr/vehicle_listings/annonce-hyundai-elantra-dakar-dakar-31031","Hyundai Elantra","Blanc","","2017","Automatique","Dakar"
"1786647893-248","https://www.gaaraas.com/electric_cars?_=1786646200315&button=&listing%5Bbrand_id%5D=&listing%5Bcar_type%5D=1&listing%5Bmaxprice%5D=160000001&listing%5Bminprice%5D=55309&page=88&utf8=%E2%9C%93","https://www.gaaraas.com/fr/vehicle_listings/annonce-toyota-land-cruiser-dakar-dakar-31032","Toyota Land Cruiser","Blanc","38 000 000","2020","Automatique","Dakar"
"1786647896-249","https://www.gaaraas.com/electric_cars?_=1786646200315&button=&listing%5Bbrand_id%5D=&listing%5Bcar_type%5D=1&listing%5Bmaxprice%5D=160000001&listing%5Bminprice%5D=55309&page=88&utf8=%E2%9C%93","https://www.gaaraas.com/fr/vehicle_listings/annonce-citroen-c3-dakar-dakar-31033","Citroen C3","Blanc","3 850 000","2016","Manuelle","Dakar"
"1786647901-250","https://www.gaaraas.com/electric_cars?_=1786646200315&button=&listing%5Bbrand_id%5D=&listing%5Bcar_type%5D=1&listing%5Bmaxprice%5D=160000001&listing%5Bminprice%5D=55309&page=88&utf8=%E2%9C%93","https://www.gaaraas.com/fr/vehicle_listings/annonce-peugeot-508-dakar-dakar-31034","Peugeot 508","Noir","2 000 000","N/A","Manuelle","Dakar"
"1786647903-251","https://www.gaaraas.com/electric_cars?_=1786646200315&button=&listing%5Bbrand_id%5D=&listing%5Bcar_type%5D=1&listing%5Bmaxprice%5D=160000001&listing%5Bminprice%5D=55309&page=88&utf8=%E2%9C%93","https://www.gaaraas.com/fr/vehicle_listings/annonce-toyota-rav4-dakar-dakar-31035","Toyota RAV4","Noir","12 000 000","N/A","Automatique","Dakar"
"1786647909-252","https://www.gaaraas.com/electric_cars?_=1786646200315&button=&listing%5Bbrand_id%5D=&listing%5Bcar_type%5D=1&listing%5Bmaxprice%5D=160000001&listing%5Bminprice%5D=55309&page=88&utf8=%E2%9C%93","https://www.gaaraas.com/fr/vehicle_listings/annonce-toyota-corolla-dakar-dakar-31036","Toyota Corolla","Autre","2 600 000","N/A","Manuelle","Dakar"
"1786647919-253","https://www.gaaraas.com/electric_cars?_=1786646200315&button=&listing%5Bbrand_id%5D=&listing%5Bcar_type%5D=1&listing%5Bmaxprice%5D=160000001&listing%5Bminprice%5D=55309&page=88&utf8=%E2%9C%93","https://www.gaaraas.com/fr/vehicle_listings/annonce-peugeot-508-dakar-dakar-31037","Peugeot 508","Noir","2 000 000","N/A","Automatique","Dakar"
"1786647925-254","https://www.gaaraas.com/electric_cars?_=1786646200315&button=&listing%5Bbrand_id%5D=&listing%5Bcar_type%5D=1&listing%5Bmaxprice%5D=160000001&listing%5Bminprice%5D=55309&page=88&utf8=%E2%9C%93","https://www.gaaraas.com/fr/vehicle_listings/annonce-bmw-x6-dakar-dakar-31038","BMW X6","Blanc","2 500 000","N/A","Automatique","Dakar"
"1786647932-255","https://www.gaaraas.com/electric_cars?_=1786646200315&button=&listing%5Bbrand_id%5D=&listing%5Bcar_type%5D=1&listing%5Bmaxprice%5D=160000001&listing%5Bminprice%5D=55309&page=87&utf8=%E2%9C%93","https://www.gaaraas.com/fr/vehicle_listings/annonce-hyundai-sonata-louga-dahra-31039","Hyundai Sonata","Autre","2 750 000","N/A","Automatique","Dahra"
"1786647936-256","https://www.gaaraas.com/electric_cars?_=1786646200315&button=&listing%5Bbrand_id%5D=&listing%5Bcar_type%5D=1&listing%5Bmaxprice%5D=160000001&listing%5Bminprice%5D=55309&page=87&utf8=%E2%9C%93","https://www.gaaraas.com/fr/vehicle_listings/annonce-jeep-compass-dakar-dakar-31040","Jeep Compass","Bleu","5 950 000","2017","Automatique","Dakar"
"1786647943-257","https://www.gaaraas.com/electric_cars?_=1786646200315&button=&listing%5Bbrand_id%5D=&listing%5Bcar_type%5D=1&listing%5Bmaxprice%5D=160000001&listing%5Bminprice%5D=55309&page=87&utf8=%E2%9C%93","https://www.gaaraas.com/fr/vehicle_listings/annonce-mercedes-viano-dakar-dakar-31043","Mercedes Viano","Blanc","13 999 999","2018","Manuelle","Dakar"
"1786647950-258","https://www.gaaraas.com/electric_cars?_=1786646200315&button=&listing%5Bbrand_id%5D=&listing%5Bcar_type%5D=1&listing%5Bmaxprice%5D=160000001&listing%5Bminprice%5D=55309&page=87&utf8=%E2%9C%93","https://www.gaaraas.com/fr/vehicle_listings/annonce-hyundai-tucson-dakar-dakar-31046","Hyundai Tucson","Autre","4 900 000","2012","Automatique","Dakar"
"1786647953-259","https://www.gaaraas.com/electric_cars?_=1786646200315&button=&listing%5Bbrand_id%5D=&listing%5Bcar_type%5D=1&listing%5Bmaxprice%5D=160000001&listing%5Bminprice%5D=55309&page=87&utf8=%E2%9C%93","https://www.gaaraas.com/fr/vehicle_listings/annonce-hyundai-sonata-dakar-dakar-31049","Hyundai Sonata","Autre","3 900 000","2017","Automatique","Dakar"
"1786647956-260","https://www.gaaraas.com/electric_cars?_=1786646200315&button=&listing%5Bbrand_id%5D=&listing%5Bcar_type%5D=1&listing%5Bmaxprice%5D=160000001&listing%5Bminprice%5D=55309&page=87&utf8=%E2%9C%93","https://www.gaaraas.com/fr/vehicle_listings/annonce-toyota-hilux-dakar-dakar-31052","Toyota Hilux","Blanc","11 500 000","2015","Manuelle","Dakar"
"1786647959-261","https://www.gaaraas.com/electric_cars?_=1786646200315&button=&listing%5Bbrand_id%5D=&listing%5Bcar_type%5D=1&listing%5Bmaxprice%5D=160000001&listing%5Bminprice%5D=55309&page=87&utf8=%E2%9C%93","https://www.gaaraas.com/fr/vehicle_listings/annonce-hyundai-santa-fe-dakar-dakar-31053","Hyundai Santa Fe","Blanc","11 250 000","2016","Automatique","Dakar"
"1786647961-262","https://www.gaaraas.com/electric_cars?_=1786646200315&button=&listing%5Bbrand_id%5D=&listing%5Bcar_type%5D=1&listing%5Bmaxprice%5D=160000001&listing%5Bminprice%5D=55309&page=87&utf8=%E2%9C%93","https://www.gaaraas.com/fr/vehicle_listings/annonce-hyundai-santa-fe-dakar-dakar-31056","Hyundai Santa Fe","Autre","14 800 000","2019","Automatique","Dakar"
"1786647964-263","https://www.gaaraas.com/electric_cars?_=1786646200315&button=&listing%5Bbrand_id%5D=&listing%5Bcar_type%5D=1&listing%5Bmaxprice%5D=160000001&listing%5Bminprice%5D=55309&page=87&utf8=%E2%9C%93","https://www.gaaraas.com/fr/vehicle_listings/annonce-land-rover-range-rover-velar-dakar-dakar-31058","Land Rover Range Rover Velar","Blanc","31 500 000","2019","Automatique","Dakar"
"1786647967-264","https://www.gaaraas.com/electric_cars?_=1786646200315&button=&listing%5Bbrand_id%5D=&listing%5Bcar_type%5D=1&listing%5Bmaxprice%5D=160000001&listing%5Bminprice%5D=55309&page=87&utf8=%E2%9C%93","https://www.gaaraas.com/fr/vehicle_listings/annonce-toyota-rav-4-dakar-dakar-31059","Toyota Rav 4","Autre","11 500 000","2018","Automatique","Dakar"
"1786647970-265","https://www.gaaraas.com/electric_cars?_=1786646200315&button=&listing%5Bbrand_id%5D=&listing%5Bcar_type%5D=1&listing%5Bmaxprice%5D=160000001&listing%5Bminprice%5D=55309&page=87&utf8=%E2%9C%93","https://www.gaaraas.com/fr/vehicle_listings/annonce-bmw-1-series-dakar-dakar-31060","BMW 1-Series","2021","","49 000 km","Automatique","Dakar"
"1786647973-266","https://www.gaaraas.com/electric_cars?_=1786646200315&button=&listing%5Bbrand_id%5D=&listing%5Bcar_type%5D=1&listing%5Bmaxprice%5D=160000001&listing%5Bminprice%5D=55309&page=87&utf8=%E2%9C%93","https://www.gaaraas.com/fr/vehicle_listings/annonce-renault-clio-dakar-dakar-31061","Renault Clio","2023","","22 000 km","Manuelle","Dakar"
"1786647976-267","https://www.gaaraas.com/electric_cars?_=1786646200315&button=&listing%5Bbrand_id%5D=&listing%5Bcar_type%5D=1&listing%5Bmaxprice%5D=160000001&listing%5Bminprice%5D=55309&page=87&utf8=%E2%9C%93","https://www.gaaraas.com/fr/vehicle_listings/annonce-kia-sportage-dakar-dakar-31062","Kia Sportage","2022","18 400 000","40 000 km","Automatique","Dakar"
"1786647979-268","https://www.gaaraas.com/electric_cars?_=1786646200315&button=&listing%5Bbrand_id%5D=&listing%5Bcar_type%5D=1&listing%5Bmaxprice%5D=160000001&listing%5Bminprice%5D=55309&page=87&utf8=%E2%9C%93","https://www.gaaraas.com/fr/vehicle_listings/annonce-jeep-grand-cherokee-dakar-dakar-31063","Jeep Grand Cherokee","Blanc","11 550 000","2016","Automatique","Dakar"
"1786647981-269","https://www.gaaraas.com/electric_cars?_=1786646200315&button=&listing%5Bbrand_id%5D=&listing%5Bcar_type%5D=1&listing%5Bmaxprice%5D=160000001&listing%5Bminprice%5D=55309&page=87&utf8=%E2%9C%93","https://www.gaaraas.com/fr/vehicle_listings/annonce-jeep-grand-cherokee-dakar-dakar-31064","Jeep Grand Cherokee","Beige","8 950 000","2015","Automatique","Dakar"
"1786647984-270","https://www.gaaraas.com/electric_cars?_=1786646200315&button=&listing%5Bbrand_id%5D=&listing%5Bcar_type%5D=1&listing%5Bmaxprice%5D=160000001&listing%5Bminprice%5D=55309&page=87&utf8=%E2%9C%93","https://www.gaaraas.com/fr/vehicle_listings/annonce-ford-focus-dakar-dakar-31065","Ford Focus","2010","","120 000 km","Automatique","Dakar"
"1786647987-271","https://www.gaaraas.com/electric_cars?_=1786646200315&button=&listing%5Bbrand_id%5D=&listing%5Bcar_type%5D=1&listing%5Bmaxprice%5D=160000001&listing%5Bminprice%5D=55309&page=87&utf8=%E2%9C%93","https://www.gaaraas.com/fr/vehicle_listings/annonce-ford-focus-dakar-dakar-31066","Ford Focus","2014","3 300 000","112 000 km","Automatique","Dakar"
"1786647990-272","https://www.gaaraas.com/electric_cars?_=1786646200315&button=&listing%5Bbrand_id%5D=&listing%5Bcar_type%5D=1&listing%5Bmaxprice%5D=160000001&listing%5Bminprice%5D=55309&page=87&utf8=%E2%9C%93","https://www.gaaraas.com/fr/vehicle_listings/annonce-opel-astra-dakar-dakar-31067","Opel Astra","2014","","120 000 km","Manuelle","Dakar"
"1786647993-273","https://www.gaaraas.com/electric_cars?_=1786646200315&button=&listing%5Bbrand_id%5D=&listing%5Bcar_type%5D=1&listing%5Bmaxprice%5D=160000001&listing%5Bminprice%5D=55309&page=87&utf8=%E2%9C%93","https://www.gaaraas.com/fr/vehicle_listings/annonce-renault-samsung-sm3-dakar-dakar-31068","Renault Samsung SM3","2016","","980 000 km","Automatique","Dakar"
"1786647996-274","https://www.gaaraas.com/electric_cars?_=1786646200315&button=&listing%5Bbrand_id%5D=&listing%5Bcar_type%5D=1&listing%5Bmaxprice%5D=160000001&listing%5Bminprice%5D=55309&page=87&utf8=%E2%9C%93","https://www.gaaraas.com/fr/vehicle_listings/annonce-ford-escape-dakar-dakar-31069","Ford Escape","2016","","120 000 km","Automatique","Dakar"
"1786648006-275","https://www.gaaraas.com/electric_cars?_=1786646200315&button=&listing%5Bbrand_id%5D=&listing%5Bcar_type%5D=1&listing%5Bmaxprice%5D=160000001&listing%5Bminprice%5D=55309&page=86&utf8=%E2%9C%93","https://www.gaaraas.com/fr/vehicle_listings/annonce-hyundai-sonata-dakar-dakar-31109","Hyundai Sonata","2013","3 350 000","120 000 km","Automatique","Dakar"
"1786648009-276","https://www.gaaraas.com/electric_cars?_=1786646200315&button=&listing%5Bbrand_id%5D=&listing%5Bcar_type%5D=1&listing%5Bmaxprice%5D=160000001&listing%5Bminprice%5D=55309&page=86&utf8=%E2%9C%93","https://www.gaaraas.com/fr/vehicle_listings/annonce-toyota-rush-dakar-scmz-31118","Toyota Rush","N/A","10 500 000","17 000 km","Automatique","Dakar"
"1786648011-277","https://www.gaaraas.com/electric_cars?_=1786646200315&button=&listing%5Bbrand_id%5D=&listing%5Bcar_type%5D=1&listing%5Bmaxprice%5D=160000001&listing%5Bminprice%5D=55309&page=86&utf8=%E2%9C%93","https://www.gaaraas.com/fr/vehicle_listings/annonce-kia-seltos-dakar-scmz-31119","Kia Seltos","2021","10 000 000","102 000 km","Manuelle","Dakar"
"1786648014-278","https://www.gaaraas.com/electric_cars?_=1786646200315&button=&listing%5Bbrand_id%5D=&listing%5Bcar_type%5D=1&listing%5Bmaxprice%5D=160000001&listing%5Bminprice%5D=55309&page=86&utf8=%E2%9C%93","https://www.gaaraas.com/fr/vehicle_listings/annonce-citroen-c4-cactus-dakar-scmz-31120","Citroen C4 Cactus","N/A","9 000 000","29 000 km","Automatique","Dakar"
"1786648019-279","https://www.gaaraas.com/electric_cars?_=1786646200315&button=&listing%5Bbrand_id%5D=&listing%5Bcar_type%5D=1&listing%5Bmaxprice%5D=160000001&listing%5Bminprice%5D=55309&page=86&utf8=%E2%9C%93","https://www.gaaraas.com/fr/vehicle_listings/annonce-mitsubishi-l200-dakar-scmz-31121","Mitsubishi L200","N/A","12 000 000","36 000 km","Manuelle","Dakar"
"1786648022-280","https://www.gaaraas.com/electric_cars?_=1786646200315&button=&listing%5Bbrand_id%5D=&listing%5Bcar_type%5D=1&listing%5Bmaxprice%5D=160000001&listing%5Bminprice%5D=55309&page=86&utf8=%E2%9C%93","https://www.gaaraas.com/fr/vehicle_listings/annonce-citroen-c3-dakar-rufisque-31129","Citroen C3","2007","","118 000 km","Manuelle","Rufisque"
"1786648026-281","https://www.gaaraas.com/electric_cars?_=1786646200315&button=&listing%5Bbrand_id%5D=&listing%5Bcar_type%5D=1&listing%5Bmaxprice%5D=160000001&listing%5Bminprice%5D=55309&page=86&utf8=%E2%9C%93","https://www.gaaraas.com/fr/vehicle_listings/annonce-volkswagen-fox-dakar-dakar-31141","Volkswagen Fox","Noir","","N/A","Manuelle","Dakar"
"1786648030-282","https://www.gaaraas.com/electric_cars?_=1786646200315&button=&listing%5Bbrand_id%5D=&listing%5Bcar_type%5D=1&listing%5Bmaxprice%5D=160000001&listing%5Bminprice%5D=55309&page=86&utf8=%E2%9C%93","https://www.gaaraas.com/fr/vehicle_listings/annonce-geely-emgrand-7-dakar-dakar-31154","Geely Emgrand 7","Other","30 330 694","2022","Automatique","Dakar"
"1786648032-283","https://www.gaaraas.com/electric_cars?_=1786646200315&button=&listing%5Bbrand_id%5D=&listing%5Bcar_type%5D=1&listing%5Bmaxprice%5D=160000001&listing%5Bminprice%5D=55309&page=86&utf8=%E2%9C%93","https://www.gaaraas.com/fr/vehicle_listings/annonce-byd-atto3-dakar-dakar-31155","BYD Atto3","Other","67 670 642","2025","Automatique","Dakar"
"1786648035-284","https://www.gaaraas.com/electric_cars?_=1786646200315&button=&listing%5Bbrand_id%5D=&listing%5Bcar_type%5D=1&listing%5Bmaxprice%5D=160000001&listing%5Bminprice%5D=55309&page=86&utf8=%E2%9C%93","https://www.gaaraas.com/fr/vehicle_listings/annonce-xpeng-g9-dakar-dakar-31156","Xpeng G9","Other","42 000 000","2025","Automatique","Dakar"
"1786648038-285","https://www.gaaraas.com/electric_cars?_=1786646200315&button=&listing%5Bbrand_id%5D=&listing%5Bcar_type%5D=1&listing%5Bmaxprice%5D=160000001&listing%5Bminprice%5D=55309&page=86&utf8=%E2%9C%93","https://www.gaaraas.com/fr/vehicle_listings/annonce-shineray-t3ev-rev-dakar-dakar-31157","Shineray T3ev (rev)","Other","17 000 000","2025","Automatique","Dakar"
"1786648041-286","https://www.gaaraas.com/electric_cars?_=1786646200315&button=&listing%5Bbrand_id%5D=&listing%5Bcar_type%5D=1&listing%5Bmaxprice%5D=160000001&listing%5Bminprice%5D=55309&page=86&utf8=%E2%9C%93","https://www.gaaraas.com/fr/vehicle_listings/annonce-rox-motors-rox01-dakar-dakar-31158","Rox motors Rox01","Other","55 000 000","2025","Automatique","Dakar"
"1786648043-287","https://www.gaaraas.com/electric_cars?_=1786646200315&button=&listing%5Bbrand_id%5D=&listing%5Bcar_type%5D=1&listing%5Bmaxprice%5D=160000001&listing%5Bminprice%5D=55309&page=86&utf8=%E2%9C%93","https://www.gaaraas.com/fr/vehicle_listings/annonce-geely-farizon-dakar-dakar-31159","Geely Farizon","Other","49 000 000","2025","Automatique","Dakar"
"1786648047-288","https://www.gaaraas.com/electric_cars?_=1786646200315&button=&listing%5Bbrand_id%5D=&listing%5Bcar_type%5D=1&listing%5Bmaxprice%5D=160000001&listing%5Bminprice%5D=55309&page=86&utf8=%E2%9C%93","https://www.gaaraas.com/fr/vehicle_listings/annonce-leapmotor-c10-dakar-dakar-31160","Leapmotor C10","Other","26 925 792","2024","Automatique","Dakar"
"1786648050-289","https://www.gaaraas.com/electric_cars?_=1786646200315&button=&listing%5Bbrand_id%5D=&listing%5Bcar_type%5D=1&listing%5Bmaxprice%5D=160000001&listing%5Bminprice%5D=55309&page=86&utf8=%E2%9C%93","https://www.gaaraas.com/fr/vehicle_listings/annonce-byd-destroyer-dakar-dakar-31161","BYD Destroyer","Other","12 000 000","2025","Automatique","Dakar"
"1786648052-290","https://www.gaaraas.com/electric_cars?_=1786646200315&button=&listing%5Bbrand_id%5D=&listing%5Bcar_type%5D=1&listing%5Bmaxprice%5D=160000001&listing%5Bminprice%5D=55309&page=86&utf8=%E2%9C%93","https://www.gaaraas.com/fr/vehicle_listings/annonce-leapmotor-c11-dakar-dakar-31162","Leapmotor C11","Other","24 000 000","2025","Automatique","Dakar"
"1786648056-291","https://www.gaaraas.com/electric_cars?_=1786646200315&button=&listing%5Bbrand_id%5D=&listing%5Bcar_type%5D=1&listing%5Bmaxprice%5D=160000001&listing%5Bminprice%5D=55309&page=86&utf8=%E2%9C%93","https://www.gaaraas.com/fr/vehicle_listings/annonce-changan-hunter-dakar-dakar-31163","Changan Hunter","Other","28 000 000","2025","Automatique","Dakar"
"1786648058-292","https://www.gaaraas.com/electric_cars?_=1786646200315&button=&listing%5Bbrand_id%5D=&listing%5Bcar_type%5D=1&listing%5Bmaxprice%5D=160000001&listing%5Bminprice%5D=55309&page=86&utf8=%E2%9C%93","https://www.gaaraas.com/fr/vehicle_listings/annonce-dongfeng-nanobox-dakar-dakar-31164","DongFeng Nanobox","Other","9 000 000","2025","Automatique","Dakar"
"1786648062-293","https://www.gaaraas.com/electric_cars?_=1786646200315&button=&listing%5Bbrand_id%5D=&listing%5Bcar_type%5D=1&listing%5Bmaxprice%5D=160000001&listing%5Bminprice%5D=55309&page=86&utf8=%E2%9C%93","https://www.gaaraas.com/fr/vehicle_listings/annonce-changan-explorer-dakar-dakar-31165","Changan Explorer","Other","19 000 000","2025","Automatique","Dakar"
"1786648065-294","https://www.gaaraas.com/electric_cars?_=1786646200315&button=&listing%5Bbrand_id%5D=&listing%5Bcar_type%5D=1&listing%5Bmaxprice%5D=160000001&listing%5Bminprice%5D=55309&page=86&utf8=%E2%9C%93","https://www.gaaraas.com/fr/vehicle_listings/annonce-changan-eado-ev-dakar-dakar-31166","Changan Eado ev","Other","14 000 000","2025","Automatique","Dakar"
"1786648077-295","https://www.gaaraas.com/electric_cars?_=1786646200315&button=&listing%5Bbrand_id%5D=&listing%5Bcar_type%5D=1&listing%5Bmaxprice%5D=160000001&listing%5Bminprice%5D=55309&page=85&utf8=%E2%9C%93","https://www.gaaraas.com/fr/vehicle_listings/annonce-renault-scenic-dakar-dakar-31167","Renault Scenic","Other","66 630 651","2024","Automatique","Dakar"
"1786648079-296","https://www.gaaraas.com/electric_cars?_=1786646200315&button=&listing%5Bbrand_id%5D=&listing%5Bcar_type%5D=1&listing%5Bmaxprice%5D=160000001&listing%5Bminprice%5D=55309&page=85&utf8=%E2%9C%93","https://www.gaaraas.com/fr/vehicle_listings/annonce-byd-yuan-pro-dakar-dakar-31168","BYD Yuan pro","Other","26 552 535","2025","Automatique","Dakar"
"1786648083-297","https://www.gaaraas.com/electric_cars?_=1786646200315&button=&listing%5Bbrand_id%5D=&listing%5Bcar_type%5D=1&listing%5Bmaxprice%5D=160000001&listing%5Bminprice%5D=55309&page=85&utf8=%E2%9C%93","https://www.gaaraas.com/fr/vehicle_listings/annonce-dongfeng-namni01-dakar-dakar-31169","DongFeng Namni01","Other","14 000 000","2025","Manuelle","Dakar"
"1786648086-298","https://www.gaaraas.com/electric_cars?_=1786646200315&button=&listing%5Bbrand_id%5D=&listing%5Bcar_type%5D=1&listing%5Bmaxprice%5D=160000001&listing%5Bminprice%5D=55309&page=85&utf8=%E2%9C%93","https://www.gaaraas.com/fr/vehicle_listings/annonce-shineray-x30lev-dakar-dakar-31170","Shineray X30lev","Other","34 000 000","2025","Automatique","Dakar"
"1786648092-299","https://www.gaaraas.com/electric_cars?_=1786646200315&button=&listing%5Bbrand_id%5D=&listing%5Bcar_type%5D=1&listing%5Bmaxprice%5D=160000001&listing%5Bminprice%5D=55309&page=85&utf8=%E2%9C%93","https://www.gaaraas.com/fr/vehicle_listings/annonce-dongfeng-aeolus-dakar-dakar-31171","DongFeng Aeolus","Other","28 000 000","2025","Automatique","Dakar"
"1786648106-300","https://www.gaaraas.com/electric_cars?_=1786646200315&button=&listing%5Bbrand_id%5D=&listing%5Bcar_type%5D=1&listing%5Bmaxprice%5D=160000001&listing%5Bminprice%5D=55309&page=85&utf8=%E2%9C%93","https://www.gaaraas.com/fr/vehicle_listings/annonce-shineray-t3ev-dakar-dakar-31172","Shineray T3ev","Other","14 000 000","2025","Automatique","Dakar"
"1786648109-301","https://www.gaaraas.com/electric_cars?_=1786646200315&button=&listing%5Bbrand_id%5D=&listing%5Bcar_type%5D=1&listing%5Bmaxprice%5D=160000001&listing%5Bminprice%5D=55309&page=85&utf8=%E2%9C%93","https://www.gaaraas.com/fr/vehicle_listings/annonce-byd-leopard-5-dakar-dakar-31173","BYD Leopard 5","Other","81 000 000","2025","Automatique","Dakar"
"1786648112-302","https://www.gaaraas.com/electric_cars?_=1786646200315&button=&listing%5Bbrand_id%5D=&listing%5Bcar_type%5D=1&listing%5Bmaxprice%5D=160000001&listing%5Bminprice%5D=55309&page=85&utf8=%E2%9C%93","https://www.gaaraas.com/fr/vehicle_listings/annonce-byd-dolphin-dakar-dakar-31174","BYD Dolphin","Other","19 802 567","2025","Automatique","Dakar"
"1786648114-303","https://www.gaaraas.com/electric_cars?_=1786646200315&button=&listing%5Bbrand_id%5D=&listing%5Bcar_type%5D=1&listing%5Bmaxprice%5D=160000001&listing%5Bminprice%5D=55309&page=85&utf8=%E2%9C%93","https://www.gaaraas.com/fr/vehicle_listings/annonce-byd-qin-l-dakar-dakar-31175","BYD Qin l","Other","19 000 000","2025","Automatique","Dakar"
"1786648117-304","https://www.gaaraas.com/electric_cars?_=1786646200315&button=&listing%5Bbrand_id%5D=&listing%5Bcar_type%5D=1&listing%5Bmaxprice%5D=160000001&listing%5Bminprice%5D=55309&page=85&utf8=%E2%9C%93","https://www.gaaraas.com/fr/vehicle_listings/annonce-xiaomi-su7-dakar-dakar-31176","Xiaomi Su7","Other","55 000 000","2025","Automatique","Dakar"
"1786648120-305","https://www.gaaraas.com/electric_cars?_=1786646200315&button=&listing%5Bbrand_id%5D=&listing%5Bcar_type%5D=1&listing%5Bmaxprice%5D=160000001&listing%5Bminprice%5D=55309&page=85&utf8=%E2%9C%93","https://www.gaaraas.com/fr/vehicle_listings/annonce-byd-seal-dakar-dakar-31177","BYD Seal","Other","66 000 000","2025","Automatique","Dakar"
"1786648122-306","https://www.gaaraas.com/electric_cars?_=1786646200315&button=&listing%5Bbrand_id%5D=&listing%5Bcar_type%5D=1&listing%5Bmaxprice%5D=160000001&listing%5Bminprice%5D=55309&page=85&utf8=%E2%9C%93","https://www.gaaraas.com/fr/vehicle_listings/annonce-xpeng-g6-dakar-dakar-31178","Xpeng G6","Other","33 400 000","2025","Automatique","Dakar"
"1786648125-307","https://www.gaaraas.com/electric_cars?_=1786646200315&button=&listing%5Bbrand_id%5D=&listing%5Bcar_type%5D=1&listing%5Bmaxprice%5D=160000001&listing%5Bminprice%5D=55309&page=85&utf8=%E2%9C%93","https://www.gaaraas.com/fr/vehicle_listings/annonce-changan-yidong-dakar-dakar-31179","Changan Yidong","Other","21 000 000","2025","Automatique","Dakar"
"1786648131-308","https://www.gaaraas.com/electric_cars?_=1786646200315&button=&listing%5Bbrand_id%5D=&listing%5Bcar_type%5D=1&listing%5Bmaxprice%5D=160000001&listing%5Bminprice%5D=55309&page=85&utf8=%E2%9C%93","https://www.gaaraas.com/fr/vehicle_listings/annonce-leapmotor-t03-dakar-dakar-31180","Leapmotor T03","Other","18 000 000","2025","Automatique","Dakar"
"1786648136-309","https://www.gaaraas.com/electric_cars?_=1786646200315&button=&listing%5Bbrand_id%5D=&listing%5Bcar_type%5D=1&listing%5Bmaxprice%5D=160000001&listing%5Bminprice%5D=55309&page=85&utf8=%E2%9C%93","https://www.gaaraas.com/fr/vehicle_listings/annonce-geely-rd6-ev-dakar-dakar-31181","Geely Rd6 ev","Other","35 000 000","2025","Automatique","Dakar"
"1786648141-310","https://www.gaaraas.com/electric_cars?_=1786646200315&button=&listing%5Bbrand_id%5D=&listing%5Bcar_type%5D=1&listing%5Bmaxprice%5D=160000001&listing%5Bminprice%5D=55309&page=85&utf8=%E2%9C%93","https://www.gaaraas.com/fr/vehicle_listings/annonce-byd-seagull-dakar-dakar-31182","BYD Seagull","Other","13 819 057","2025","Automatique","Dakar"
"1786648146-311","https://www.gaaraas.com/electric_cars?_=1786646200315&button=&listing%5Bbrand_id%5D=&listing%5Bcar_type%5D=1&listing%5Bmaxprice%5D=160000001&listing%5Bminprice%5D=55309&page=85&utf8=%E2%9C%93","https://www.gaaraas.com/fr/vehicle_listings/annonce-dongfeng-yuexian-dakar-dakar-31205","DongFeng Yuexian","2020","6 000 000","30 000 km","Automatique","Dakar"
"1786648154-312","https://www.gaaraas.com/electric_cars?_=1786646200315&button=&listing%5Bbrand_id%5D=&listing%5Bcar_type%5D=1&listing%5Bmaxprice%5D=160000001&listing%5Bminprice%5D=55309&page=85&utf8=%E2%9C%93","https://www.gaaraas.com/fr/vehicle_listings/annonce-kia-sportage-dakar-dakar-31206","Kia Sportage","2018","4 900 000","78 000 km","Automatique","Dakar"
"1786648157-313","https://www.gaaraas.com/electric_cars?_=1786646200315&button=&listing%5Bbrand_id%5D=&listing%5Bcar_type%5D=1&listing%5Bmaxprice%5D=160000001&listing%5Bminprice%5D=55309&page=85&utf8=%E2%9C%93","https://www.gaaraas.com/fr/vehicle_listings/annonce-nissan-altima-dakar-dakar-31208","Nissan Altima","Gris","","2012","Automatique","Dakar"
"1786648169-314","https://www.gaaraas.com/electric_cars?_=1786646200315&button=&listing%5Bbrand_id%5D=&listing%5Bcar_type%5D=1&listing%5Bmaxprice%5D=160000001&listing%5Bminprice%5D=55309&page=85&utf8=%E2%9C%93","https://www.gaaraas.com/fr/vehicle_listings/annonce-ford-edge-sel-dakar-dakar-31266","Ford Edge sel","2019","12 500 000","70 000 km","Automatique","Dakar"
"1786648181-315","https://www.gaaraas.com/electric_cars?_=1786646200315&button=&listing%5Bbrand_id%5D=&listing%5Bcar_type%5D=1&listing%5Bmaxprice%5D=160000001&listing%5Bminprice%5D=55309&page=84&utf8=%E2%9C%93","https://www.gaaraas.com/fr/vehicle_listings/annonce-mazda-cx3-dakar-scmz-31271","Mazda Cx3","2016","8 000 000","103 000 km","Automatique","Dakar"
"1786648184-316","https://www.gaaraas.com/electric_cars?_=1786646200315&button=&listing%5Bbrand_id%5D=&listing%5Bcar_type%5D=1&listing%5Bmaxprice%5D=160000001&listing%5Bminprice%5D=55309&page=84&utf8=%E2%9C%93","https://www.gaaraas.com/fr/vehicle_listings/annonce-renault-duster-dakar-scmz-31273","Renault Duster","2021","9 500 000","70 000 km","Automatique","Dakar"
"1786648187-317","https://www.gaaraas.com/electric_cars?_=1786646200315&button=&listing%5Bbrand_id%5D=&listing%5Bcar_type%5D=1&listing%5Bmaxprice%5D=160000001&listing%5Bminprice%5D=55309&page=84&utf8=%E2%9C%93","https://www.gaaraas.com/fr/vehicle_listings/annonce-renault-qm3-dakar-scmz-31280","Renault Qm3","2016","7 500 000","138 000 km","Automatique","Dakar"
"1786648190-318","https://www.gaaraas.com/electric_cars?_=1786646200315&button=&listing%5Bbrand_id%5D=&listing%5Bcar_type%5D=1&listing%5Bmaxprice%5D=160000001&listing%5Bminprice%5D=55309&page=84&utf8=%E2%9C%93","https://www.gaaraas.com/fr/vehicle_listings/annonce-hyundai-sonata-dakar-dakar-31281","Hyundai Sonata","2013","3 300 000","120 000 km","Automatique","Dakar"
"1786648193-319","https://www.gaaraas.com/electric_cars?_=1786646200315&button=&listing%5Bbrand_id%5D=&listing%5Bcar_type%5D=1&listing%5Bmaxprice%5D=160000001&listing%5Bminprice%5D=55309&page=84&utf8=%E2%9C%93","https://www.gaaraas.com/fr/vehicle_listings/annonce-hyundai-avante-dakar-scmz-31290","Hyundai Avante","N/A","7 500 000","78 000 km","Automatique","Dakar"
"1786648202-320","https://www.gaaraas.com/electric_cars?_=1786646200315&button=&listing%5Bbrand_id%5D=&listing%5Bcar_type%5D=1&listing%5Bmaxprice%5D=160000001&listing%5Bminprice%5D=55309&page=84&utf8=%E2%9C%93","https://www.gaaraas.com/fr/vehicle_listings/annonce-mitsubishi-rvr-dakar-dakar-31317","Mitsubishi RVR","Autre","3 900 000","N/A","Automatique","Dakar"
"1786648207-321","https://www.gaaraas.com/electric_cars?_=1786646200315&button=&listing%5Bbrand_id%5D=&listing%5Bcar_type%5D=1&listing%5Bmaxprice%5D=160000001&listing%5Bminprice%5D=55309&page=84&utf8=%E2%9C%93","https://www.gaaraas.com/fr/vehicle_listings/annonce-hyundai-veloster-dakar-dakar-31318","Hyundai Veloster","Autre","2 000 000","N/A","Automatique","Dakar"
"1786648213-322","https://www.gaaraas.com/electric_cars?_=1786646200315&button=&listing%5Bbrand_id%5D=&listing%5Bcar_type%5D=1&listing%5Bmaxprice%5D=160000001&listing%5Bminprice%5D=55309&page=84&utf8=%E2%9C%93","https://www.gaaraas.com/fr/vehicle_listings/annonce-renault-megane-dakar-dakar-31319","Renault Megane","Noir","2 900 000","N/A","Manuelle","Dakar"
"1786648217-323","https://www.gaaraas.com/electric_cars?_=1786646200315&button=&listing%5Bbrand_id%5D=&listing%5Bcar_type%5D=1&listing%5Bmaxprice%5D=160000001&listing%5Bminprice%5D=55309&page=84&utf8=%E2%9C%93","https://www.gaaraas.com/fr/vehicle_listings/annonce-hyundai-tucson-dakar-dakar-31320","Hyundai Tucson","Noir","1 850 000","N/A","Automatique","Dakar"
"1786648229-324","https://www.gaaraas.com/electric_cars?_=1786646200315&button=&listing%5Bbrand_id%5D=&listing%5Bcar_type%5D=1&listing%5Bmaxprice%5D=160000001&listing%5Bminprice%5D=55309&page=84&utf8=%E2%9C%93","https://www.gaaraas.com/fr/vehicle_listings/annonce-ford-escape-dakar-dakar-31321","Ford Escape","Autre","3 500 000","N/A","Automatique","Dakar"
"1786648239-325","https://www.gaaraas.com/electric_cars?_=1786646200315&button=&listing%5Bbrand_id%5D=&listing%5Bcar_type%5D=1&listing%5Bmaxprice%5D=160000001&listing%5Bminprice%5D=55309&page=84&utf8=%E2%9C%93","https://www.gaaraas.com/fr/vehicle_listings/annonce-ford-escape-dakar-dakar-31322","Ford Escape","Autre","2 700 000","N/A","Automatique","Dakar"
"1786648250-326","https://www.gaaraas.com/electric_cars?_=1786646200315&button=&listing%5Bbrand_id%5D=&listing%5Bcar_type%5D=1&listing%5Bmaxprice%5D=160000001&listing%5Bminprice%5D=55309&page=84&utf8=%E2%9C%93","https://www.gaaraas.com/fr/vehicle_listings/annonce-citroen-berlingo-dakar-dakar-31323","Citroen Berlingo","Blanc","3 750 000","N/A","Manuelle","Dakar"
"1786648253-327","https://www.gaaraas.com/electric_cars?_=1786646200315&button=&listing%5Bbrand_id%5D=&listing%5Bcar_type%5D=1&listing%5Bmaxprice%5D=160000001&listing%5Bminprice%5D=55309&page=84&utf8=%E2%9C%93","https://www.gaaraas.com/fr/vehicle_listings/annonce-renault-clio-dakar-dakar-31324","Renault Clio","Autre","3 800 000","N/A","Manuelle","Dakar"
"1786648259-328","https://www.gaaraas.com/electric_cars?_=1786646200315&button=&listing%5Bbrand_id%5D=&listing%5Bcar_type%5D=1&listing%5Bmaxprice%5D=160000001&listing%5Bminprice%5D=55309&page=84&utf8=%E2%9C%93","https://www.gaaraas.com/fr/vehicle_listings/annonce-peugeot-308-dakar-dakar-31325","Peugeot 308","Autre","3 600 000","N/A","Manuelle","Dakar"
"1786648262-329","https://www.gaaraas.com/electric_cars?_=1786646200315&button=&listing%5Bbrand_id%5D=&listing%5Bcar_type%5D=1&listing%5Bmaxprice%5D=160000001&listing%5Bminprice%5D=55309&page=84&utf8=%E2%9C%93","https://www.gaaraas.com/fr/vehicle_listings/annonce-range-rover-range-rover-dakar-dakar-31326","Range Rover Range Rover","Autre","5 000 000","N/A","Automatique","Dakar"
"1786648267-330","https://www.gaaraas.com/electric_cars?_=1786646200315&button=&listing%5Bbrand_id%5D=&listing%5Bcar_type%5D=1&listing%5Bmaxprice%5D=160000001&listing%5Bminprice%5D=55309&page=84&utf8=%E2%9C%93","https://www.gaaraas.com/fr/vehicle_listings/annonce-ford-focus-dakar-dakar-31327","Ford Focus","Blanc","2 500 000","N/A","Automatique","Dakar"
"1786648272-331","https://www.gaaraas.com/electric_cars?_=1786646200315&button=&listing%5Bbrand_id%5D=&listing%5Bcar_type%5D=1&listing%5Bmaxprice%5D=160000001&listing%5Bminprice%5D=55309&page=84&utf8=%E2%9C%93","https://www.gaaraas.com/fr/vehicle_listings/annonce-chevrolet-tracker-fatick-fatick-31328","Chevrolet Tracker","Autre","7 500 000","N/A","Automatique","Fatick"
"1786648274-332","https://www.gaaraas.com/electric_cars?_=1786646200315&button=&listing%5Bbrand_id%5D=&listing%5Bcar_type%5D=1&listing%5Bmaxprice%5D=160000001&listing%5Bminprice%5D=55309&page=84&utf8=%E2%9C%93","https://www.gaaraas.com/fr/vehicle_listings/annonce-bmw-x3-dakar-dakar-31329","BMW X3","Blanc","5 000 000","N/A","Automatique","Dakar"
"1786648281-333","https://www.gaaraas.com/electric_cars?_=1786646200315&button=&listing%5Bbrand_id%5D=&listing%5Bcar_type%5D=1&listing%5Bmaxprice%5D=160000001&listing%5Bminprice%5D=55309&page=84&utf8=%E2%9C%93","https://www.gaaraas.com/fr/vehicle_listings/annonce-mitsubishi-rvr-dakar-dakar-31330","Mitsubishi RVR","Autre","3 900 000","N/A","Automatique","Dakar"
"1786648284-334","https://www.gaaraas.com/electric_cars?_=1786646200315&button=&listing%5Bbrand_id%5D=&listing%5Bcar_type%5D=1&listing%5Bmaxprice%5D=160000001&listing%5Bminprice%5D=55309&page=84&utf8=%E2%9C%93","https://www.gaaraas.com/fr/vehicle_listings/annonce-renault-clio-dakar-dakar-31331","Renault Clio","Blanc","5 300 000","N/A","Manuelle","Dakar"
"1786648299-335","https://www.gaaraas.com/electric_cars?_=1786646200315&button=&listing%5Bbrand_id%5D=&listing%5Bcar_type%5D=1&listing%5Bmaxprice%5D=160000001&listing%5Bminprice%5D=55309&page=83&utf8=%E2%9C%93","https://www.gaaraas.com/fr/vehicle_listings/annonce-toyota-verso-dakar-dakar-31333","Toyota Verso","Autre","3 500 000","N/A","Manuelle","Dakar"
"1786648310-336","https://www.gaaraas.com/electric_cars?_=1786646200315&button=&listing%5Bbrand_id%5D=&listing%5Bcar_type%5D=1&listing%5Bmaxprice%5D=160000001&listing%5Bminprice%5D=55309&page=83&utf8=%E2%9C%93","https://www.gaaraas.com/fr/vehicle_listings/annonce-nissan-rogue-dakar-dakar-31334","Nissan Rogue","Noir","5 950 000","N/A","Automatique","Dakar"
"1786648320-337","https://www.gaaraas.com/electric_cars?_=1786646200315&button=&listing%5Bbrand_id%5D=&listing%5Bcar_type%5D=1&listing%5Bmaxprice%5D=160000001&listing%5Bminprice%5D=55309&page=83&utf8=%E2%9C%93","https://www.gaaraas.com/fr/vehicle_listings/annonce-peugeot-307-dakar-dakar-31335","Peugeot 307","Autre","3 000 000","N/A","Manuelle","Dakar"
"1786648331-338","https://www.gaaraas.com/electric_cars?_=1786646200315&button=&listing%5Bbrand_id%5D=&listing%5Bcar_type%5D=1&listing%5Bmaxprice%5D=160000001&listing%5Bminprice%5D=55309&page=83&utf8=%E2%9C%93","https://www.gaaraas.com/fr/vehicle_listings/annonce-peugeot-206-dakar-dakar-31336","Peugeot 206","Blanc","","N/A","Manuelle","Dakar"
"1786648339-339","https://www.gaaraas.com/electric_cars?_=1786646200315&button=&listing%5Bbrand_id%5D=&listing%5Bcar_type%5D=1&listing%5Bmaxprice%5D=160000001&listing%5Bminprice%5D=55309&page=83&utf8=%E2%9C%93","https://www.gaaraas.com/fr/vehicle_listings/annonce-ford-fusion-dakar-dakar-31337","Ford Fusion","Autre","3 200 000","N/A","Automatique","Dakar"
"1786648344-340","https://www.gaaraas.com/electric_cars?_=1786646200315&button=&listing%5Bbrand_id%5D=&listing%5Bcar_type%5D=1&listing%5Bmaxprice%5D=160000001&listing%5Bminprice%5D=55309&page=83&utf8=%E2%9C%93","https://www.gaaraas.com/fr/vehicle_listings/annonce-hyundai-santa-fe-dakar-dakar-31338","Hyundai Santa Fe","Autre","2 400 000","N/A","Automatique","Dakar"
"1786648350-341","https://www.gaaraas.com/electric_cars?_=1786646200315&button=&listing%5Bbrand_id%5D=&listing%5Bcar_type%5D=1&listing%5Bmaxprice%5D=160000001&listing%5Bminprice%5D=55309&page=83&utf8=%E2%9C%93","https://www.gaaraas.com/fr/vehicle_listings/annonce-hyundai-santa-fe-dakar-dakar-31339","Hyundai Santa Fe","Autre","2 400 000","N/A","Automatique","Dakar"
"1786648361-342","https://www.gaaraas.com/electric_cars?_=1786646200315&button=&listing%5Bbrand_id%5D=&listing%5Bcar_type%5D=1&listing%5Bmaxprice%5D=160000001&listing%5Bminprice%5D=55309&page=83&utf8=%E2%9C%93","https://www.gaaraas.com/fr/vehicle_listings/annonce-peugeot-207-dakar-dakar-31340","Peugeot 207","Bleu","3 100 000","N/A","Manuelle","Dakar"
"1786648378-343","https://www.gaaraas.com/electric_cars?_=1786646200315&button=&listing%5Bbrand_id%5D=&listing%5Bcar_type%5D=1&listing%5Bmaxprice%5D=160000001&listing%5Bminprice%5D=55309&page=83&utf8=%E2%9C%93","https://www.gaaraas.com/fr/vehicle_listings/annonce-ford-focus-dakar-dakar-31341","Ford Focus","Autre","3 200 000","N/A","Automatique","Dakar"
"1786648382-344","https://www.gaaraas.com/electric_cars?_=1786646200315&button=&listing%5Bbrand_id%5D=&listing%5Bcar_type%5D=1&listing%5Bmaxprice%5D=160000001&listing%5Bminprice%5D=55309&page=83&utf8=%E2%9C%93","https://www.gaaraas.com/fr/vehicle_listings/annonce-peugeot-5008-dakar-dakar-31342","Peugeot 5008","Noir","5 700 000","N/A","Manuelle","Dakar"
"1786648386-345","https://www.gaaraas.com/electric_cars?_=1786646200315&button=&listing%5Bbrand_id%5D=&listing%5Bcar_type%5D=1&listing%5Bmaxprice%5D=160000001&listing%5Bminprice%5D=55309&page=83&utf8=%E2%9C%93","https://www.gaaraas.com/fr/vehicle_listings/annonce-ford-focus-dakar-dakar-31343","Ford Focus","Autre","3 500 000","N/A","Automatique","Dakar"
"1786648389-346","https://www.gaaraas.com/electric_cars?_=1786646200315&button=&listing%5Bbrand_id%5D=&listing%5Bcar_type%5D=1&listing%5Bmaxprice%5D=160000001&listing%5Bminprice%5D=55309&page=83&utf8=%E2%9C%93","https://www.gaaraas.com/fr/vehicle_listings/annonce-renault-megane-dakar-dakar-31344","Renault Megane","Blanc","1 150 000","N/A","Automatique","Dakar"
"1786648392-347","https://www.gaaraas.com/electric_cars?_=1786646200315&button=&listing%5Bbrand_id%5D=&listing%5Bcar_type%5D=1&listing%5Bmaxprice%5D=160000001&listing%5Bminprice%5D=55309&page=83&utf8=%E2%9C%93","https://www.gaaraas.com/fr/vehicle_listings/annonce-hyundai-sonata-dakar-dakar-31345","Hyundai Sonata","Noir","5 900 000","N/A","Automatique","Dakar"
"1786648399-348","https://www.gaaraas.com/electric_cars?_=1786646200315&button=&listing%5Bbrand_id%5D=&listing%5Bcar_type%5D=1&listing%5Bmaxprice%5D=160000001&listing%5Bminprice%5D=55309&page=83&utf8=%E2%9C%93","https://www.gaaraas.com/fr/vehicle_listings/annonce-hyundai-santa-fe-dakar-dakar-31346","Hyundai Santa Fe","Blanc","5 600 000","N/A","Automatique","Dakar"
"1786648405-349","https://www.gaaraas.com/electric_cars?_=1786646200315&button=&listing%5Bbrand_id%5D=&listing%5Bcar_type%5D=1&listing%5Bmaxprice%5D=160000001&listing%5Bminprice%5D=55309&page=83&utf8=%E2%9C%93","https://www.gaaraas.com/fr/vehicle_listings/annonce-toyota-hilux-dakar-dakar-31347","Toyota Hilux","Autre","8 000 000","N/A","Automatique","Dakar"
"1786648411-350","https://www.gaaraas.com/electric_cars?_=1786646200315&button=&listing%5Bbrand_id%5D=&listing%5Bcar_type%5D=1&listing%5Bmaxprice%5D=160000001&listing%5Bminprice%5D=55309&page=83&utf8=%E2%9C%93","https://www.gaaraas.com/fr/vehicle_listings/annonce-ford-focus-dakar-dakar-31348","Ford Focus","Noir","2 750 000","N/A","Automatique","Dakar"
"1786648415-351","https://www.gaaraas.com/electric_cars?_=1786646200315&button=&listing%5Bbrand_id%5D=&listing%5Bcar_type%5D=1&listing%5Bmaxprice%5D=160000001&listing%5Bminprice%5D=55309&page=83&utf8=%E2%9C%93","https://www.gaaraas.com/fr/vehicle_listings/annonce-hyundai-santa-fe-dakar-dakar-31349","Hyundai Santa Fe","Blanc","6 750 000","N/A","Automatique","Dakar"
"1786648424-352","https://www.gaaraas.com/electric_cars?_=1786646200315&button=&listing%5Bbrand_id%5D=&listing%5Bcar_type%5D=1&listing%5Bmaxprice%5D=160000001&listing%5Bminprice%5D=55309&page=83&utf8=%E2%9C%93","https://www.gaaraas.com/fr/vehicle_listings/annonce-chevrolet-equinox-dakar-dakar-31350","Chevrolet Equinox","Noir","3 200 000","N/A","Automatique","Dakar"
"1786648431-353","https://www.gaaraas.com/electric_cars?_=1786646200315&button=&listing%5Bbrand_id%5D=&listing%5Bcar_type%5D=1&listing%5Bmaxprice%5D=160000001&listing%5Bminprice%5D=55309&page=83&utf8=%E2%9C%93","https://www.gaaraas.com/fr/vehicle_listings/annonce-kia-sorento-dakar-dakar-31351","Kia Sorento","Autre","11 700 000","N/A","Automatique","Dakar"
"1786648435-354","https://www.gaaraas.com/electric_cars?_=1786646200315&button=&listing%5Bbrand_id%5D=&listing%5Bcar_type%5D=1&listing%5Bmaxprice%5D=160000001&listing%5Bminprice%5D=55309&page=83&utf8=%E2%9C%93","https://www.gaaraas.com/fr/vehicle_listings/annonce-renault-arkana-xm3-dakar-scmz-31373","Renault Arkana xm3","2021","11 500 000","110 450 km","Manuelle","Dakar"
"1786648450-355","https://www.gaaraas.com/electric_cars?_=1786646200315&button=&listing%5Bbrand_id%5D=&listing%5Bcar_type%5D=1&listing%5Bmaxprice%5D=160000001&listing%5Bminprice%5D=55309&page=82&utf8=%E2%9C%93","https://www.gaaraas.com/fr/vehicle_listings/annonce-hyundai-santa-fe-dakar-scmz-31381","Hyundai Santa Fe","N/A","10 500 000","82 550 km","Automatique","Dakar"
"1786648457-356","https://www.gaaraas.com/electric_cars?_=1786646200315&button=&listing%5Bbrand_id%5D=&listing%5Bcar_type%5D=1&listing%5Bmaxprice%5D=160000001&listing%5Bminprice%5D=55309&page=82&utf8=%E2%9C%93","https://www.gaaraas.com/fr/vehicle_listings/annonce-bmw-x5-dakar-scmz-31420","BMW X5","2020","35 000 000","65 000 km","Automatique","Dakar"
"1786648460-357","https://www.gaaraas.com/electric_cars?_=1786646200315&button=&listing%5Bbrand_id%5D=&listing%5Bcar_type%5D=1&listing%5Bmaxprice%5D=160000001&listing%5Bminprice%5D=55309&page=82&utf8=%E2%9C%93","https://www.gaaraas.com/fr/vehicle_listings/annonce-toyota-land-cruiser-dakar-scmz-31426","Toyota Land Cruiser","2015","30 000 000","58 000 km","Automatique","Dakar"
"1786648464-358","https://www.gaaraas.com/electric_cars?_=1786646200315&button=&listing%5Bbrand_id%5D=&listing%5Bcar_type%5D=1&listing%5Bmaxprice%5D=160000001&listing%5Bminprice%5D=55309&page=82&utf8=%E2%9C%93","https://www.gaaraas.com/fr/vehicle_listings/annonce-renault-samsung-qm3-dakar-scmz-31444","Renault Samsung Qm3","N/A","7 500 000","64 000 km","Automatique","Dakar"
"1786648468-359","https://www.gaaraas.com/electric_cars?_=1786646200315&button=&listing%5Bbrand_id%5D=&listing%5Bcar_type%5D=1&listing%5Bmaxprice%5D=160000001&listing%5Bminprice%5D=55309&page=82&utf8=%E2%9C%93","https://www.gaaraas.com/fr/vehicle_listings/annonce-ford-mustang-dakar-dakar-31446","FORD MUSTANG","Blanc","6 000 000","2012","Automatique","Dakar"
"1786648477-360","https://www.gaaraas.com/electric_cars?_=1786646200315&button=&listing%5Bbrand_id%5D=&listing%5Bcar_type%5D=1&listing%5Bmaxprice%5D=160000001&listing%5Bminprice%5D=55309&page=82&utf8=%E2%9C%93","https://www.gaaraas.com/fr/vehicle_listings/annonce-lexus-gx-dakar-dakar-31520","Lexus GX","2022","","33 000 km","Automatique","Dakar"
"1786648481-361","https://www.gaaraas.com/electric_cars?_=1786646200315&button=&listing%5Bbrand_id%5D=&listing%5Bcar_type%5D=1&listing%5Bmaxprice%5D=160000001&listing%5Bminprice%5D=55309&page=82&utf8=%E2%9C%93","https://www.gaaraas.com/fr/vehicle_listings/annonce-hyundai-santa-fe-dakar-scmz-31527","Hyundai Santa Fe","N/A","18 000 000","81 000 km","Automatique","Dakar"
"1786648485-362","https://www.gaaraas.com/electric_cars?_=1786646200315&button=&listing%5Bbrand_id%5D=&listing%5Bcar_type%5D=1&listing%5Bmaxprice%5D=160000001&listing%5Bminprice%5D=55309&page=82&utf8=%E2%9C%93","https://www.gaaraas.com/fr/vehicle_listings/annonce-toyota-hiace-dakar-dakar-31642","Toyota Hiace","2022","","90 000 km","Manuelle","Dakar"
"1786648489-363","https://www.gaaraas.com/electric_cars?_=1786646200315&button=&listing%5Bbrand_id%5D=&listing%5Bcar_type%5D=1&listing%5Bmaxprice%5D=160000001&listing%5Bminprice%5D=55309&page=82&utf8=%E2%9C%93","https://www.gaaraas.com/fr/vehicle_listings/annonce-renault-kadjar-dakar-scmz-31643","Renault Kadjar","2019","7 500 000","72 800 km","Automatique","Dakar"
"1786648494-364","https://www.gaaraas.com/electric_cars?_=1786646200315&button=&listing%5Bbrand_id%5D=&listing%5Bcar_type%5D=1&listing%5Bmaxprice%5D=160000001&listing%5Bminprice%5D=55309&page=82&utf8=%E2%9C%93","https://www.gaaraas.com/fr/vehicle_listings/annonce-citroen-c4-cactus-dakar-scmz-31644","Citroen C4 Cactus","2022","8 500 000","45 000 km","Automatique","Dakar"
"1786648516-365","https://www.gaaraas.com/electric_cars?_=1786646200315&button=&listing%5Bbrand_id%5D=&listing%5Bcar_type%5D=1&listing%5Bmaxprice%5D=160000001&listing%5Bminprice%5D=55309&page=82&utf8=%E2%9C%93","https://www.gaaraas.com/fr/vehicle_listings/annonce-bmw-x1-dakar-dakar-31654","BMW X1","2021","16 980 000","0 km","Automatique","Dakar"
"1786648520-366","https://www.gaaraas.com/electric_cars?_=1786646200315&button=&listing%5Bbrand_id%5D=&listing%5Bcar_type%5D=1&listing%5Bmaxprice%5D=160000001&listing%5Bminprice%5D=55309&page=82&utf8=%E2%9C%93","https://www.gaaraas.com/fr/vehicle_listings/annonce-renault-duster-dakar-scmz-31656","Renault Duster","N/A","6 500 000","80 000 km","Manuelle","Dakar"
"1786648525-367","https://www.gaaraas.com/electric_cars?_=1786646200315&button=&listing%5Bbrand_id%5D=&listing%5Bcar_type%5D=1&listing%5Bmaxprice%5D=160000001&listing%5Bminprice%5D=55309&page=82&utf8=%E2%9C%93","https://www.gaaraas.com/fr/vehicle_listings/annonce-ford-ranger-dakar-dakar-31658","Ford Ranger","2024","16 850 000","10 079 km","Automatique","Dakar"
"1786648531-368","https://www.gaaraas.com/electric_cars?_=1786646200315&button=&listing%5Bbrand_id%5D=&listing%5Bcar_type%5D=1&listing%5Bmaxprice%5D=160000001&listing%5Bminprice%5D=55309&page=82&utf8=%E2%9C%93","https://www.gaaraas.com/fr/vehicle_listings/annonce-renault-samsung-qm3-dakar-scmz-31659","Renault Samsung Qm3","N/A","7 500 000","90 000 km","Automatique","Dakar"
"1786648536-369","https://www.gaaraas.com/electric_cars?_=1786646200315&button=&listing%5Bbrand_id%5D=&listing%5Bcar_type%5D=1&listing%5Bmaxprice%5D=160000001&listing%5Bminprice%5D=55309&page=82&utf8=%E2%9C%93","https://www.gaaraas.com/fr/vehicle_listings/annonce-peugeot-207-dakar-dakar-31665","Peugeot 207","2013","3 750 000","0 km","Manuelle","Dakar"
"1786648548-370","https://www.gaaraas.com/electric_cars?_=1786646200315&button=&listing%5Bbrand_id%5D=&listing%5Bcar_type%5D=1&listing%5Bmaxprice%5D=160000001&listing%5Bminprice%5D=55309&page=82&utf8=%E2%9C%93","https://www.gaaraas.com/fr/vehicle_listings/annonce-lincoln-mkc-dakar-dakar-31667","Lincoln MKC","2016","","120 000 km","Automatique","Dakar"
"1786648552-371","https://www.gaaraas.com/electric_cars?_=1786646200315&button=&listing%5Bbrand_id%5D=&listing%5Bcar_type%5D=1&listing%5Bmaxprice%5D=160000001&listing%5Bminprice%5D=55309&page=82&utf8=%E2%9C%93","https://www.gaaraas.com/fr/vehicle_listings/annonce-mercedes-benz-a-180-dakar-scmz-31669","Mercedes Benz a 180","2017","14 500 000","19 000 km","Automatique","Dakar"
"1786648558-372","https://www.gaaraas.com/electric_cars?_=1786646200315&button=&listing%5Bbrand_id%5D=&listing%5Bcar_type%5D=1&listing%5Bmaxprice%5D=160000001&listing%5Bminprice%5D=55309&page=82&utf8=%E2%9C%93","https://www.gaaraas.com/fr/vehicle_listings/annonce-toyota-rav4-dakar-dakar-31672","Toyota RAV4","2020","","72 500 km","Manuelle","Dakar"
"1786648564-373","https://www.gaaraas.com/electric_cars?_=1786646200315&button=&listing%5Bbrand_id%5D=&listing%5Bcar_type%5D=1&listing%5Bmaxprice%5D=160000001&listing%5Bminprice%5D=55309&page=82&utf8=%E2%9C%93","https://www.gaaraas.com/fr/vehicle_listings/annonce-peugeot-308-dakar-scmz-31680","Peugeot 308","2017","6 500 000","108 000 km","Manuelle","Dakar"
"1786648571-374","https://www.gaaraas.com/electric_cars?_=1786646200315&button=&listing%5Bbrand_id%5D=&listing%5Bcar_type%5D=1&listing%5Bmaxprice%5D=160000001&listing%5Bminprice%5D=55309&page=82&utf8=%E2%9C%93","https://www.gaaraas.com/fr/vehicle_listings/annonce-peugeot-308-dakar-scmz-31681","Peugeot 308","2017","6 500 000","106 000 km","Manuelle","Dakar"
"1786648582-375","https://www.gaaraas.com/electric_cars?_=1786646200315&button=&listing%5Bbrand_id%5D=&listing%5Bcar_type%5D=1&listing%5Bmaxprice%5D=160000001&listing%5Bminprice%5D=55309&page=81&utf8=%E2%9C%93","https://www.gaaraas.com/fr/vehicle_listings/annonce-kia-sportage-dakar-scmz-31684","Kia Sportage","2022","16 500 000","25 000 km","Automatique","Dakar"
"1786648586-376","https://www.gaaraas.com/electric_cars?_=1786646200315&button=&listing%5Bbrand_id%5D=&listing%5Bcar_type%5D=1&listing%5Bmaxprice%5D=160000001&listing%5Bminprice%5D=55309&page=81&utf8=%E2%9C%93","https://www.gaaraas.com/fr/vehicle_listings/annonce-toyota-camry-dakar-dakar-31784","Toyota Camry","2010","3 500 000","135 566 km","Automatique","Dakar"
"1786648593-377","https://www.gaaraas.com/electric_cars?_=1786646200315&button=&listing%5Bbrand_id%5D=&listing%5Bcar_type%5D=1&listing%5Bmaxprice%5D=160000001&listing%5Bminprice%5D=55309&page=81&utf8=%E2%9C%93","https://www.gaaraas.com/fr/vehicle_listings/annonce-mercedes-benz-gle-dakar-dakar-31931","Mercedes‒Benz GLE","2023","","15 000 km","Automatique","Dakar"
"1786648598-378","https://www.gaaraas.com/electric_cars?_=1786646200315&button=&listing%5Bbrand_id%5D=&listing%5Bcar_type%5D=1&listing%5Bmaxprice%5D=160000001&listing%5Bminprice%5D=55309&page=81&utf8=%E2%9C%93","https://www.gaaraas.com/fr/vehicle_listings/annonce-toyota-hilux-dakar-dakar-31932","Toyota Hilux","2011","4 500 000","107 373 km","Manuelle","Dakar"
"1786648603-379","https://www.gaaraas.com/electric_cars?_=1786646200315&button=&listing%5Bbrand_id%5D=&listing%5Bcar_type%5D=1&listing%5Bmaxprice%5D=160000001&listing%5Bminprice%5D=55309&page=81&utf8=%E2%9C%93","https://www.gaaraas.com/fr/vehicle_listings/annonce-toyota-hilux-dakar-dakar-31933","Toyota Hilux","Rouge","31 300 000","2025","Automatique","Dakar"
"1786648615-380","https://www.gaaraas.com/electric_cars?_=1786646200315&button=&listing%5Bbrand_id%5D=&listing%5Bcar_type%5D=1&listing%5Bmaxprice%5D=160000001&listing%5Bminprice%5D=55309&page=81&utf8=%E2%9C%93","https://www.gaaraas.com/fr/vehicle_listings/annonce-citroen-berlingo-dakar-dakar-31953","Citroen Berlingo","2008","","92 862 km","Manuelle","Dakar"
"1786648624-381","https://www.gaaraas.com/electric_cars?_=1786646200315&button=&listing%5Bbrand_id%5D=&listing%5Bcar_type%5D=1&listing%5Bmaxprice%5D=160000001&listing%5Bminprice%5D=55309&page=81&utf8=%E2%9C%93","https://www.gaaraas.com/fr/vehicle_listings/annonce-renault-samsung-qm3-dakar-scmz-31955","Renault Samsung Qm3","2016","7 500 000","110 770 km","Automatique","Dakar"
"1786648629-382","https://www.gaaraas.com/electric_cars?_=1786646200315&button=&listing%5Bbrand_id%5D=&listing%5Bcar_type%5D=1&listing%5Bmaxprice%5D=160000001&listing%5Bminprice%5D=55309&page=81&utf8=%E2%9C%93","https://www.gaaraas.com/fr/vehicle_listings/annonce-isuzu-d-max-dakar-scmz-31956","Isuzu D-max","2019","10 000 000","114 000 km","Manuelle","Dakar"
"1786648695-383","https://www.gaaraas.com/electric_cars?_=1786646200315&button=&listing%5Bbrand_id%5D=&listing%5Bcar_type%5D=1&listing%5Bmaxprice%5D=160000001&listing%5Bminprice%5D=55309&page=81&utf8=%E2%9C%93","https://www.gaaraas.com/fr/vehicle_listings/annonce-renault-samsung-qm3-dakar-scmz-31957","Renault Samsung Qm3","2016","7 500 000","147 840 km","Automatique","Dakar"
"1786648704-384","https://www.gaaraas.com/electric_cars?_=1786646200315&button=&listing%5Bbrand_id%5D=&listing%5Bcar_type%5D=1&listing%5Bmaxprice%5D=160000001&listing%5Bminprice%5D=55309&page=81&utf8=%E2%9C%93","https://www.gaaraas.com/fr/vehicle_listings/annonce-chevrolet-traverse-dakar-scmz-31958","Chevrolet Traverse","2017","9 900 000","83 000 km","Automatique","Dakar"
"1786648720-385","https://www.gaaraas.com/electric_cars?_=1786646200315&button=&listing%5Bbrand_id%5D=&listing%5Bcar_type%5D=1&listing%5Bmaxprice%5D=160000001&listing%5Bminprice%5D=55309&page=81&utf8=%E2%9C%93","https://www.gaaraas.com/fr/vehicle_listings/annonce-chevrolet-trax-dakar-scmz-31964","Chevrolet Trax","2017","8 000 000","82 850 km","Automatique","Dakar"
"1786648727-386","https://www.gaaraas.com/electric_cars?_=1786646200315&button=&listing%5Bbrand_id%5D=&listing%5Bcar_type%5D=1&listing%5Bmaxprice%5D=160000001&listing%5Bminprice%5D=55309&page=81&utf8=%E2%9C%93","https://www.gaaraas.com/fr/vehicle_listings/annonce-ford-focus-dakar-dakar-31977","Ford Focus","2017","","187 000 km","Manuelle","Dakar"
"1786648734-387","https://www.gaaraas.com/electric_cars?_=1786646200315&button=&listing%5Bbrand_id%5D=&listing%5Bcar_type%5D=1&listing%5Bmaxprice%5D=160000001&listing%5Bminprice%5D=55309&page=81&utf8=%E2%9C%93","https://www.gaaraas.com/fr/vehicle_listings/annonce-mitsubishi-l200-dakar-scmz-31978","Mitsubishi L200","2022","15 500 000","76 000 km","Manuelle","Dakar"
"1786648745-388","https://www.gaaraas.com/electric_cars?_=1786646200315&button=&listing%5Bbrand_id%5D=&listing%5Bcar_type%5D=1&listing%5Bmaxprice%5D=160000001&listing%5Bminprice%5D=55309&page=81&utf8=%E2%9C%93","https://www.gaaraas.com/fr/vehicle_listings/annonce-toyota-rav-4-dakar-scmz-31979","Toyota Rav 4","2019","17 000 000","192 600 km","Automatique","Dakar"
"1786648752-389","https://www.gaaraas.com/electric_cars?_=1786646200315&button=&listing%5Bbrand_id%5D=&listing%5Bcar_type%5D=1&listing%5Bmaxprice%5D=160000001&listing%5Bminprice%5D=55309&page=81&utf8=%E2%9C%93","https://www.gaaraas.com/fr/vehicle_listings/annonce-renault-duster-dakar-scmz-31994","Renault Duster","2021","10 000 000","42 610 km","Automatique","Dakar"
"1786648757-390","https://www.gaaraas.com/electric_cars?_=1786646200315&button=&listing%5Bbrand_id%5D=&listing%5Bcar_type%5D=1&listing%5Bmaxprice%5D=160000001&listing%5Bminprice%5D=55309&page=81&utf8=%E2%9C%93","https://www.gaaraas.com/fr/vehicle_listings/annonce-renault-samsung-sm3-dakar-scmz-31995","Renault Samsung SM3","2016","6 000 000","137 381 km","Automatique","Dakar"
"1786648763-391","https://www.gaaraas.com/electric_cars?_=1786646200315&button=&listing%5Bbrand_id%5D=&listing%5Bcar_type%5D=1&listing%5Bmaxprice%5D=160000001&listing%5Bminprice%5D=55309&page=81&utf8=%E2%9C%93","https://www.gaaraas.com/fr/vehicle_listings/annonce-kia-sonet-dakar-scmz-31996","Kia Sonet","2021","8 500 000","38 945 km","Manuelle","Dakar"
"1786648769-392","https://www.gaaraas.com/electric_cars?_=1786646200315&button=&listing%5Bbrand_id%5D=&listing%5Bcar_type%5D=1&listing%5Bmaxprice%5D=160000001&listing%5Bminprice%5D=55309&page=81&utf8=%E2%9C%93","https://www.gaaraas.com/fr/vehicle_listings/annonce-ford-mustang-dakar-dakar-31999","FORD MUSTANG","2014","3 500 000","200 000 km","Automatique","Dakar"
"1786648777-393","https://www.gaaraas.com/electric_cars?_=1786646200315&button=&listing%5Bbrand_id%5D=&listing%5Bcar_type%5D=1&listing%5Bmaxprice%5D=160000001&listing%5Bminprice%5D=55309&page=81&utf8=%E2%9C%93","https://www.gaaraas.com/fr/vehicle_listings/annonce-peugeot-5008-dakar-dakar-32005","Peugeot 5008","2021","16 500 000","137 000 km","Automatique","Dakar"
"1786648783-394","https://www.gaaraas.com/electric_cars?_=1786646200315&button=&listing%5Bbrand_id%5D=&listing%5Bcar_type%5D=1&listing%5Bmaxprice%5D=160000001&listing%5Bminprice%5D=55309&page=81&utf8=%E2%9C%93","https://www.gaaraas.com/fr/vehicle_listings/annonce-hyundai-kona-dakar-scmz-32006","Hyundai Kona","Gris métallisé","20 500 000","2024","Automatique","Dakar"
"1786648809-395","https://www.gaaraas.com/electric_cars?_=1786646200315&button=&listing%5Bbrand_id%5D=&listing%5Bcar_type%5D=1&listing%5Bmaxprice%5D=160000001&listing%5Bminprice%5D=55309&page=80&utf8=%E2%9C%93","https://www.gaaraas.com/fr/vehicle_listings/annonce-mercedes-glc-250-dakar-scmz-32009","Mercedes Glc 250","2017","26 000 000","141 688 km","Automatique","Dakar"
"1786648817-396","https://www.gaaraas.com/electric_cars?_=1786646200315&button=&listing%5Bbrand_id%5D=&listing%5Bcar_type%5D=1&listing%5Bmaxprice%5D=160000001&listing%5Bminprice%5D=55309&page=80&utf8=%E2%9C%93","https://www.gaaraas.com/fr/vehicle_listings/annonce-mitsubishi-asx-dakar-scmz-32010","Mitsubishi ASX","2019","6 000 000","68 216 km","Manuelle","Dakar"
"1786648823-397","https://www.gaaraas.com/electric_cars?_=1786646200315&button=&listing%5Bbrand_id%5D=&listing%5Bcar_type%5D=1&listing%5Bmaxprice%5D=160000001&listing%5Bminprice%5D=55309&page=80&utf8=%E2%9C%93","https://www.gaaraas.com/fr/vehicle_listings/annonce-hyundai-ioniq-dakar-scmz-32030","Hyundai IONIQ","2021","10 500 000","265 000 km","Automatique","Dakar"
"1786648881-398","https://www.gaaraas.com/electric_cars?_=1786646200315&button=&listing%5Bbrand_id%5D=&listing%5Bcar_type%5D=1&listing%5Bmaxprice%5D=160000001&listing%5Bminprice%5D=55309&page=80&utf8=%E2%9C%93","https://www.gaaraas.com/fr/vehicle_listings/annonce-peugeot-308-dakar-scmz-32035","Peugeot 308","2018","9 820 000","54 500 km","Manuelle","Dakar"
"1786648921-399","https://www.gaaraas.com/electric_cars?_=1786646200315&button=&listing%5Bbrand_id%5D=&listing%5Bcar_type%5D=1&listing%5Bmaxprice%5D=160000001&listing%5Bminprice%5D=55309&page=80&utf8=%E2%9C%93","https://www.gaaraas.com/fr/vehicle_listings/annonce-peugeot-308-dakar-scmz-32040","Peugeot 308","2018","9 590 000","115 000 km","Automatique","Dakar"
"1786648933-400","https://www.gaaraas.com/electric_cars?_=1786646200315&button=&listing%5Bbrand_id%5D=&listing%5Bcar_type%5D=1&listing%5Bmaxprice%5D=160000001&listing%5Bminprice%5D=55309&page=80&utf8=%E2%9C%93","https://www.gaaraas.com/fr/vehicle_listings/annonce-hyundai-santa-fe-dakar-dakar-32048","Hyundai Santa Fe","2018","9 200 000","12 000 km","Automatique","Dakar"
"1786648948-401","https://www.gaaraas.com/electric_cars?_=1786646200315&button=&listing%5Bbrand_id%5D=&listing%5Bcar_type%5D=1&listing%5Bmaxprice%5D=160000001&listing%5Bminprice%5D=55309&page=80&utf8=%E2%9C%93","https://www.gaaraas.com/fr/vehicle_listings/annonce-citroen-c4-dakar-dakar-32049","Citroen C4","2017","6 000 000","85 000 km","Manuelle","Dakar"
"1786648956-402","https://www.gaaraas.com/electric_cars?_=1786646200315&button=&listing%5Bbrand_id%5D=&listing%5Bcar_type%5D=1&listing%5Bmaxprice%5D=160000001&listing%5Bminprice%5D=55309&page=80&utf8=%E2%9C%93","https://www.gaaraas.com/fr/vehicle_listings/annonce-kia-sportage-dakar-dakar-32050","Kia Sportage","2017","9 300 000","12 000 km","Automatique","Dakar"
"1786648976-403","https://www.gaaraas.com/electric_cars?_=1786646200315&button=&listing%5Bbrand_id%5D=&listing%5Bcar_type%5D=1&listing%5Bmaxprice%5D=160000001&listing%5Bminprice%5D=55309&page=80&utf8=%E2%9C%93","https://www.gaaraas.com/fr/vehicle_listings/annonce-toyota-corolla-dakar-dakar-32051","Toyota Corolla","2008","1 600 000","12 000 km","Manuelle","Dakar"
"1786648986-404","https://www.gaaraas.com/electric_cars?_=1786646200315&button=&listing%5Bbrand_id%5D=&listing%5Bcar_type%5D=1&listing%5Bmaxprice%5D=160000001&listing%5Bminprice%5D=55309&page=80&utf8=%E2%9C%93","https://www.gaaraas.com/fr/vehicle_listings/annonce-mitsubishi-rvr-dakar-dakar-32052","Mitsubishi RVR","2021","4 500 000","12 000 km","Automatique","Dakar"
"1786648995-405","https://www.gaaraas.com/electric_cars?_=1786646200315&button=&listing%5Bbrand_id%5D=&listing%5Bcar_type%5D=1&listing%5Bmaxprice%5D=160000001&listing%5Bminprice%5D=55309&page=80&utf8=%E2%9C%93","https://www.gaaraas.com/fr/vehicle_listings/annonce-toyota-hilux-dakar-dakar-32053","Toyota Hilux","2020","4 850 000","200 000 km","Manuelle","Dakar"
"1786649004-406","https://www.gaaraas.com/electric_cars?_=1786646200315&button=&listing%5Bbrand_id%5D=&listing%5Bcar_type%5D=1&listing%5Bmaxprice%5D=160000001&listing%5Bminprice%5D=55309&page=80&utf8=%E2%9C%93","https://www.gaaraas.com/fr/vehicle_listings/annonce-peugeot-307-dakar-dakar-32054","Peugeot 307","2010","2 600 000","100 000 km","Manuelle","Dakar"
"1786649019-407","https://www.gaaraas.com/electric_cars?_=1786646200315&button=&listing%5Bbrand_id%5D=&listing%5Bcar_type%5D=1&listing%5Bmaxprice%5D=160000001&listing%5Bminprice%5D=55309&page=80&utf8=%E2%9C%93","https://www.gaaraas.com/fr/vehicle_listings/annonce-jeep-compass-dakar-dakar-32055","Jeep Compass","2015","3 600 000","12 000 km","Automatique","Dakar"
"1786649027-408","https://www.gaaraas.com/electric_cars?_=1786646200315&button=&listing%5Bbrand_id%5D=&listing%5Bcar_type%5D=1&listing%5Bmaxprice%5D=160000001&listing%5Bminprice%5D=55309&page=80&utf8=%E2%9C%93","https://www.gaaraas.com/fr/vehicle_listings/annonce-citroen-berlingo-dakar-dakar-32056","Citroen Berlingo","2018","5 500 000","12 000 km","Manuelle","Dakar"
"1786649036-409","https://www.gaaraas.com/electric_cars?_=1786646200315&button=&listing%5Bbrand_id%5D=&listing%5Bcar_type%5D=1&listing%5Bmaxprice%5D=160000001&listing%5Bminprice%5D=55309&page=80&utf8=%E2%9C%93","https://www.gaaraas.com/fr/vehicle_listings/annonce-chevrolet-spark-dakar-dakar-32057","Chevrolet Spark","2015","3 300 000","12 000 km","Automatique","Dakar"
"1786649045-410","https://www.gaaraas.com/electric_cars?_=1786646200315&button=&listing%5Bbrand_id%5D=&listing%5Bcar_type%5D=1&listing%5Bmaxprice%5D=160000001&listing%5Bminprice%5D=55309&page=80&utf8=%E2%9C%93","https://www.gaaraas.com/fr/vehicle_listings/annonce-peugeot-307-dakar-dakar-32058","Peugeot 307","2015","3 600 000","12 000 km","Manuelle","Dakar"
"1786649058-411","https://www.gaaraas.com/electric_cars?_=1786646200315&button=&listing%5Bbrand_id%5D=&listing%5Bcar_type%5D=1&listing%5Bmaxprice%5D=160000001&listing%5Bminprice%5D=55309&page=80&utf8=%E2%9C%93","https://www.gaaraas.com/fr/vehicle_listings/annonce-toyota-avensis-dakar-dakar-32059","Toyota Avensis","2015","2 950 000","12 000 km","Manuelle","Dakar"
"1786649067-412","https://www.gaaraas.com/electric_cars?_=1786646200315&button=&listing%5Bbrand_id%5D=&listing%5Bcar_type%5D=1&listing%5Bmaxprice%5D=160000001&listing%5Bminprice%5D=55309&page=80&utf8=%E2%9C%93","https://www.gaaraas.com/fr/vehicle_listings/annonce-ford-fiesta-dakar-dakar-32060","Ford Fiesta","2013","1 850 000","93 000 km","Automatique","Dakar"
"1786649076-413","https://www.gaaraas.com/electric_cars?_=1786646200315&button=&listing%5Bbrand_id%5D=&listing%5Bcar_type%5D=1&listing%5Bmaxprice%5D=160000001&listing%5Bminprice%5D=55309&page=80&utf8=%E2%9C%93","https://www.gaaraas.com/fr/vehicle_listings/annonce-citroen-c3-dakar-dakar-32061","Citroen C3","2014","1 990 000","12 000 km","Manuelle","Dakar"
"1786649084-414","https://www.gaaraas.com/electric_cars?_=1786646200315&button=&listing%5Bbrand_id%5D=&listing%5Bcar_type%5D=1&listing%5Bmaxprice%5D=160000001&listing%5Bminprice%5D=55309&page=80&utf8=%E2%9C%93","https://www.gaaraas.com/fr/vehicle_listings/annonce-mercedes-benz-g-klasse-amg-dakar-dakar-32062","Mercedes‒Benz G-klasse AMG","2016","4 900 000","285 000 km","Manuelle","Dakar"
"1786649184-415","https://www.gaaraas.com/electric_cars?_=1786646200315&button=&listing%5Bbrand_id%5D=&listing%5Bcar_type%5D=1&listing%5Bmaxprice%5D=160000001&listing%5Bminprice%5D=55309&page=79&utf8=%E2%9C%93","https://www.gaaraas.com/fr/vehicle_listings/annonce-peugeot-307-dakar-dakar-32063","Peugeot 307","2007","3 000 000","100 000 km","Manuelle","Dakar"
"1786649204-416","https://www.gaaraas.com/electric_cars?_=1786646200315&button=&listing%5Bbrand_id%5D=&listing%5Bcar_type%5D=1&listing%5Bmaxprice%5D=160000001&listing%5Bminprice%5D=55309&page=79&utf8=%E2%9C%93","https://www.gaaraas.com/fr/vehicle_listings/annonce-peugeot-307-dakar-dakar-32064","Peugeot 307","2012","2 800 000","12 000 km","Manuelle","Dakar"
"1786649214-417","https://www.gaaraas.com/electric_cars?_=1786646200315&button=&listing%5Bbrand_id%5D=&listing%5Bcar_type%5D=1&listing%5Bmaxprice%5D=160000001&listing%5Bminprice%5D=55309&page=79&utf8=%E2%9C%93","https://www.gaaraas.com/fr/vehicle_listings/annonce-iveco-massif-dakar-dakar-32065","IVECO Massif","2016","12 000 000","100 000 km","Manuelle","Dakar"
"1786649222-418","https://www.gaaraas.com/electric_cars?_=1786646200315&button=&listing%5Bbrand_id%5D=&listing%5Bcar_type%5D=1&listing%5Bmaxprice%5D=160000001&listing%5Bminprice%5D=55309&page=79&utf8=%E2%9C%93","https://www.gaaraas.com/fr/vehicle_listings/annonce-hyundai-sonata-dakar-dakar-32066","Hyundai Sonata","2016","4 850 000","102 000 km","Automatique","Dakar"
"1786649232-419","https://www.gaaraas.com/electric_cars?_=1786646200315&button=&listing%5Bbrand_id%5D=&listing%5Bcar_type%5D=1&listing%5Bmaxprice%5D=160000001&listing%5Bminprice%5D=55309&page=79&utf8=%E2%9C%93","https://www.gaaraas.com/fr/vehicle_listings/annonce-mercedes-benz-740li-dakar-dakar-32067","Mercedes-Benz 740Li","2016","1 500 000","12 000 km","Manuelle","Dakar"
"1786649241-420","https://www.gaaraas.com/electric_cars?_=1786646200315&button=&listing%5Bbrand_id%5D=&listing%5Bcar_type%5D=1&listing%5Bmaxprice%5D=160000001&listing%5Bminprice%5D=55309&page=79&utf8=%E2%9C%93","https://www.gaaraas.com/fr/vehicle_listings/annonce-citroen-c3-dakar-dakar-32068","Citroen C3","2014","1 700 000","12 000 km","Manuelle","Dakar"
"1786649251-421","https://www.gaaraas.com/electric_cars?_=1786646200315&button=&listing%5Bbrand_id%5D=&listing%5Bcar_type%5D=1&listing%5Bmaxprice%5D=160000001&listing%5Bminprice%5D=55309&page=79&utf8=%E2%9C%93","https://www.gaaraas.com/fr/vehicle_listings/annonce-mercedes-benz-cls250-dakar-dakar-32069","Mercedes-Benz CLS250","2015","4 600 000","12 000 km","Automatique","Dakar"
"1786649260-422","https://www.gaaraas.com/electric_cars?_=1786646200315&button=&listing%5Bbrand_id%5D=&listing%5Bcar_type%5D=1&listing%5Bmaxprice%5D=160000001&listing%5Bminprice%5D=55309&page=79&utf8=%E2%9C%93","https://www.gaaraas.com/fr/vehicle_listings/annonce-range-rover-evoque-dakar-dakar-32070","Range Rover Evoque","2016","9 700 000","12 000 km","Automatique","Dakar"
"1786649268-423","https://www.gaaraas.com/electric_cars?_=1786646200315&button=&listing%5Bbrand_id%5D=&listing%5Bcar_type%5D=1&listing%5Bmaxprice%5D=160000001&listing%5Bminprice%5D=55309&page=79&utf8=%E2%9C%93","https://www.gaaraas.com/fr/vehicle_listings/annonce-hyundai-tucson-dakar-dakar-32071","Hyundai Tucson","2017","2 500 000","100 000 km","Manuelle","Dakar"
"1786649278-424","https://www.gaaraas.com/electric_cars?_=1786646200315&button=&listing%5Bbrand_id%5D=&listing%5Bcar_type%5D=1&listing%5Bmaxprice%5D=160000001&listing%5Bminprice%5D=55309&page=79&utf8=%E2%9C%93","https://www.gaaraas.com/fr/vehicle_listings/annonce-hyundai-tucson-dakar-dakar-32072","Hyundai Tucson","2012","2 500 000","12 000 km","Manuelle","Dakar"
"1786649288-425","https://www.gaaraas.com/electric_cars?_=1786646200315&button=&listing%5Bbrand_id%5D=&listing%5Bcar_type%5D=1&listing%5Bmaxprice%5D=160000001&listing%5Bminprice%5D=55309&page=79&utf8=%E2%9C%93","https://www.gaaraas.com/fr/vehicle_listings/annonce-peugeot-308-dakar-dakar-32073","Peugeot 308","2012","","100 000 km","Manuelle","Dakar"
"1786649297-426","https://www.gaaraas.com/electric_cars?_=1786646200315&button=&listing%5Bbrand_id%5D=&listing%5Bcar_type%5D=1&listing%5Bmaxprice%5D=160000001&listing%5Bminprice%5D=55309&page=79&utf8=%E2%9C%93","https://www.gaaraas.com/fr/vehicle_listings/annonce-cizeta-v16t-dakar-dakar-32074","Cizeta V16t","2011","2 700 000","12 000 km","Manuelle","Dakar"
"1786649308-427","https://www.gaaraas.com/electric_cars?_=1786646200315&button=&listing%5Bbrand_id%5D=&listing%5Bcar_type%5D=1&listing%5Bmaxprice%5D=160000001&listing%5Bminprice%5D=55309&page=79&utf8=%E2%9C%93","https://www.gaaraas.com/fr/vehicle_listings/annonce-peugeot-207-dakar-dakar-32075","Peugeot 207","2010","2 700 000","12 000 km","Manuelle","Dakar"
"1786649318-428","https://www.gaaraas.com/electric_cars?_=1786646200315&button=&listing%5Bbrand_id%5D=&listing%5Bcar_type%5D=1&listing%5Bmaxprice%5D=160000001&listing%5Bminprice%5D=55309&page=79&utf8=%E2%9C%93","https://www.gaaraas.com/fr/vehicle_listings/annonce-hyundai-tucson-dakar-dakar-32076","Hyundai Tucson","2017","8 800 000","12 000 km","Automatique","Dakar"
"1786649447-429","https://www.gaaraas.com/electric_cars?_=1786646200315&button=&listing%5Bbrand_id%5D=&listing%5Bcar_type%5D=1&listing%5Bmaxprice%5D=160000001&listing%5Bminprice%5D=55309&page=79&utf8=%E2%9C%93","https://www.gaaraas.com/fr/vehicle_listings/annonce-bmw-x3-dakar-dakar-32078","BMW X3","2017","11 500 000","100 000 km","Automatique","Dakar"
"1786649455-430","https://www.gaaraas.com/electric_cars?_=1786646200315&button=&listing%5Bbrand_id%5D=&listing%5Bcar_type%5D=1&listing%5Bmaxprice%5D=160000001&listing%5Bminprice%5D=55309&page=79&utf8=%E2%9C%93","https://www.gaaraas.com/fr/vehicle_listings/annonce-kia-sportage-dakar-scmz-32079","Kia Sportage","2023","24 000 000","61 000 km","Automatique","Dakar"
"1786649474-431","https://www.gaaraas.com/electric_cars?_=1786646200315&button=&listing%5Bbrand_id%5D=&listing%5Bcar_type%5D=1&listing%5Bmaxprice%5D=160000001&listing%5Bminprice%5D=55309&page=79&utf8=%E2%9C%93","https://www.gaaraas.com/fr/vehicle_listings/annonce-toyota-highlander-dakar-dakar-32080","Toyota Highlander","2018","15 000 000","12 000 km","Automatique","Dakar"
"1786649483-432","https://www.gaaraas.com/electric_cars?_=1786646200315&button=&listing%5Bbrand_id%5D=&listing%5Bcar_type%5D=1&listing%5Bmaxprice%5D=160000001&listing%5Bminprice%5D=55309&page=79&utf8=%E2%9C%93","https://www.gaaraas.com/fr/vehicle_listings/annonce-ford-fusion-kolda-dabo-32081","Ford Fusion","2016","2 600 000","200 000 km","Automatique","Dabo"
"1786649490-433","https://www.gaaraas.com/electric_cars?_=1786646200315&button=&listing%5Bbrand_id%5D=&listing%5Bcar_type%5D=1&listing%5Bmaxprice%5D=160000001&listing%5Bminprice%5D=55309&page=79&utf8=%E2%9C%93","https://www.gaaraas.com/fr/vehicle_listings/annonce-toyota-highlander-dakar-dakar-32082","Toyota Highlander","2018","15 000 000","12 000 km","Automatique","Dakar"
"1786649520-434","https://www.gaaraas.com/electric_cars?_=1786646200315&button=&listing%5Bbrand_id%5D=&listing%5Bcar_type%5D=1&listing%5Bmaxprice%5D=160000001&listing%5Bminprice%5D=55309&page=78&utf8=%E2%9C%93","https://www.gaaraas.com/fr/vehicle_listings/annonce-peugeot-307-dakar-dakar-32083","Peugeot 307","2015","2 800 000","12 000 km","Automatique","Dakar"
"1786649530-435","https://www.gaaraas.com/electric_cars?_=1786646200315&button=&listing%5Bbrand_id%5D=&listing%5Bcar_type%5D=1&listing%5Bmaxprice%5D=160000001&listing%5Bminprice%5D=55309&page=78&utf8=%E2%9C%93","https://www.gaaraas.com/fr/vehicle_listings/annonce-peugeot-307-dakar-dakar-32084","Peugeot 307","2008","6 500 000","12 000 km","Automatique","Dakar"
"1786649538-436","https://www.gaaraas.com/electric_cars?_=1786646200315&button=&listing%5Bbrand_id%5D=&listing%5Bcar_type%5D=1&listing%5Bmaxprice%5D=160000001&listing%5Bminprice%5D=55309&page=78&utf8=%E2%9C%93","https://www.gaaraas.com/fr/vehicle_listings/annonce-toyota-avensis-dakar-dakar-32085","Toyota Avensis","2016","5 600 000","12 000 km","Automatique","Dakar"
"1786649547-437","https://www.gaaraas.com/electric_cars?_=1786646200315&button=&listing%5Bbrand_id%5D=&listing%5Bcar_type%5D=1&listing%5Bmaxprice%5D=160000001&listing%5Bminprice%5D=55309&page=78&utf8=%E2%9C%93","https://www.gaaraas.com/fr/vehicle_listings/annonce-kia-forte-dakar-damniadio-32086","Kia Forte","2017","5 000 000","107 000 km","Automatique","Damniadio"
"1786649554-438","https://www.gaaraas.com/electric_cars?_=1786646200315&button=&listing%5Bbrand_id%5D=&listing%5Bcar_type%5D=1&listing%5Bmaxprice%5D=160000001&listing%5Bminprice%5D=55309&page=78&utf8=%E2%9C%93","https://www.gaaraas.com/fr/vehicle_listings/annonce-ford-focus-dakar-dakar-32087","Ford Focus","2018","2 850 000","12 000 km","Automatique","Dakar"
"1786649561-439","https://www.gaaraas.com/electric_cars?_=1786646200315&button=&listing%5Bbrand_id%5D=&listing%5Bcar_type%5D=1&listing%5Bmaxprice%5D=160000001&listing%5Bminprice%5D=55309&page=78&utf8=%E2%9C%93","https://www.gaaraas.com/fr/vehicle_listings/annonce-kia-sportage-dakar-dakar-32088","Kia Sportage","2017","","85 000 km","Automatique","Dakar"
"1786649570-440","https://www.gaaraas.com/electric_cars?_=1786646200315&button=&listing%5Bbrand_id%5D=&listing%5Bcar_type%5D=1&listing%5Bmaxprice%5D=160000001&listing%5Bminprice%5D=55309&page=78&utf8=%E2%9C%93","https://www.gaaraas.com/fr/vehicle_listings/annonce-citroen-c4-cactus-dakar-dakar-32089","Citroen C4 cactus","2017","5 300 000","12 000 km","Manuelle","Dakar"
"1786649579-441","https://www.gaaraas.com/electric_cars?_=1786646200315&button=&listing%5Bbrand_id%5D=&listing%5Bcar_type%5D=1&listing%5Bmaxprice%5D=160000001&listing%5Bminprice%5D=55309&page=78&utf8=%E2%9C%93","https://www.gaaraas.com/fr/vehicle_listings/annonce-citroen-c3-dakar-dakar-32090","Citroen C3","2016","","12 000 km","Manuelle","Dakar"
"1786649687-442","https://www.gaaraas.com/electric_cars?_=1786646200315&button=&listing%5Bbrand_id%5D=&listing%5Bcar_type%5D=1&listing%5Bmaxprice%5D=160000001&listing%5Bminprice%5D=55309&page=78&utf8=%E2%9C%93","https://www.gaaraas.com/fr/vehicle_listings/annonce-hyundai-grandeur-dakar-dakar-32092","Hyundai Grandeur","2014","4 900 000","12 000 km","Automatique","Dakar"
"1786649697-443","https://www.gaaraas.com/electric_cars?_=1786646200315&button=&listing%5Bbrand_id%5D=&listing%5Bcar_type%5D=1&listing%5Bmaxprice%5D=160000001&listing%5Bminprice%5D=55309&page=78&utf8=%E2%9C%93","https://www.gaaraas.com/fr/vehicle_listings/annonce-ford-fiesta-dakar-dakar-32093","Ford Fiesta","2013","2 800 000","12 000 km","Automatique","Dakar"
"1786649705-444","https://www.gaaraas.com/electric_cars?_=1786646200315&button=&listing%5Bbrand_id%5D=&listing%5Bcar_type%5D=1&listing%5Bmaxprice%5D=160000001&listing%5Bminprice%5D=55309&page=78&utf8=%E2%9C%93","https://www.gaaraas.com/fr/vehicle_listings/annonce-ford-edge-dakar-dakar-32094","Ford Edge","2015","6 000 000","100 000 km","Automatique","Dakar"
"1786649786-445","https://www.gaaraas.com/electric_cars?_=1786646200315&button=&listing%5Bbrand_id%5D=&listing%5Bcar_type%5D=1&listing%5Bmaxprice%5D=160000001&listing%5Bminprice%5D=55309&page=78&utf8=%E2%9C%93","https://www.gaaraas.com/fr/vehicle_listings/annonce-renault-sandero-dakar-dakar-32096","Renault Sandero","2017","6 700 000","12 000 km","Automatique","Dakar"
"1786649789-446","https://www.gaaraas.com/electric_cars?_=1786646200315&button=&listing%5Bbrand_id%5D=&listing%5Bcar_type%5D=1&listing%5Bmaxprice%5D=160000001&listing%5Bminprice%5D=55309&page=78&utf8=%E2%9C%93","https://www.gaaraas.com/fr/vehicle_listings/annonce-range-rover-evoque-kolda-dabo-32097","Range Rover Evoque","2021","35 000 000","12 000 km","Automatique","Dabo"
"1786649791-447","https://www.gaaraas.com/electric_cars?_=1786646200315&button=&listing%5Bbrand_id%5D=&listing%5Bcar_type%5D=1&listing%5Bmaxprice%5D=160000001&listing%5Bminprice%5D=55309&page=78&utf8=%E2%9C%93","https://www.gaaraas.com/fr/vehicle_listings/annonce-mazda-cx-5-kolda-dabo-32098","Mazda CX-5","2018","18 900 000","200 000 km","Automatique","Dabo"
"1786649796-448","https://www.gaaraas.com/electric_cars?_=1786646200315&button=&listing%5Bbrand_id%5D=&listing%5Bcar_type%5D=1&listing%5Bmaxprice%5D=160000001&listing%5Bminprice%5D=55309&page=78&utf8=%E2%9C%93","https://www.gaaraas.com/fr/vehicle_listings/annonce-peugeot-2008-allure-dakar-dakar-32099","Peugeot 2008 allure","2023","","0 km","Automatique","Dakar"
"1786649806-449","https://www.gaaraas.com/electric_cars?_=1786646200315&button=&listing%5Bbrand_id%5D=&listing%5Bcar_type%5D=1&listing%5Bmaxprice%5D=160000001&listing%5Bminprice%5D=55309&page=78&utf8=%E2%9C%93","https://www.gaaraas.com/fr/vehicle_listings/annonce-mini-one-dakar-dakar-32102","MINI Autres","Red","","2025","Manuelle","Dakar"
"1786649814-450","https://www.gaaraas.com/electric_cars?_=1786646200315&button=&listing%5Bbrand_id%5D=&listing%5Bcar_type%5D=1&listing%5Bmaxprice%5D=160000001&listing%5Bminprice%5D=55309&page=78&utf8=%E2%9C%93","https://www.gaaraas.com/fr/vehicle_listings/annonce-mini-one-dakar-dakar-32106","MINI Autres","Red","","2025","Manuelle","Dakar"
"1786649820-451","https://www.gaaraas.com/electric_cars?_=1786646200315&button=&listing%5Bbrand_id%5D=&listing%5Bcar_type%5D=1&listing%5Bmaxprice%5D=160000001&listing%5Bminprice%5D=55309&page=78&utf8=%E2%9C%93","https://www.gaaraas.com/fr/vehicle_listings/annonce-mini-one-dakar-dakar-32131","MINI Autres","Red","","2025","Manuelle","Dakar"
"1786649827-452","https://www.gaaraas.com/electric_cars?_=1786646200315&button=&listing%5Bbrand_id%5D=&listing%5Bcar_type%5D=1&listing%5Bmaxprice%5D=160000001&listing%5Bminprice%5D=55309&page=77&utf8=%E2%9C%93","https://www.gaaraas.com/fr/vehicle_listings/annonce-mini-one-dakar-dakar-32133","MINI Autres","Red","","2025","Manuelle","Dakar"
"1786649830-453","https://www.gaaraas.com/electric_cars?_=1786646200315&button=&listing%5Bbrand_id%5D=&listing%5Bcar_type%5D=1&listing%5Bmaxprice%5D=160000001&listing%5Bminprice%5D=55309&page=77&utf8=%E2%9C%93","https://www.gaaraas.com/fr/vehicle_listings/annonce-toyota-tacoma-dakar-dakar-32136","Toyota Tacoma","Blanc","33 250 000","2025","Automatique","Dakar"
"1786649832-454","https://www.gaaraas.com/electric_cars?_=1786646200315&button=&listing%5Bbrand_id%5D=&listing%5Bcar_type%5D=1&listing%5Bmaxprice%5D=160000001&listing%5Bminprice%5D=55309&page=77&utf8=%E2%9C%93","https://www.gaaraas.com/fr/vehicle_listings/annonce-chevrolet-equinox-dakar-dakar-32137","Chevrolet Equinox","2018","3 950 000","83 503 km","Automatique","Dakar"
"1786649836-455","https://www.gaaraas.com/electric_cars?_=1786646200315&button=&listing%5Bbrand_id%5D=&listing%5Bcar_type%5D=1&listing%5Bmaxprice%5D=160000001&listing%5Bminprice%5D=55309&page=77&utf8=%E2%9C%93","https://www.gaaraas.com/fr/vehicle_listings/annonce-ford-focus-dakar-dakar-32141","Ford Focus","2018","3 200 000","144 000 km","Automatique","Dakar"
"1786649838-456","https://www.gaaraas.com/electric_cars?_=1786646200315&button=&listing%5Bbrand_id%5D=&listing%5Bcar_type%5D=1&listing%5Bmaxprice%5D=160000001&listing%5Bminprice%5D=55309&page=77&utf8=%E2%9C%93","https://www.gaaraas.com/fr/vehicle_listings/annonce-hyundai-santa-fe-dakar-dakar-32142","Hyundai Santa Fe","2022","24 000 000","57 000 km","Automatique","Dakar"
"1786649841-457","https://www.gaaraas.com/electric_cars?_=1786646200315&button=&listing%5Bbrand_id%5D=&listing%5Bcar_type%5D=1&listing%5Bmaxprice%5D=160000001&listing%5Bminprice%5D=55309&page=77&utf8=%E2%9C%93","https://www.gaaraas.com/fr/vehicle_listings/annonce-land-rover-range-rover-velar-dakar-dakar-32143","Land Rover Range Rover Velar","2021","35 000 000","65 000 km","Automatique","Dakar"
"1786649843-458","https://www.gaaraas.com/electric_cars?_=1786646200315&button=&listing%5Bbrand_id%5D=&listing%5Bcar_type%5D=1&listing%5Bmaxprice%5D=160000001&listing%5Bminprice%5D=55309&page=77&utf8=%E2%9C%93","https://www.gaaraas.com/fr/vehicle_listings/annonce-chevrolet-cruze-dakar-dakar-32144","Chevrolet Cruze","2014","3 700 000","117 000 km","Automatique","Dakar"
"1786649846-459","https://www.gaaraas.com/electric_cars?_=1786646200315&button=&listing%5Bbrand_id%5D=&listing%5Bcar_type%5D=1&listing%5Bmaxprice%5D=160000001&listing%5Bminprice%5D=55309&page=77&utf8=%E2%9C%93","https://www.gaaraas.com/fr/vehicle_listings/annonce-dacia-logan-dakar-dakar-32145","Dacia Logan","2008","2 500 000","65 000 km","Automatique","Dakar"
"1786649849-460","https://www.gaaraas.com/electric_cars?_=1786646200315&button=&listing%5Bbrand_id%5D=&listing%5Bcar_type%5D=1&listing%5Bmaxprice%5D=160000001&listing%5Bminprice%5D=55309&page=77&utf8=%E2%9C%93","https://www.gaaraas.com/fr/vehicle_listings/annonce-ford-fusion-dakar-rufisque-32146","Ford Fusion","2014","3 000 000","99 000 km","Automatique","Rufisque"
"1786649851-461","https://www.gaaraas.com/electric_cars?_=1786646200315&button=&listing%5Bbrand_id%5D=&listing%5Bcar_type%5D=1&listing%5Bmaxprice%5D=160000001&listing%5Bminprice%5D=55309&page=77&utf8=%E2%9C%93","https://www.gaaraas.com/fr/vehicle_listings/annonce-hyundai-sonata-dakar-dakar-32147","Hyundai Sonata","2015","4 500 000","180 000 km","Automatique","Dakar"
"1786649854-462","https://www.gaaraas.com/electric_cars?_=1786646200315&button=&listing%5Bbrand_id%5D=&listing%5Bcar_type%5D=1&listing%5Bmaxprice%5D=160000001&listing%5Bminprice%5D=55309&page=77&utf8=%E2%9C%93","https://www.gaaraas.com/fr/vehicle_listings/annonce-citroen-c3-dakar-dakar-32148","Citroen C3","2019","2 200 000","155 000 km","Manuelle","Dakar"
"1786649856-463","https://www.gaaraas.com/electric_cars?_=1786646200315&button=&listing%5Bbrand_id%5D=&listing%5Bcar_type%5D=1&listing%5Bmaxprice%5D=160000001&listing%5Bminprice%5D=55309&page=77&utf8=%E2%9C%93","https://www.gaaraas.com/fr/vehicle_listings/annonce-ford-fusion-dakar-dakar-32149","Ford Fusion","2013","3 900 000","129 000 km","Automatique","Dakar"
"1786649859-464","https://www.gaaraas.com/electric_cars?_=1786646200315&button=&listing%5Bbrand_id%5D=&listing%5Bcar_type%5D=1&listing%5Bmaxprice%5D=160000001&listing%5Bminprice%5D=55309&page=77&utf8=%E2%9C%93","https://www.gaaraas.com/fr/vehicle_listings/annonce-jeep-renegade-dakar-dakar-32150","Jeep Renegade","2018","5 800 000","106 000 km","Automatique","Dakar"
"1786649861-465","https://www.gaaraas.com/electric_cars?_=1786646200315&button=&listing%5Bbrand_id%5D=&listing%5Bcar_type%5D=1&listing%5Bmaxprice%5D=160000001&listing%5Bminprice%5D=55309&page=77&utf8=%E2%9C%93","https://www.gaaraas.com/fr/vehicle_listings/annonce-renault-duster-dakar-scmz-32193","Renault Duster","2018","6 500 000","79 291 km","Manuelle","Dakar"
"1786649864-466","https://www.gaaraas.com/electric_cars?_=1786646200315&button=&listing%5Bbrand_id%5D=&listing%5Bcar_type%5D=1&listing%5Bmaxprice%5D=160000001&listing%5Bminprice%5D=55309&page=77&utf8=%E2%9C%93","https://www.gaaraas.com/fr/vehicle_listings/annonce-hyundai-palisade-dakar-scmz-32194","Hyundai Palisade","2020","18 500 000","133 231 km","Automatique","Dakar"
"1786649866-467","https://www.gaaraas.com/electric_cars?_=1786646200315&button=&listing%5Bbrand_id%5D=&listing%5Bcar_type%5D=1&listing%5Bmaxprice%5D=160000001&listing%5Bminprice%5D=55309&page=77&utf8=%E2%9C%93","https://www.gaaraas.com/fr/vehicle_listings/annonce-hyundai-accent-dakar-scmz-32197","Hyundai Accent","2024","16 000 000","34 000 km","Automatique","Dakar"
"1786649869-468","https://www.gaaraas.com/electric_cars?_=1786646200315&button=&listing%5Bbrand_id%5D=&listing%5Bcar_type%5D=1&listing%5Bmaxprice%5D=160000001&listing%5Bminprice%5D=55309&page=77&utf8=%E2%9C%93","https://www.gaaraas.com/fr/vehicle_listings/annonce-citroen-c4-cactus-dakar-scmz-32203","Citroen C4 Cactus","2017","7 500 000","105 297 km","Automatique","Dakar"
"1786649872-469","https://www.gaaraas.com/electric_cars?_=1786646200315&button=&listing%5Bbrand_id%5D=&listing%5Bcar_type%5D=1&listing%5Bmaxprice%5D=160000001&listing%5Bminprice%5D=55309&page=77&utf8=%E2%9C%93","https://www.gaaraas.com/fr/vehicle_listings/annonce-renault-samsung-qm6-dakar-scmz-32204","Renault Samsung QM6","2017","12 500 000","200 950 km","Automatique","Dakar"
"1786649874-470","https://www.gaaraas.com/electric_cars?_=1786646200315&button=&listing%5Bbrand_id%5D=&listing%5Bcar_type%5D=1&listing%5Bmaxprice%5D=160000001&listing%5Bminprice%5D=55309&page=77&utf8=%E2%9C%93","https://www.gaaraas.com/fr/vehicle_listings/annonce-mercedes-gle-450-4matic-dakar-scmz-32205","Mercedes Gle 450 4matic","2021","47 500 000","51 019 km","Automatique","Dakar"
"1786649876-471","https://www.gaaraas.com/electric_cars?_=1786646200315&button=&listing%5Bbrand_id%5D=&listing%5Bcar_type%5D=1&listing%5Bmaxprice%5D=160000001&listing%5Bminprice%5D=55309&page=77&utf8=%E2%9C%93","https://www.gaaraas.com/fr/vehicle_listings/annonce-renault-clio-dakar-dakar-32207","Renault Clio","2002","","98 500 km","Manuelle","Dakar"
"1786649882-472","https://www.gaaraas.com/electric_cars?_=1786646200315&button=&listing%5Bbrand_id%5D=&listing%5Bcar_type%5D=1&listing%5Bmaxprice%5D=160000001&listing%5Bminprice%5D=55309&page=76&utf8=%E2%9C%93","https://www.gaaraas.com/fr/vehicle_listings/annonce-toyota-corolla-dakar-scmz-32209","Toyota Corolla","2022","14 500 000","57 019 km","Automatique","Dakar"
"1786649884-473","https://www.gaaraas.com/electric_cars?_=1786646200315&button=&listing%5Bbrand_id%5D=&listing%5Bcar_type%5D=1&listing%5Bmaxprice%5D=160000001&listing%5Bminprice%5D=55309&page=76&utf8=%E2%9C%93","https://www.gaaraas.com/fr/vehicle_listings/annonce-roewe-i5-dakar-scmz-32224","Roewe I5","Blanc","16 600 000","2025","Automatique","Dakar"
"1786649890-474","https://www.gaaraas.com/electric_cars?_=1786646200315&button=&listing%5Bbrand_id%5D=&listing%5Bcar_type%5D=1&listing%5Bmaxprice%5D=160000001&listing%5Bminprice%5D=55309&page=76&utf8=%E2%9C%93","https://www.gaaraas.com/fr/vehicle_listings/annonce-land-rover-discovery-dakar-dakar-32225","Land Rover Discovery","2016","9 500 000","90 000 km","Automatique","Dakar"
"1786649892-475","https://www.gaaraas.com/electric_cars?_=1786646200315&button=&listing%5Bbrand_id%5D=&listing%5Bcar_type%5D=1&listing%5Bmaxprice%5D=160000001&listing%5Bminprice%5D=55309&page=76&utf8=%E2%9C%93","https://www.gaaraas.com/fr/vehicle_listings/annonce-roewe-rx5-plus-dakar-scmz-32226","Roewe Rx5 plus","Gris métallisé","21 600 000","2025","Automatique","Dakar"
"1786649895-476","https://www.gaaraas.com/electric_cars?_=1786646200315&button=&listing%5Bbrand_id%5D=&listing%5Bcar_type%5D=1&listing%5Bmaxprice%5D=160000001&listing%5Bminprice%5D=55309&page=76&utf8=%E2%9C%93","https://www.gaaraas.com/fr/vehicle_listings/annonce-nissan-np300-dakar-scmz-32231","Nissan Np300","2021","8 500 000","115 164 km","Manuelle","Dakar"
"1786649898-477","https://www.gaaraas.com/electric_cars?_=1786646200315&button=&listing%5Bbrand_id%5D=&listing%5Bcar_type%5D=1&listing%5Bmaxprice%5D=160000001&listing%5Bminprice%5D=55309&page=76&utf8=%E2%9C%93","https://www.gaaraas.com/fr/vehicle_listings/annonce-beijing-a1-dakar-dakar-32242","Beijing A1","Blanc","","2025","Automatique","Dakar"
"1786649902-478","https://www.gaaraas.com/electric_cars?_=1786646200315&button=&listing%5Bbrand_id%5D=&listing%5Bcar_type%5D=1&listing%5Bmaxprice%5D=160000001&listing%5Bminprice%5D=55309&page=76&utf8=%E2%9C%93","https://www.gaaraas.com/fr/vehicle_listings/annonce-peugeot-508-dakar-dakar-32247","Peugeot 508","2013","","249 000 km","Automatique","Dakar"
"1786649906-479","https://www.gaaraas.com/electric_cars?_=1786646200315&button=&listing%5Bbrand_id%5D=&listing%5Bcar_type%5D=1&listing%5Bmaxprice%5D=160000001&listing%5Bminprice%5D=55309&page=76&utf8=%E2%9C%93","https://www.gaaraas.com/fr/vehicle_listings/annonce-acura-el-bagmati-kathmandu-32248","Acura EL","Noir","970 000","2025","Manuelle","Kathmandu"
"1786649909-480","https://www.gaaraas.com/electric_cars?_=1786646200315&button=&listing%5Bbrand_id%5D=&listing%5Bcar_type%5D=1&listing%5Bmaxprice%5D=160000001&listing%5Bminprice%5D=55309&page=76&utf8=%E2%9C%93","https://www.gaaraas.com/fr/vehicle_listings/annonce-hyundai-elantra-dakar-dakar-32250","Hyundai Elantra","2012","","262 000 km","Automatique","Dakar"
"1786649916-481","https://www.gaaraas.com/electric_cars?_=1786646200315&button=&listing%5Bbrand_id%5D=&listing%5Bcar_type%5D=1&listing%5Bmaxprice%5D=160000001&listing%5Bminprice%5D=55309&page=76&utf8=%E2%9C%93","https://www.gaaraas.com/fr/vehicle_listings/annonce-renault-captur-dakar-scmz-32253","Renault Captur","2019","7 490 000","103 000 km","Manuelle","Dakar"
"1786649923-482","https://www.gaaraas.com/electric_cars?_=1786646200315&button=&listing%5Bbrand_id%5D=&listing%5Bcar_type%5D=1&listing%5Bmaxprice%5D=160000001&listing%5Bminprice%5D=55309&page=76&utf8=%E2%9C%93","https://www.gaaraas.com/fr/vehicle_listings/annonce-renault-megane-dakar-scmz-32254","Renault Megane","2017","7 620 000","178 000 km","Manuelle","Dakar"
"1786649925-483","https://www.gaaraas.com/electric_cars?_=1786646200315&button=&listing%5Bbrand_id%5D=&listing%5Bcar_type%5D=1&listing%5Bmaxprice%5D=160000001&listing%5Bminprice%5D=55309&page=76&utf8=%E2%9C%93","https://www.gaaraas.com/fr/vehicle_listings/annonce-iran-khodro-samand-dakar-dakar-32257","Iran Khodro Samand","2009","","101 850 km","Manuelle","Dakar"
"1786649931-484","https://www.gaaraas.com/electric_cars?_=1786646200315&button=&listing%5Bbrand_id%5D=&listing%5Bcar_type%5D=1&listing%5Bmaxprice%5D=160000001&listing%5Bminprice%5D=55309&page=76&utf8=%E2%9C%93","https://www.gaaraas.com/fr/vehicle_listings/annonce-ford-edge-sel-dakar-dakar-32258","Ford Edge sel","2017","8 500 000","103 000 km","Manuelle","Dakar"
"1786649934-485","https://www.gaaraas.com/electric_cars?_=1786646200315&button=&listing%5Bbrand_id%5D=&listing%5Bcar_type%5D=1&listing%5Bmaxprice%5D=160000001&listing%5Bminprice%5D=55309&page=76&utf8=%E2%9C%93","https://www.gaaraas.com/fr/vehicle_listings/annonce-renault-19-dakar-dakar-32259","Renault 19","2000","","136 000 km","Manuelle","Dakar"
"1786649938-486","https://www.gaaraas.com/electric_cars?_=1786646200315&button=&listing%5Bbrand_id%5D=&listing%5Bcar_type%5D=1&listing%5Bmaxprice%5D=160000001&listing%5Bminprice%5D=55309&page=76&utf8=%E2%9C%93","https://www.gaaraas.com/fr/vehicle_listings/annonce-peugeot-3008-dakar-dakar-32260","Peugeot 3008","2018","","99 990 km","Automatique","Dakar"
"1786649941-487","https://www.gaaraas.com/electric_cars?_=1786646200315&button=&listing%5Bbrand_id%5D=&listing%5Bcar_type%5D=1&listing%5Bmaxprice%5D=160000001&listing%5Bminprice%5D=55309&page=76&utf8=%E2%9C%93","https://www.gaaraas.com/fr/vehicle_listings/annonce-chevrolet-cruze-dakar-dakar-32261","Chevrolet Cruze","2013","","233 829 km","Manuelle","Dakar"
"1786649944-488","https://www.gaaraas.com/electric_cars?_=1786646200315&button=&listing%5Bbrand_id%5D=&listing%5Bcar_type%5D=1&listing%5Bmaxprice%5D=160000001&listing%5Bminprice%5D=55309&page=76&utf8=%E2%9C%93","https://www.gaaraas.com/fr/vehicle_listings/annonce-mitsubishi-pajero-dakar-dakar-32262","Mitsubishi Pajero","2017","13 500 000","118 000 km","Automatique","Dakar"
"1786649947-489","https://www.gaaraas.com/electric_cars?_=1786646200315&button=&listing%5Bbrand_id%5D=&listing%5Bcar_type%5D=1&listing%5Bmaxprice%5D=160000001&listing%5Bminprice%5D=55309&page=76&utf8=%E2%9C%93","https://www.gaaraas.com/fr/vehicle_listings/annonce-hyundai-santa-fe-dakar-dakar-32263","Hyundai Santa Fe","2015","7 500 000","213 000 km","Manuelle","Dakar"
"1786649949-490","https://www.gaaraas.com/electric_cars?_=1786646200315&button=&listing%5Bbrand_id%5D=&listing%5Bcar_type%5D=1&listing%5Bmaxprice%5D=160000001&listing%5Bminprice%5D=55309&page=76&utf8=%E2%9C%93","https://www.gaaraas.com/fr/vehicle_listings/annonce-mercedes-benz-gle-dakar-dakar-32264","Mercedes‒Benz GLE","2017","","115 000 km","Automatique","Dakar"
"1786649952-491","https://www.gaaraas.com/electric_cars?_=1786646200315&button=&listing%5Bbrand_id%5D=&listing%5Bcar_type%5D=1&listing%5Bmaxprice%5D=160000001&listing%5Bminprice%5D=55309&page=76&utf8=%E2%9C%93","https://www.gaaraas.com/fr/vehicle_listings/annonce-peugeot-308-region-de-thies-thies-32265","Peugeot 308","2014","","185 000 km","Manuelle","Thiès"
"1786649959-492","https://www.gaaraas.com/electric_cars?_=1786646200315&button=&listing%5Bbrand_id%5D=&listing%5Bcar_type%5D=1&listing%5Bmaxprice%5D=160000001&listing%5Bminprice%5D=55309&page=75&utf8=%E2%9C%93","https://www.gaaraas.com/fr/vehicle_listings/annonce-toyota-yaris-dakar-dakar-32266","Toyota Yaris","2012","1 350 000","204 033 km","Manuelle","Dakar"
"1786649961-493","https://www.gaaraas.com/electric_cars?_=1786646200315&button=&listing%5Bbrand_id%5D=&listing%5Bcar_type%5D=1&listing%5Bmaxprice%5D=160000001&listing%5Bminprice%5D=55309&page=75&utf8=%E2%9C%93","https://www.gaaraas.com/fr/vehicle_listings/annonce-hyundai-tucson-region-de-thies-thies-32267","Hyundai Tucson","2015","","140 000 km","Automatique","Thiès"
"1786649964-494","https://www.gaaraas.com/electric_cars?_=1786646200315&button=&listing%5Bbrand_id%5D=&listing%5Bcar_type%5D=1&listing%5Bmaxprice%5D=160000001&listing%5Bminprice%5D=55309&page=75&utf8=%E2%9C%93","https://www.gaaraas.com/fr/vehicle_listings/annonce-kia-k7-dakar-dakar-32268","Kia K7","2013","","77 000 km","Automatique","Dakar"
"1786649968-495","https://www.gaaraas.com/electric_cars?_=1786646200315&button=&listing%5Bbrand_id%5D=&listing%5Bcar_type%5D=1&listing%5Bmaxprice%5D=160000001&listing%5Bminprice%5D=55309&page=75&utf8=%E2%9C%93","https://www.gaaraas.com/fr/vehicle_listings/annonce-chevlolet-spin-dakar-dakar-32269","Chevlolet Spin","2018","8 500 000","111 111 km","Automatique","Dakar"
"1786649970-496","https://www.gaaraas.com/electric_cars?_=1786646200315&button=&listing%5Bbrand_id%5D=&listing%5Bcar_type%5D=1&listing%5Bmaxprice%5D=160000001&listing%5Bminprice%5D=55309&page=75&utf8=%E2%9C%93","https://www.gaaraas.com/fr/vehicle_listings/annonce-citroen-c4-dakar-dakar-32270","Citroen C4","2018","","230 000 km","Manuelle","Dakar"
"1786649973-497","https://www.gaaraas.com/electric_cars?_=1786646200315&button=&listing%5Bbrand_id%5D=&listing%5Bcar_type%5D=1&listing%5Bmaxprice%5D=160000001&listing%5Bminprice%5D=55309&page=75&utf8=%E2%9C%93","https://www.gaaraas.com/fr/vehicle_listings/annonce-saturn-vue-dakar-dakar-32271","Saturn VUE","2009","","201 000 km","Automatique","Dakar"
"1786649976-498","https://www.gaaraas.com/electric_cars?_=1786646200315&button=&listing%5Bbrand_id%5D=&listing%5Bcar_type%5D=1&listing%5Bmaxprice%5D=160000001&listing%5Bminprice%5D=55309&page=75&utf8=%E2%9C%93","https://www.gaaraas.com/fr/vehicle_listings/annonce-hawtai-laville-dakar-dakar-32274","Hawtai Laville","Rouge","12 000 000","2020","Automatique","Dakar"
"1786649978-499","https://www.gaaraas.com/electric_cars?_=1786646200315&button=&listing%5Bbrand_id%5D=&listing%5Bcar_type%5D=1&listing%5Bmaxprice%5D=160000001&listing%5Bminprice%5D=55309&page=75&utf8=%E2%9C%93","https://www.gaaraas.com/fr/vehicle_listings/annonce-peugeot-508-dakar-dakar-32275","Peugeot 508","2011","","100 000 km","Manuelle","Dakar"
"1786649982-500","https://www.gaaraas.com/electric_cars?_=1786646200315&button=&listing%5Bbrand_id%5D=&listing%5Bcar_type%5D=1&listing%5Bmaxprice%5D=160000001&listing%5Bminprice%5D=55309&page=75&utf8=%E2%9C%93","https://www.gaaraas.com/fr/vehicle_listings/annonce-peugeot-308-dakar-dakar-32276","Peugeot 308","2010","","100 000 km","Manuelle","Dakar"
"1786649984-501","https://www.gaaraas.com/electric_cars?_=1786646200315&button=&listing%5Bbrand_id%5D=&listing%5Bcar_type%5D=1&listing%5Bmaxprice%5D=160000001&listing%5Bminprice%5D=55309&page=75&utf8=%E2%9C%93","https://www.gaaraas.com/fr/vehicle_listings/annonce-hyundai-santa-fe-dakar-scmz-32277","Hyundai Santa Fe","2020","15 000 000","81 490 km","Automatique","Dakar"
"1786649990-502","https://www.gaaraas.com/electric_cars?_=1786646200315&button=&listing%5Bbrand_id%5D=&listing%5Bcar_type%5D=1&listing%5Bmaxprice%5D=160000001&listing%5Bminprice%5D=55309&page=75&utf8=%E2%9C%93","https://www.gaaraas.com/fr/vehicle_listings/annonce-hyundai-santa-fe-dakar-dakar-32278","Hyundai Santa Fe","2020","15 000 000","81 484 km","Automatique","Dakar"
"1786649998-503","https://www.gaaraas.com/electric_cars?_=1786646200315&button=&listing%5Bbrand_id%5D=&listing%5Bcar_type%5D=1&listing%5Bmaxprice%5D=160000001&listing%5Bminprice%5D=55309&page=75&utf8=%E2%9C%93","https://www.gaaraas.com/fr/vehicle_listings/annonce-toyota-c-hr-dakar-dakar-32279","Toyota C-HR","2024","","0 km","Automatique","Dakar"
"1786650000-504","https://www.gaaraas.com/electric_cars?_=1786646200315&button=&listing%5Bbrand_id%5D=&listing%5Bcar_type%5D=1&listing%5Bmaxprice%5D=160000001&listing%5Bminprice%5D=55309&page=75&utf8=%E2%9C%93","https://www.gaaraas.com/fr/vehicle_listings/annonce-renault-clio-thies-mbour-32280","Renault Clio","2016","","120 000 km","Manuelle","Mbour"
"1786650007-505","https://www.gaaraas.com/electric_cars?_=1786646200315&button=&listing%5Bbrand_id%5D=&listing%5Bcar_type%5D=1&listing%5Bmaxprice%5D=160000001&listing%5Bminprice%5D=55309&page=75&utf8=%E2%9C%93","https://www.gaaraas.com/fr/vehicle_listings/annonce-gmc-terrain-dakar-dakar-32281","GMC Terrain","2018","","0 km","Automatique","Dakar"
"1786650011-506","https://www.gaaraas.com/electric_cars?_=1786646200315&button=&listing%5Bbrand_id%5D=&listing%5Bcar_type%5D=1&listing%5Bmaxprice%5D=160000001&listing%5Bminprice%5D=55309&page=75&utf8=%E2%9C%93","https://www.gaaraas.com/fr/vehicle_listings/annonce-land-rover-range-rover-velar-dakar-dakar-32282","Land Rover Range Rover Velar","2018","","72 000 km","Automatique","Dakar"
"1786650014-507","https://www.gaaraas.com/electric_cars?_=1786646200315&button=&listing%5Bbrand_id%5D=&listing%5Bcar_type%5D=1&listing%5Bmaxprice%5D=160000001&listing%5Bminprice%5D=55309&page=75&utf8=%E2%9C%93","https://www.gaaraas.com/fr/vehicle_listings/annonce-ford-focus-dakar-dakar-32283","Ford Focus","2015","3 500 000","200 000 km","Automatique","Dakar"
"1786650017-508","https://www.gaaraas.com/electric_cars?_=1786646200315&button=&listing%5Bbrand_id%5D=&listing%5Bcar_type%5D=1&listing%5Bmaxprice%5D=160000001&listing%5Bminprice%5D=55309&page=75&utf8=%E2%9C%93","https://www.gaaraas.com/fr/vehicle_listings/annonce-nissan-rogue-dakar-dakar-32284","Nissan Rogue","2013","","138 000 km","Automatique","Dakar"
"1786650020-509","https://www.gaaraas.com/electric_cars?_=1786646200315&button=&listing%5Bbrand_id%5D=&listing%5Bcar_type%5D=1&listing%5Bmaxprice%5D=160000001&listing%5Bminprice%5D=55309&page=75&utf8=%E2%9C%93","https://www.gaaraas.com/fr/vehicle_listings/annonce-peugeot-3008-dakar-dakar-32285","Peugeot 3008","2013","4 200 000","120 000 km","Automatique","Dakar"
"1786650023-510","https://www.gaaraas.com/electric_cars?_=1786646200315&button=&listing%5Bbrand_id%5D=&listing%5Bcar_type%5D=1&listing%5Bmaxprice%5D=160000001&listing%5Bminprice%5D=55309&page=75&utf8=%E2%9C%93","https://www.gaaraas.com/fr/vehicle_listings/annonce-renault-samsung-qm6-dakar-dakar-32290","Renault Samsung QM6","2017","11 500 000","95 217 km","Automatique","Dakar"
"1786650031-511","https://www.gaaraas.com/electric_cars?_=1786646200315&button=&listing%5Bbrand_id%5D=&listing%5Bcar_type%5D=1&listing%5Bmaxprice%5D=160000001&listing%5Bminprice%5D=55309&page=75&utf8=%E2%9C%93","https://www.gaaraas.com/fr/vehicle_listings/annonce-nissan-pixo-dakar-dakar-32300","Nissan Pixo","2021","4 340 000","148 754 km","Manuelle","Dakar"
"1786650044-512","https://www.gaaraas.com/electric_cars?_=1786646200315&button=&listing%5Bbrand_id%5D=&listing%5Bcar_type%5D=1&listing%5Bmaxprice%5D=160000001&listing%5Bminprice%5D=55309&page=74&utf8=%E2%9C%93","https://www.gaaraas.com/fr/vehicle_listings/annonce-renault-captur-dakar-dakar-32316","Renault Captur","2017","8 730 000","103 300 km","Manuelle","Dakar"
"1786650047-513","https://www.gaaraas.com/electric_cars?_=1786646200315&button=&listing%5Bbrand_id%5D=&listing%5Bcar_type%5D=1&listing%5Bmaxprice%5D=160000001&listing%5Bminprice%5D=55309&page=74&utf8=%E2%9C%93","https://www.gaaraas.com/fr/vehicle_listings/annonce-volkswagen-tiguan-dakar-dakar-32330","Volkswagen Tiguan","2019","","105 000 km","Automatique","Dakar"
"1786650050-514","https://www.gaaraas.com/electric_cars?_=1786646200315&button=&listing%5Bbrand_id%5D=&listing%5Bcar_type%5D=1&listing%5Bmaxprice%5D=160000001&listing%5Bminprice%5D=55309&page=74&utf8=%E2%9C%93","https://www.gaaraas.com/fr/vehicle_listings/annonce-toyota-rav4-dakar-dakar-32332","Toyota RAV4","2009","","99 000 km","Automatique","Dakar"
"1786650057-515","https://www.gaaraas.com/electric_cars?_=1786646200315&button=&listing%5Bbrand_id%5D=&listing%5Bcar_type%5D=1&listing%5Bmaxprice%5D=160000001&listing%5Bminprice%5D=55309&page=74&utf8=%E2%9C%93","https://www.gaaraas.com/fr/vehicle_listings/annonce-bmw-7-series-diourbel-import-dubai-32341","BMW 7-Series","2021","","77 000 km","Automatique","Import - Dubai"
"1786650060-516","https://www.gaaraas.com/electric_cars?_=1786646200315&button=&listing%5Bbrand_id%5D=&listing%5Bcar_type%5D=1&listing%5Bmaxprice%5D=160000001&listing%5Bminprice%5D=55309&page=74&utf8=%E2%9C%93","https://www.gaaraas.com/fr/vehicle_listings/annonce-kia-optima-dakar-dakar-32342","Kia Optima","2013","3 600 000","113 234 km","Automatique","Dakar"
"1786650063-517","https://www.gaaraas.com/electric_cars?_=1786646200315&button=&listing%5Bbrand_id%5D=&listing%5Bcar_type%5D=1&listing%5Bmaxprice%5D=160000001&listing%5Bminprice%5D=55309&page=74&utf8=%E2%9C%93","https://www.gaaraas.com/fr/vehicle_listings/annonce-land-rover-range-rover-vogue-dakar-dakar-32406","Land Rover Range Rover Vogue","2015","13 500 000","97 000 km","Automatique","Dakar"
"1786650065-518","https://www.gaaraas.com/electric_cars?_=1786646200315&button=&listing%5Bbrand_id%5D=&listing%5Bcar_type%5D=1&listing%5Bmaxprice%5D=160000001&listing%5Bminprice%5D=55309&page=74&utf8=%E2%9C%93","https://www.gaaraas.com/fr/vehicle_listings/annonce-chevrolet-trax-dakar-dakar-32410","Chevrolet Trax","2017","8 500 000","110 045 km","Automatique","Dakar"
"1786650068-519","https://www.gaaraas.com/electric_cars?_=1786646200315&button=&listing%5Bbrand_id%5D=&listing%5Bcar_type%5D=1&listing%5Bmaxprice%5D=160000001&listing%5Bminprice%5D=55309&page=74&utf8=%E2%9C%93","https://www.gaaraas.com/fr/vehicle_listings/annonce-suzuki-baleno-dakar-dakar-32414","Suzuki Baleno","2018","5 000 000","150 000 km","Manuelle","Dakar"
"1786650070-520","https://www.gaaraas.com/electric_cars?_=1786646200315&button=&listing%5Bbrand_id%5D=&listing%5Bcar_type%5D=1&listing%5Bmaxprice%5D=160000001&listing%5Bminprice%5D=55309&page=74&utf8=%E2%9C%93","https://www.gaaraas.com/fr/vehicle_listings/annonce-toyota-prius-dakar-dakar-32417","Toyota Prius","2007","","130 000 km","Automatique","Dakar"
"1786650074-521","https://www.gaaraas.com/electric_cars?_=1786646200315&button=&listing%5Bbrand_id%5D=&listing%5Bcar_type%5D=1&listing%5Bmaxprice%5D=160000001&listing%5Bminprice%5D=55309&page=74&utf8=%E2%9C%93","https://www.gaaraas.com/fr/vehicle_listings/annonce-renault-arkana-xm3-dakar-dakar-32419","Renault Arkana xm3","2020","13 500 000","72 601 km","Automatique","Dakar"
"1786650076-522","https://www.gaaraas.com/electric_cars?_=1786646200315&button=&listing%5Bbrand_id%5D=&listing%5Bcar_type%5D=1&listing%5Bmaxprice%5D=160000001&listing%5Bminprice%5D=55309&page=74&utf8=%E2%9C%93","https://www.gaaraas.com/fr/vehicle_listings/annonce-toyota-yaris-dakar-dakar-32420","Toyota Yaris","2017","4 500 000","128 556 km","Manuelle","Dakar"
"1786650079-523","https://www.gaaraas.com/electric_cars?_=1786646200315&button=&listing%5Bbrand_id%5D=&listing%5Bcar_type%5D=1&listing%5Bmaxprice%5D=160000001&listing%5Bminprice%5D=55309&page=74&utf8=%E2%9C%93","https://www.gaaraas.com/fr/vehicle_listings/annonce-renault-scenic-dakar-dakar-32424","Renault Scenic","2015","4 500 000","144 118 km","Manuelle","Dakar"
"1786650082-524","https://www.gaaraas.com/electric_cars?_=1786646200315&button=&listing%5Bbrand_id%5D=&listing%5Bcar_type%5D=1&listing%5Bmaxprice%5D=160000001&listing%5Bminprice%5D=55309&page=74&utf8=%E2%9C%93","https://www.gaaraas.com/fr/vehicle_listings/annonce-renault-samsung-qm3-dakar-dakar-32425","Renault Samsung Qm3","2019","7 800 000","90 706 km","Automatique","Dakar"
"1786650087-525","https://www.gaaraas.com/electric_cars?_=1786646200315&button=&listing%5Bbrand_id%5D=&listing%5Bcar_type%5D=1&listing%5Bmaxprice%5D=160000001&listing%5Bminprice%5D=55309&page=74&utf8=%E2%9C%93","https://www.gaaraas.com/fr/vehicle_listings/annonce-peugeot-3008-dakar-dakar-32426","Peugeot 3008","2020","13 500 000","78 323 km","Automatique","Dakar"
"1786650090-526","https://www.gaaraas.com/electric_cars?_=1786646200315&button=&listing%5Bbrand_id%5D=&listing%5Bcar_type%5D=1&listing%5Bmaxprice%5D=160000001&listing%5Bminprice%5D=55309&page=74&utf8=%E2%9C%93","https://www.gaaraas.com/fr/vehicle_listings/annonce-mitsubishi-mirage-dakar-dakar-32428","Mitsubishi Mirage","2015","","135 000 km","Automatique","Dakar"
"1786650093-527","https://www.gaaraas.com/electric_cars?_=1786646200315&button=&listing%5Bbrand_id%5D=&listing%5Bcar_type%5D=1&listing%5Bmaxprice%5D=160000001&listing%5Bminprice%5D=55309&page=74&utf8=%E2%9C%93","https://www.gaaraas.com/fr/vehicle_listings/annonce-suzuki-sx4-kaolack-medina-32434","Suzuki SX4","2013","","150 000 km","Manuelle","Medina"
"1786650096-528","https://www.gaaraas.com/electric_cars?_=1786646200315&button=&listing%5Bbrand_id%5D=&listing%5Bcar_type%5D=1&listing%5Bmaxprice%5D=160000001&listing%5Bminprice%5D=55309&page=74&utf8=%E2%9C%93","https://www.gaaraas.com/fr/vehicle_listings/annonce-dacia-sandero-ambiance-dci-dakar-dakar-32440","Dacia Sandero ambiance dci","2017","5 500 000","126 000 km","Manuelle","Dakar"
"1786650100-529","https://www.gaaraas.com/electric_cars?_=1786646200315&button=&listing%5Bbrand_id%5D=&listing%5Bcar_type%5D=1&listing%5Bmaxprice%5D=160000001&listing%5Bminprice%5D=55309&page=74&utf8=%E2%9C%93","https://www.gaaraas.com/fr/vehicle_listings/annonce-hyundai-santa-fe-dakar-dakar-32443","Hyundai Santa Fe","2020","16 500 000","188 082 km","Automatique","Dakar"
"1786650103-530","https://www.gaaraas.com/electric_cars?_=1786646200315&button=&listing%5Bbrand_id%5D=&listing%5Bcar_type%5D=1&listing%5Bmaxprice%5D=160000001&listing%5Bminprice%5D=55309&page=74&utf8=%E2%9C%93","https://www.gaaraas.com/fr/vehicle_listings/annonce-peugeot-308-dakar-dakar-32498","Peugeot 308","Bleu de nuit","2 500 000","2009","Manuelle","Dakar"
"1786650105-531","https://www.gaaraas.com/electric_cars?_=1786646200315&button=&listing%5Bbrand_id%5D=&listing%5Bcar_type%5D=1&listing%5Bmaxprice%5D=160000001&listing%5Bminprice%5D=55309&page=74&utf8=%E2%9C%93","https://www.gaaraas.com/fr/vehicle_listings/annonce-toyota-hiace-dakar-dakar-32503","Toyota Hiace","2017","4 225 000","25 202 km","Manuelle","Dakar"
"1786650121-532","https://www.gaaraas.com/electric_cars?_=1786646200315&button=&listing%5Bbrand_id%5D=&listing%5Bcar_type%5D=1&listing%5Bmaxprice%5D=160000001&listing%5Bminprice%5D=55309&page=73&utf8=%E2%9C%93","https://www.gaaraas.com/fr/vehicle_listings/annonce-toyota-hilux-dakar-dakar-32504","Toyota Hilux","Blanc","14 650 000","2025","Manuelle","Dakar"
"1786650124-533","https://www.gaaraas.com/electric_cars?_=1786646200315&button=&listing%5Bbrand_id%5D=&listing%5Bcar_type%5D=1&listing%5Bmaxprice%5D=160000001&listing%5Bminprice%5D=55309&page=73&utf8=%E2%9C%93","https://www.gaaraas.com/fr/vehicle_listings/annonce-lexus-lx-570-casablanca-ain-sebaa-32506","Lexus LX 570","Blanc","","2021","Automatique","Ain sebaa"
"1786650127-534","https://www.gaaraas.com/electric_cars?_=1786646200315&button=&listing%5Bbrand_id%5D=&listing%5Bcar_type%5D=1&listing%5Bmaxprice%5D=160000001&listing%5Bminprice%5D=55309&page=73&utf8=%E2%9C%93","https://www.gaaraas.com/fr/vehicle_listings/annonce-nissan-kicks-dakar-dakar-32508","Nissan Kicks","2021","8 000 000","84 270 km","Automatique","Dakar"
"1786650130-535","https://www.gaaraas.com/electric_cars?_=1786646200315&button=&listing%5Bbrand_id%5D=&listing%5Bcar_type%5D=1&listing%5Bmaxprice%5D=160000001&listing%5Bminprice%5D=55309&page=73&utf8=%E2%9C%93","https://www.gaaraas.com/fr/vehicle_listings/annonce-kia-rio-dakar-dakar-32509","Kia Rio","2012","","264 000 km","Automatique","Dakar"
"1786650133-536","https://www.gaaraas.com/electric_cars?_=1786646200315&button=&listing%5Bbrand_id%5D=&listing%5Bcar_type%5D=1&listing%5Bmaxprice%5D=160000001&listing%5Bminprice%5D=55309&page=73&utf8=%E2%9C%93","https://www.gaaraas.com/fr/vehicle_listings/annonce-hyundai-tucson-dakar-dakar-32512","Hyundai Tucson","2016","8 000 000","126 517 km","Automatique","Dakar"
"1786650136-537","https://www.gaaraas.com/electric_cars?_=1786646200315&button=&listing%5Bbrand_id%5D=&listing%5Bcar_type%5D=1&listing%5Bmaxprice%5D=160000001&listing%5Bminprice%5D=55309&page=73&utf8=%E2%9C%93","https://www.gaaraas.com/fr/vehicle_listings/annonce-mitsubishi-l200-dakar-dakar-32518","Mitsubishi L200","2008","","160 000 km","Manuelle","Dakar"
"1786650139-538","https://www.gaaraas.com/electric_cars?_=1786646200315&button=&listing%5Bbrand_id%5D=&listing%5Bcar_type%5D=1&listing%5Bmaxprice%5D=160000001&listing%5Bminprice%5D=55309&page=73&utf8=%E2%9C%93","https://www.gaaraas.com/fr/vehicle_listings/annonce-peugeot-308-dakar-dakar-32521","Peugeot 308","2017","6 500 000","105 134 km","Manuelle","Dakar"
"1786650142-539","https://www.gaaraas.com/electric_cars?_=1786646200315&button=&listing%5Bbrand_id%5D=&listing%5Bcar_type%5D=1&listing%5Bmaxprice%5D=160000001&listing%5Bminprice%5D=55309&page=73&utf8=%E2%9C%93","https://www.gaaraas.com/fr/vehicle_listings/annonce-volkswagen-fox-dakar-dakar-32525","Volkswagen Fox","2009","2 000 000","143 000 km","Manuelle","Dakar"
"1786650157-540","https://www.gaaraas.com/electric_cars?_=1786646200315&button=&listing%5Bbrand_id%5D=&listing%5Bcar_type%5D=1&listing%5Bmaxprice%5D=160000001&listing%5Bminprice%5D=55309&page=73&utf8=%E2%9C%93","https://www.gaaraas.com/fr/vehicle_listings/annonce-opel-astra-dakar-dakar-32527","Opel Astra","2019","8 210 000","89 000 km","Manuelle","Dakar"
"1786650161-541","https://www.gaaraas.com/electric_cars?_=1786646200315&button=&listing%5Bbrand_id%5D=&listing%5Bcar_type%5D=1&listing%5Bmaxprice%5D=160000001&listing%5Bminprice%5D=55309&page=73&utf8=%E2%9C%93","https://www.gaaraas.com/fr/vehicle_listings/annonce-volkswagen-golf-dakar-dakar-32528","Volkswagen Golf","2018","7 550 000","299 000 km","Automatique","Dakar"
"1786650164-542","https://www.gaaraas.com/electric_cars?_=1786646200315&button=&listing%5Bbrand_id%5D=&listing%5Bcar_type%5D=1&listing%5Bmaxprice%5D=160000001&listing%5Bminprice%5D=55309&page=73&utf8=%E2%9C%93","https://www.gaaraas.com/fr/vehicle_listings/annonce-toyota-aygo-dakar-dakar-32529","Toyota Aygo","2017","7 360 000","65 000 km","Manuelle","Dakar"
"1786650169-543","https://www.gaaraas.com/electric_cars?_=1786646200315&button=&listing%5Bbrand_id%5D=&listing%5Bcar_type%5D=1&listing%5Bmaxprice%5D=160000001&listing%5Bminprice%5D=55309&page=73&utf8=%E2%9C%93","https://www.gaaraas.com/fr/vehicle_listings/annonce-citroen-ds5-dakar-dakar-32530","Citroen DS5","2017","8 700 000","202 000 km","Automatique","Dakar"
"1786650174-544","https://www.gaaraas.com/electric_cars?_=1786646200315&button=&listing%5Bbrand_id%5D=&listing%5Bcar_type%5D=1&listing%5Bmaxprice%5D=160000001&listing%5Bminprice%5D=55309&page=73&utf8=%E2%9C%93","https://www.gaaraas.com/fr/vehicle_listings/annonce-iveco-daily-dakar-dakar-32531","Iveco Daily","2018","9 850 000","141 000 km","Manuelle","Dakar"
"1786650204-545","https://www.gaaraas.com/electric_cars?_=1786646200315&button=&listing%5Bbrand_id%5D=&listing%5Bcar_type%5D=1&listing%5Bmaxprice%5D=160000001&listing%5Bminprice%5D=55309&page=73&utf8=%E2%9C%93","https://www.gaaraas.com/fr/vehicle_listings/annonce-dacia-duster-dakar-dakar-32532","Dacia Duster","2018","9 190 000","98 000 km","Manuelle","Dakar"
"1786650210-546","https://www.gaaraas.com/electric_cars?_=1786646200315&button=&listing%5Bbrand_id%5D=&listing%5Bcar_type%5D=1&listing%5Bmaxprice%5D=160000001&listing%5Bminprice%5D=55309&page=73&utf8=%E2%9C%93","https://www.gaaraas.com/fr/vehicle_listings/annonce-audi-a1-dakar-dakar-32533","Audi A1","2018","9 850 000","110 000 km","Manuelle","Dakar"
"1786650215-547","https://www.gaaraas.com/electric_cars?_=1786646200315&button=&listing%5Bbrand_id%5D=&listing%5Bcar_type%5D=1&listing%5Bmaxprice%5D=160000001&listing%5Bminprice%5D=55309&page=73&utf8=%E2%9C%93","https://www.gaaraas.com/fr/vehicle_listings/annonce-kia-carens-dakar-dakar-32534","Kia Carens","2018","9 190 000","136 000 km","Manuelle","Dakar"
"1786650222-548","https://www.gaaraas.com/electric_cars?_=1786646200315&button=&listing%5Bbrand_id%5D=&listing%5Bcar_type%5D=1&listing%5Bmaxprice%5D=160000001&listing%5Bminprice%5D=55309&page=73&utf8=%E2%9C%93","https://www.gaaraas.com/fr/vehicle_listings/annonce-citroen-c3-dakar-dakar-32535","Citroen C3","2020","8 860 000","48 000 km","Manuelle","Dakar"
"1786650243-549","https://www.gaaraas.com/electric_cars?_=1786646200315&button=&listing%5Bbrand_id%5D=&listing%5Bcar_type%5D=1&listing%5Bmaxprice%5D=160000001&listing%5Bminprice%5D=55309&page=73&utf8=%E2%9C%93","https://www.gaaraas.com/fr/vehicle_listings/annonce-fiat-500c-dakar-dakar-32536","Fiat 500c","2018","7 850 000","84 000 km","Manuelle","Dakar"
"1786650250-550","https://www.gaaraas.com/electric_cars?_=1786646200315&button=&listing%5Bbrand_id%5D=&listing%5Bcar_type%5D=1&listing%5Bmaxprice%5D=160000001&listing%5Bminprice%5D=55309&page=73&utf8=%E2%9C%93","https://www.gaaraas.com/fr/vehicle_listings/annonce-ford-tourneoconnect-dakar-dakar-32537","Ford Tourneoconnect","2018","8 860 000","126 000 km","Manuelle","Dakar"
"1786650256-551","https://www.gaaraas.com/electric_cars?_=1786646200315&button=&listing%5Bbrand_id%5D=&listing%5Bcar_type%5D=1&listing%5Bmaxprice%5D=160000001&listing%5Bminprice%5D=55309&page=73&utf8=%E2%9C%93","https://www.gaaraas.com/fr/vehicle_listings/annonce-citroen-c3-dakar-dakar-32538","Citroen C3","2022","9 190 000","24 300 km","Manuelle","Dakar"
"1786650275-552","https://www.gaaraas.com/electric_cars?_=1786646200315&button=&listing%5Bbrand_id%5D=&listing%5Bcar_type%5D=1&listing%5Bmaxprice%5D=160000001&listing%5Bminprice%5D=55309&page=72&utf8=%E2%9C%93","https://www.gaaraas.com/fr/vehicle_listings/annonce-volkswagen-passat-dakar-dakar-32539","Volkswagen Passat","2017","10 180 000","195 900 km","Automatique","Dakar"
"1786650289-553","https://www.gaaraas.com/electric_cars?_=1786646200315&button=&listing%5Bbrand_id%5D=&listing%5Bcar_type%5D=1&listing%5Bmaxprice%5D=160000001&listing%5Bminprice%5D=55309&page=72&utf8=%E2%9C%93","https://www.gaaraas.com/fr/vehicle_listings/annonce-renault-megane-dakar-dakar-32540","Renault Megane","2018","9 190 000","118 000 km","Manuelle","Dakar"
"1786650299-554","https://www.gaaraas.com/electric_cars?_=1786646200315&button=&listing%5Bbrand_id%5D=&listing%5Bcar_type%5D=1&listing%5Bmaxprice%5D=160000001&listing%5Bminprice%5D=55309&page=72&utf8=%E2%9C%93","https://www.gaaraas.com/fr/vehicle_listings/annonce-renault-scenic-dakar-dakar-32541","Renault Scenic","2017","9 850 000","156 000 km","Automatique","Dakar"
"1786650306-555","https://www.gaaraas.com/electric_cars?_=1786646200315&button=&listing%5Bbrand_id%5D=&listing%5Bcar_type%5D=1&listing%5Bmaxprice%5D=160000001&listing%5Bminprice%5D=55309&page=72&utf8=%E2%9C%93","https://www.gaaraas.com/fr/vehicle_listings/annonce-renault-grandscenic-dakar-dakar-32544","Renault Grandscenic","2020","10 760 000","155 000 km","Automatique","Dakar"
"1786650313-556","https://www.gaaraas.com/electric_cars?_=1786646200315&button=&listing%5Bbrand_id%5D=&listing%5Bcar_type%5D=1&listing%5Bmaxprice%5D=160000001&listing%5Bminprice%5D=55309&page=72&utf8=%E2%9C%93","https://www.gaaraas.com/fr/vehicle_listings/annonce-mini-one-dakar-dakar-32545","MINI One","2017","7 550 000","102 300 km","Manuelle","Dakar"
"1786650321-557","https://www.gaaraas.com/electric_cars?_=1786646200315&button=&listing%5Bbrand_id%5D=&listing%5Bcar_type%5D=1&listing%5Bmaxprice%5D=160000001&listing%5Bminprice%5D=55309&page=72&utf8=%E2%9C%93","https://www.gaaraas.com/fr/vehicle_listings/annonce-peugeot-508-dakar-dakar-32546","Peugeot 508","2017","5 910 000","114 897 km","Automatique","Dakar"
"1786650329-558","https://www.gaaraas.com/electric_cars?_=1786646200315&button=&listing%5Bbrand_id%5D=&listing%5Bcar_type%5D=1&listing%5Bmaxprice%5D=160000001&listing%5Bminprice%5D=55309&page=72&utf8=%E2%9C%93","https://www.gaaraas.com/fr/vehicle_listings/annonce-toyota-corolla-dakar-dakar-32547","Toyota Corolla","2020","9 680 000","235 000 km","Automatique","Dakar"
"1786650335-559","https://www.gaaraas.com/electric_cars?_=1786646200315&button=&listing%5Bbrand_id%5D=&listing%5Bcar_type%5D=1&listing%5Bmaxprice%5D=160000001&listing%5Bminprice%5D=55309&page=72&utf8=%E2%9C%93","https://www.gaaraas.com/fr/vehicle_listings/annonce-ford-ecosport-dakar-dakar-32548","Ford EcoSport","2018","10 830 000","105 000 km","Automatique","Dakar"
"1786650344-560","https://www.gaaraas.com/electric_cars?_=1786646200315&button=&listing%5Bbrand_id%5D=&listing%5Bcar_type%5D=1&listing%5Bmaxprice%5D=160000001&listing%5Bminprice%5D=55309&page=72&utf8=%E2%9C%93","https://www.gaaraas.com/fr/vehicle_listings/annonce-peugeot-partner-dakar-dakar-32549","Peugeot Partner","2017","7 880 000","171 000 km","Manuelle","Dakar"
"1786650350-561","https://www.gaaraas.com/electric_cars?_=1786646200315&button=&listing%5Bbrand_id%5D=&listing%5Bcar_type%5D=1&listing%5Bmaxprice%5D=160000001&listing%5Bminprice%5D=55309&page=72&utf8=%E2%9C%93","https://www.gaaraas.com/fr/vehicle_listings/annonce-fiat-500-dakar-dakar-32550","Fiat 500","2017","8 500 000","37 000 km","Manuelle","Dakar"
"1786650353-562","https://www.gaaraas.com/electric_cars?_=1786646200315&button=&listing%5Bbrand_id%5D=&listing%5Bcar_type%5D=1&listing%5Bmaxprice%5D=160000001&listing%5Bminprice%5D=55309&page=72&utf8=%E2%9C%93","https://www.gaaraas.com/fr/vehicle_listings/annonce-peugeot-406-region-de-thies-nguekhokh-32551","Peugeot 406","2004","","200 000 km","Manuelle","Nguékhokh"
"1786650393-563","https://www.gaaraas.com/electric_cars?_=1786646200315&button=&listing%5Bbrand_id%5D=&listing%5Bcar_type%5D=1&listing%5Bmaxprice%5D=160000001&listing%5Bminprice%5D=55309&page=72&utf8=%E2%9C%93","https://www.gaaraas.com/fr/vehicle_listings/annonce-audi-a6-dakar-dakar-32553","Audi A6","2022","","80 000 km","Automatique","Dakar"
"1786650399-564","https://www.gaaraas.com/electric_cars?_=1786646200315&button=&listing%5Bbrand_id%5D=&listing%5Bcar_type%5D=1&listing%5Bmaxprice%5D=160000001&listing%5Bminprice%5D=55309&page=72&utf8=%E2%9C%93","https://www.gaaraas.com/fr/vehicle_listings/annonce-kia-sportage-dakar-dakar-32554","Kia Sportage","2019","8 500 000","127 680 km","Automatique","Dakar"
"1786650416-565","https://www.gaaraas.com/electric_cars?_=1786646200315&button=&listing%5Bbrand_id%5D=&listing%5Bcar_type%5D=1&listing%5Bmaxprice%5D=160000001&listing%5Bminprice%5D=55309&page=72&utf8=%E2%9C%93","https://www.gaaraas.com/fr/vehicle_listings/annonce-land-rover-evoque-dakar-dakar-32555","Land Rover Evoque","2016","9 000 000","125 042 km","Automatique","Dakar"
"1786650425-566","https://www.gaaraas.com/electric_cars?_=1786646200315&button=&listing%5Bbrand_id%5D=&listing%5Bcar_type%5D=1&listing%5Bmaxprice%5D=160000001&listing%5Bminprice%5D=55309&page=72&utf8=%E2%9C%93","https://www.gaaraas.com/fr/vehicle_listings/annonce-peugeot-2008-allure-casablanca-ain-sebaa-32563","Peugeot 2008 allure","Champagne","12 356 000","2024","Manuelle","Ain sebaa"
"1786650441-567","https://www.gaaraas.com/electric_cars?_=1786646200315&button=&listing%5Bbrand_id%5D=&listing%5Bcar_type%5D=1&listing%5Bmaxprice%5D=160000001&listing%5Bminprice%5D=55309&page=72&utf8=%E2%9C%93","https://www.gaaraas.com/fr/vehicle_listings/annonce-peugeot-2008-allure-casablanca-ain-sebaa-32564","Peugeot 2008 allure","Champagne","12 356 000","2024","Manuelle","Ain sebaa"
"1786650445-568","https://www.gaaraas.com/electric_cars?_=1786646200315&button=&listing%5Bbrand_id%5D=&listing%5Bcar_type%5D=1&listing%5Bmaxprice%5D=160000001&listing%5Bminprice%5D=55309&page=72&utf8=%E2%9C%93","https://www.gaaraas.com/fr/vehicle_listings/annonce-nissan-kicks-dakar-dakar-32565","Nissan Kicks","2020","6 500 000","67 461 km","Manuelle","Dakar"
"1786650448-569","https://www.gaaraas.com/electric_cars?_=1786646200315&button=&listing%5Bbrand_id%5D=&listing%5Bcar_type%5D=1&listing%5Bmaxprice%5D=160000001&listing%5Bminprice%5D=55309&page=72&utf8=%E2%9C%93","https://www.gaaraas.com/fr/vehicle_listings/annonce-suzuki-swift-dakar-dakar-32566","Suzuki Swift","2020","4 500 000","81 440 km","Manuelle","Dakar"
"1786650452-570","https://www.gaaraas.com/electric_cars?_=1786646200315&button=&listing%5Bbrand_id%5D=&listing%5Bcar_type%5D=1&listing%5Bmaxprice%5D=160000001&listing%5Bminprice%5D=55309&page=72&utf8=%E2%9C%93","https://www.gaaraas.com/fr/vehicle_listings/annonce-renault-twingo-dakar-dakar-32570","Renault Twingo","2018","4 930 000","164 000 km","Manuelle","Dakar"
"1786650455-571","https://www.gaaraas.com/electric_cars?_=1786646200315&button=&listing%5Bbrand_id%5D=&listing%5Bcar_type%5D=1&listing%5Bmaxprice%5D=160000001&listing%5Bminprice%5D=55309&page=72&utf8=%E2%9C%93","https://www.gaaraas.com/fr/vehicle_listings/annonce-opel-corsa-dakar-dakar-32571","Opel Corsa","2018","6 040 000","162 000 km","Manuelle","Dakar"
"1786650472-572","https://www.gaaraas.com/electric_cars?_=1786646200315&button=&listing%5Bbrand_id%5D=&listing%5Bcar_type%5D=1&listing%5Bmaxprice%5D=160000001&listing%5Bminprice%5D=55309&page=71&utf8=%E2%9C%93","https://www.gaaraas.com/fr/vehicle_listings/annonce-renault-grandscenic-dakar-dakar-32572","Renault Grandscenic","2017","8 730 000","197 000 km","Automatique","Dakar"
"1786650477-573","https://www.gaaraas.com/electric_cars?_=1786646200315&button=&listing%5Bbrand_id%5D=&listing%5Bcar_type%5D=1&listing%5Bmaxprice%5D=160000001&listing%5Bminprice%5D=55309&page=71&utf8=%E2%9C%93","https://www.gaaraas.com/fr/vehicle_listings/annonce-bmw-225-dakar-dakar-32573","BMW 225","2025","10 180 000","197 000 km","Automatique","Dakar"
"1786650485-574","https://www.gaaraas.com/electric_cars?_=1786646200315&button=&listing%5Bbrand_id%5D=&listing%5Bcar_type%5D=1&listing%5Bmaxprice%5D=160000001&listing%5Bminprice%5D=55309&page=71&utf8=%E2%9C%93","https://www.gaaraas.com/fr/vehicle_listings/annonce-volkswagen-polo-dakar-dakar-32574","Volkswagen Polo","2017","7 550 000","92 000 km","Manuelle","Dakar"
"1786650488-575","https://www.gaaraas.com/electric_cars?_=1786646200315&button=&listing%5Bbrand_id%5D=&listing%5Bcar_type%5D=1&listing%5Bmaxprice%5D=160000001&listing%5Bminprice%5D=55309&page=71&utf8=%E2%9C%93","https://www.gaaraas.com/fr/vehicle_listings/annonce-seat-ibiza-dakar-dakar-32575","SEAT Ibiza","2019","8 470 000","34 700 km","Manuelle","Dakar"
"1786650490-576","https://www.gaaraas.com/electric_cars?_=1786646200315&button=&listing%5Bbrand_id%5D=&listing%5Bcar_type%5D=1&listing%5Bmaxprice%5D=160000001&listing%5Bminprice%5D=55309&page=71&utf8=%E2%9C%93","https://www.gaaraas.com/fr/vehicle_listings/annonce-dsautomobiles-ds5-dakar-dakar-32576","Dsautomobiles Ds5","2017","8 770 000","202 000 km","Automatique","Dakar"
"1786650497-577","https://www.gaaraas.com/electric_cars?_=1786646200315&button=&listing%5Bbrand_id%5D=&listing%5Bcar_type%5D=1&listing%5Bmaxprice%5D=160000001&listing%5Bminprice%5D=55309&page=71&utf8=%E2%9C%93","https://www.gaaraas.com/fr/vehicle_listings/annonce-mini-cooper-dakar-dakar-32577","MINI Cooper","2018","9 520 000","92 000 km","Manuelle","Dakar"
"1786650502-578","https://www.gaaraas.com/electric_cars?_=1786646200315&button=&listing%5Bbrand_id%5D=&listing%5Bcar_type%5D=1&listing%5Bmaxprice%5D=160000001&listing%5Bminprice%5D=55309&page=71&utf8=%E2%9C%93","https://www.gaaraas.com/fr/vehicle_listings/annonce-opel-corsa-dakar-dakar-32578","Opel Corsa","2018","6 140 000","165 000 km","Manuelle","Dakar"
"1786650505-579","https://www.gaaraas.com/electric_cars?_=1786646200315&button=&listing%5Bbrand_id%5D=&listing%5Bcar_type%5D=1&listing%5Bmaxprice%5D=160000001&listing%5Bminprice%5D=55309&page=71&utf8=%E2%9C%93","https://www.gaaraas.com/fr/vehicle_listings/annonce-dacia-sandero-dakar-dakar-32579","Dacia Sandero","2021","8 500 000","68 000 km","Manuelle","Dakar"
"1786650510-580","https://www.gaaraas.com/electric_cars?_=1786646200315&button=&listing%5Bbrand_id%5D=&listing%5Bcar_type%5D=1&listing%5Bmaxprice%5D=160000001&listing%5Bminprice%5D=55309&page=71&utf8=%E2%9C%93","https://www.gaaraas.com/fr/vehicle_listings/annonce-kia-rio-dakar-dakar-32580","Kia Rio","2018","8 370 000","140 242 km","Manuelle","Dakar"
"1786650512-581","https://www.gaaraas.com/electric_cars?_=1786646200315&button=&listing%5Bbrand_id%5D=&listing%5Bcar_type%5D=1&listing%5Bmaxprice%5D=160000001&listing%5Bminprice%5D=55309&page=71&utf8=%E2%9C%93","https://www.gaaraas.com/fr/vehicle_listings/annonce-peugeot-5008-dakar-dakar-32581","Peugeot 5008","2019","10 610 000","162 000 km","Automatique","Dakar"
"1786650517-582","https://www.gaaraas.com/electric_cars?_=1786646200315&button=&listing%5Bbrand_id%5D=&listing%5Bcar_type%5D=1&listing%5Bmaxprice%5D=160000001&listing%5Bminprice%5D=55309&page=71&utf8=%E2%9C%93","https://www.gaaraas.com/fr/vehicle_listings/annonce-renault-clio-dakar-dakar-32582","Renault Clio","2020","8 200 000","176 420 km","Manuelle","Dakar"
"1786650521-583","https://www.gaaraas.com/electric_cars?_=1786646200315&button=&listing%5Bbrand_id%5D=&listing%5Bcar_type%5D=1&listing%5Bmaxprice%5D=160000001&listing%5Bminprice%5D=55309&page=71&utf8=%E2%9C%93","https://www.gaaraas.com/fr/vehicle_listings/annonce-ford-focus-dakar-dakar-32583","Ford Focus","2019","8 530 000","88 000 km","Manuelle","Dakar"
"1786650525-584","https://www.gaaraas.com/electric_cars?_=1786646200315&button=&listing%5Bbrand_id%5D=&listing%5Bcar_type%5D=1&listing%5Bmaxprice%5D=160000001&listing%5Bminprice%5D=55309&page=71&utf8=%E2%9C%93","https://www.gaaraas.com/fr/vehicle_listings/annonce-volvo-s60crosscountry-dakar-dakar-32584","Volvo S60crosscountry","2017","10 010 000","210 000 km","Manuelle","Dakar"
"1786650528-585","https://www.gaaraas.com/electric_cars?_=1786646200315&button=&listing%5Bbrand_id%5D=&listing%5Bcar_type%5D=1&listing%5Bmaxprice%5D=160000001&listing%5Bminprice%5D=55309&page=71&utf8=%E2%9C%93","https://www.gaaraas.com/fr/vehicle_listings/annonce-renault-samsung-sm5-dakar-dakar-32588","Renault Samsung SM5","2017","5 900 000","102 120 km","Automatique","Dakar"
"1786650531-586","https://www.gaaraas.com/electric_cars?_=1786646200315&button=&listing%5Bbrand_id%5D=&listing%5Bcar_type%5D=1&listing%5Bmaxprice%5D=160000001&listing%5Bminprice%5D=55309&page=71&utf8=%E2%9C%93","https://www.gaaraas.com/fr/vehicle_listings/annonce-renault-dokker-dakar-dakar-32589","Renault Dokker","2020","6 000 000","62 839 km","Manuelle","Dakar"
"1786650535-587","https://www.gaaraas.com/electric_cars?_=1786646200315&button=&listing%5Bbrand_id%5D=&listing%5Bcar_type%5D=1&listing%5Bmaxprice%5D=160000001&listing%5Bminprice%5D=55309&page=71&utf8=%E2%9C%93","https://www.gaaraas.com/fr/vehicle_listings/annonce-ford-f150-dakar-dakar-32590","Ford F150","2018","15 500 000","79 326 km","Automatique","Dakar"
"1786650538-588","https://www.gaaraas.com/electric_cars?_=1786646200315&button=&listing%5Bbrand_id%5D=&listing%5Bcar_type%5D=1&listing%5Bmaxprice%5D=160000001&listing%5Bminprice%5D=55309&page=71&utf8=%E2%9C%93","https://www.gaaraas.com/fr/vehicle_listings/annonce-peugeot-3008-dakar-dakar-32595","Peugeot 3008","2017","7 500 000","102 826 km","Automatique","Dakar"
"1786650541-589","https://www.gaaraas.com/electric_cars?_=1786646200315&button=&listing%5Bbrand_id%5D=&listing%5Bcar_type%5D=1&listing%5Bmaxprice%5D=160000001&listing%5Bminprice%5D=55309&page=71&utf8=%E2%9C%93","https://www.gaaraas.com/fr/vehicle_listings/annonce-suzuki-vitara-dakar-dakar-32596","Suzuki Vitara","2020","8 000 000","101 588 km","Automatique","Dakar"
"1786650544-590","https://www.gaaraas.com/electric_cars?_=1786646200315&button=&listing%5Bbrand_id%5D=&listing%5Bcar_type%5D=1&listing%5Bmaxprice%5D=160000001&listing%5Bminprice%5D=55309&page=71&utf8=%E2%9C%93","https://www.gaaraas.com/fr/vehicle_listings/annonce-mitsubishi-asx-dakar-dakar-32597","Mitsubishi ASX","2015","5 500 000","93 000 km","Manuelle","Dakar"
"1786650547-591","https://www.gaaraas.com/electric_cars?_=1786646200315&button=&listing%5Bbrand_id%5D=&listing%5Bcar_type%5D=1&listing%5Bmaxprice%5D=160000001&listing%5Bminprice%5D=55309&page=71&utf8=%E2%9C%93","https://www.gaaraas.com/fr/vehicle_listings/annonce-renault-10-dakar-rufisque-32599","Renault 10","Blanc","","1998","Manuelle","Rufisque"
"1786650557-592","https://www.gaaraas.com/electric_cars?_=1786646200315&button=&listing%5Bbrand_id%5D=&listing%5Bcar_type%5D=1&listing%5Bmaxprice%5D=160000001&listing%5Bminprice%5D=55309&page=70&utf8=%E2%9C%93","https://www.gaaraas.com/fr/vehicle_listings/annonce-renault-sandero-dakar-dakar-32603","Renault Sandero","2013","","100 000 km","Manuelle","Dakar"
"1786650560-593","https://www.gaaraas.com/electric_cars?_=1786646200315&button=&listing%5Bbrand_id%5D=&listing%5Bcar_type%5D=1&listing%5Bmaxprice%5D=160000001&listing%5Bminprice%5D=55309&page=70&utf8=%E2%9C%93","https://www.gaaraas.com/fr/vehicle_listings/annonce-renault-samsung-sm6-dakar-dakar-32604","Renault Samsung Sm6","2017","7 500 000","121 622 km","Automatique","Dakar"
"1786650562-594","https://www.gaaraas.com/electric_cars?_=1786646200315&button=&listing%5Bbrand_id%5D=&listing%5Bcar_type%5D=1&listing%5Bmaxprice%5D=160000001&listing%5Bminprice%5D=55309&page=70&utf8=%E2%9C%93","https://www.gaaraas.com/fr/vehicle_listings/annonce-peugeot-208-dakar-dakar-32613","Peugeot 208","2017","","102 000 km","Manuelle","Dakar"
"1786650565-595","https://www.gaaraas.com/electric_cars?_=1786646200315&button=&listing%5Bbrand_id%5D=&listing%5Bcar_type%5D=1&listing%5Bmaxprice%5D=160000001&listing%5Bminprice%5D=55309&page=70&utf8=%E2%9C%93","https://www.gaaraas.com/fr/vehicle_listings/annonce-mercedes-benz-glc-250d-dakar-dakar-32614","Mercedes-Benz GLC 250D","2015","","159 000 km","Automatique","Dakar"
"1786650568-596","https://www.gaaraas.com/electric_cars?_=1786646200315&button=&listing%5Bbrand_id%5D=&listing%5Bcar_type%5D=1&listing%5Bmaxprice%5D=160000001&listing%5Bminprice%5D=55309&page=70&utf8=%E2%9C%93","https://www.gaaraas.com/fr/vehicle_listings/annonce-dodge-durango-region-de-thies-m-bour-32622","Dodge Durango","2012","","160 000 km","Automatique","M'Bour"
"1786650572-597","https://www.gaaraas.com/electric_cars?_=1786646200315&button=&listing%5Bbrand_id%5D=&listing%5Bcar_type%5D=1&listing%5Bmaxprice%5D=160000001&listing%5Bminprice%5D=55309&page=70&utf8=%E2%9C%93","https://www.gaaraas.com/fr/vehicle_listings/annonce-dacia-sandero-ambiance-dci-dakar-dakar-32623","Dacia Sandero","2018","5 500 000","96 000 km","Manuelle","Dakar"
"1786650575-598","https://www.gaaraas.com/electric_cars?_=1786646200315&button=&listing%5Bbrand_id%5D=&listing%5Bcar_type%5D=1&listing%5Bmaxprice%5D=160000001&listing%5Bminprice%5D=55309&page=70&utf8=%E2%9C%93","https://www.gaaraas.com/fr/vehicle_listings/annonce-lincoln-mkx-dakar-dakar-32627","Lincoln MKX","2016","7 500 000","235 000 km","Automatique","Dakar"
"1786650578-599","https://www.gaaraas.com/electric_cars?_=1786646200315&button=&listing%5Bbrand_id%5D=&listing%5Bcar_type%5D=1&listing%5Bmaxprice%5D=160000001&listing%5Bminprice%5D=55309&page=70&utf8=%E2%9C%93","https://www.gaaraas.com/fr/vehicle_listings/annonce-ford-mustang-dakar-rufisque-32628","FORD MUSTANG","2013","","15 000 km","Automatique","Rufisque"
"1786650581-600","https://www.gaaraas.com/electric_cars?_=1786646200315&button=&listing%5Bbrand_id%5D=&listing%5Bcar_type%5D=1&listing%5Bmaxprice%5D=160000001&listing%5Bminprice%5D=55309&page=70&utf8=%E2%9C%93","https://www.gaaraas.com/fr/vehicle_listings/annonce-ford-explorer-dakar-dakar-32630","Ford Explorer","2017","7 700 000","100 000 km","Automatique","Dakar"
"1786650583-601","https://www.gaaraas.com/electric_cars?_=1786646200315&button=&listing%5Bbrand_id%5D=&listing%5Bcar_type%5D=1&listing%5Bmaxprice%5D=160000001&listing%5Bminprice%5D=55309&page=70&utf8=%E2%9C%93","https://www.gaaraas.com/fr/vehicle_listings/annonce-suzuki-vitara-dakar-dakar-32634","Suzuki Vitara","2021","9 200 000","93 000 km","Automatique","Dakar"
"1786650586-602","https://www.gaaraas.com/electric_cars?_=1786646200315&button=&listing%5Bbrand_id%5D=&listing%5Bcar_type%5D=1&listing%5Bmaxprice%5D=160000001&listing%5Bminprice%5D=55309&page=70&utf8=%E2%9C%93","https://www.gaaraas.com/fr/vehicle_listings/annonce-hyundai-accent-dakar-dakar-32638","Hyundai Accent","2013","3 500 000","159 000 km","Manuelle","Dakar"
"1786650588-603","https://www.gaaraas.com/electric_cars?_=1786646200315&button=&listing%5Bbrand_id%5D=&listing%5Bcar_type%5D=1&listing%5Bmaxprice%5D=160000001&listing%5Bminprice%5D=55309&page=70&utf8=%E2%9C%93","https://www.gaaraas.com/fr/vehicle_listings/annonce-peugeot-5008-dakar-dakar-32639","Peugeot 5008","2020","","195 000 km","Automatique","Dakar"
"1786650591-604","https://www.gaaraas.com/electric_cars?_=1786646200315&button=&listing%5Bbrand_id%5D=&listing%5Bcar_type%5D=1&listing%5Bmaxprice%5D=160000001&listing%5Bminprice%5D=55309&page=70&utf8=%E2%9C%93","https://www.gaaraas.com/fr/vehicle_listings/annonce-citroen-c3-dakar-dakar-32640","Citroen C3","2017","4 500 000","12 000 km","Automatique","Dakar"
"1786650595-605","https://www.gaaraas.com/electric_cars?_=1786646200315&button=&listing%5Bbrand_id%5D=&listing%5Bcar_type%5D=1&listing%5Bmaxprice%5D=160000001&listing%5Bminprice%5D=55309&page=70&utf8=%E2%9C%93","https://www.gaaraas.com/fr/vehicle_listings/annonce-peugeot-307-dakar-dakar-32641","Peugeot 307","2010","2 900 000","12 000 km","Manuelle","Dakar"
"1786650598-606","https://www.gaaraas.com/electric_cars?_=1786646200315&button=&listing%5Bbrand_id%5D=&listing%5Bcar_type%5D=1&listing%5Bmaxprice%5D=160000001&listing%5Bminprice%5D=55309&page=70&utf8=%E2%9C%93","https://www.gaaraas.com/fr/vehicle_listings/annonce-fiat-tipo-dakar-dakar-32642","Fiat Tipo","2021","5 000 000","60 000 km","Manuelle","Dakar"
"1786650612-607","https://www.gaaraas.com/electric_cars?_=1786646200315&button=&listing%5Bbrand_id%5D=&listing%5Bcar_type%5D=1&listing%5Bmaxprice%5D=160000001&listing%5Bminprice%5D=55309&page=70&utf8=%E2%9C%93","https://www.gaaraas.com/fr/vehicle_listings/annonce-ford-focus-dakar-dakar-32647","Ford Focus","2015","","120 000 km","Automatique","Dakar"
"1786650619-608","https://www.gaaraas.com/electric_cars?_=1786646200315&button=&listing%5Bbrand_id%5D=&listing%5Bcar_type%5D=1&listing%5Bmaxprice%5D=160000001&listing%5Bminprice%5D=55309&page=70&utf8=%E2%9C%93","https://www.gaaraas.com/fr/vehicle_listings/annonce-haval-h9-dakar-dakar-32657","Haval H9","2022","17 500 000","43 000 km","Automatique","Dakar"
"1786650629-609","https://www.gaaraas.com/electric_cars?_=1786646200315&button=&listing%5Bbrand_id%5D=&listing%5Bcar_type%5D=1&listing%5Bmaxprice%5D=160000001&listing%5Bminprice%5D=55309&page=70&utf8=%E2%9C%93","https://www.gaaraas.com/fr/vehicle_listings/annonce-toyota-rav4-dakar-dakar-32661","Toyota RAV4","2012","","9 800 km","Automatique","Dakar"
"1786650633-610","https://www.gaaraas.com/electric_cars?_=1786646200315&button=&listing%5Bbrand_id%5D=&listing%5Bcar_type%5D=1&listing%5Bmaxprice%5D=160000001&listing%5Bminprice%5D=55309&page=70&utf8=%E2%9C%93","https://www.gaaraas.com/fr/vehicle_listings/annonce-peugeot-207-dakar-dakar-32662","Peugeot 207","2015","","82 000 km","Manuelle","Dakar"
"1786650637-611","https://www.gaaraas.com/electric_cars?_=1786646200315&button=&listing%5Bbrand_id%5D=&listing%5Bcar_type%5D=1&listing%5Bmaxprice%5D=160000001&listing%5Bminprice%5D=55309&page=70&utf8=%E2%9C%93","https://www.gaaraas.com/fr/vehicle_listings/annonce-toyota-vitz-dakar-dakar-32663","Toyota Vitz","2018","","54 256 km","Automatique","Dakar"
"1786650647-612","https://www.gaaraas.com/electric_cars?_=1786646200315&button=&listing%5Bbrand_id%5D=&listing%5Bcar_type%5D=1&listing%5Bmaxprice%5D=160000001&listing%5Bminprice%5D=55309&page=69&utf8=%E2%9C%93","https://www.gaaraas.com/fr/vehicle_listings/annonce-toyota-rush-dakar-dakar-32664","Toyota Rush","2020","","54 256 km","Automatique","Dakar"
"1786650650-613","https://www.gaaraas.com/electric_cars?_=1786646200315&button=&listing%5Bbrand_id%5D=&listing%5Bcar_type%5D=1&listing%5Bmaxprice%5D=160000001&listing%5Bminprice%5D=55309&page=69&utf8=%E2%9C%93","https://www.gaaraas.com/fr/vehicle_listings/annonce-toyota-land-cruiser-prado-dakar-dakar-32665","Toyota Land Cruiser Prado","2016","","123 000 km","Automatique","Dakar"
"1786650653-614","https://www.gaaraas.com/electric_cars?_=1786646200315&button=&listing%5Bbrand_id%5D=&listing%5Bcar_type%5D=1&listing%5Bmaxprice%5D=160000001&listing%5Bminprice%5D=55309&page=69&utf8=%E2%9C%93","https://www.gaaraas.com/fr/vehicle_listings/annonce-land-rover-freelander-dakar-dakar-32666","Land Rover Freelander","2012","","132 700 km","Manuelle","Dakar"
"1786650661-615","https://www.gaaraas.com/electric_cars?_=1786646200315&button=&listing%5Bbrand_id%5D=&listing%5Bcar_type%5D=1&listing%5Bmaxprice%5D=160000001&listing%5Bminprice%5D=55309&page=69&utf8=%E2%9C%93","https://www.gaaraas.com/fr/vehicle_listings/annonce-honda-odyssey-dakar-dakar-32667","Honda Odyssey","2018","","116 100 km","Automatique","Dakar"
"1786650672-616","https://www.gaaraas.com/electric_cars?_=1786646200315&button=&listing%5Bbrand_id%5D=&listing%5Bcar_type%5D=1&listing%5Bmaxprice%5D=160000001&listing%5Bminprice%5D=55309&page=69&utf8=%E2%9C%93","https://www.gaaraas.com/fr/vehicle_listings/annonce-honda-pilot-dakar-dakar-32668","Honda Pilot","2013","","134 000 km","Manuelle","Dakar"
"1786650678-617","https://www.gaaraas.com/electric_cars?_=1786646200315&button=&listing%5Bbrand_id%5D=&listing%5Bcar_type%5D=1&listing%5Bmaxprice%5D=160000001&listing%5Bminprice%5D=55309&page=69&utf8=%E2%9C%93","https://www.gaaraas.com/fr/vehicle_listings/annonce-suzuki-ertiga-dakar-dakar-32669","Suzuki Ertiga","2020","","109 996 km","Automatique","Dakar"
"1786650685-618","https://www.gaaraas.com/electric_cars?_=1786646200315&button=&listing%5Bbrand_id%5D=&listing%5Bcar_type%5D=1&listing%5Bmaxprice%5D=160000001&listing%5Bminprice%5D=55309&page=69&utf8=%E2%9C%93","https://www.gaaraas.com/fr/vehicle_listings/annonce-toyota-previa-dakar-dakar-32670","Toyota Previa","2018","","98 500 km","Automatique","Dakar"
"1786650691-619","https://www.gaaraas.com/electric_cars?_=1786646200315&button=&listing%5Bbrand_id%5D=&listing%5Bcar_type%5D=1&listing%5Bmaxprice%5D=160000001&listing%5Bminprice%5D=55309&page=69&utf8=%E2%9C%93","https://www.gaaraas.com/fr/vehicle_listings/annonce-toyota-ractis-dakar-dakar-32671","Toyota Ractis","2023","","15 500 km","Automatique","Dakar"
"1786650694-620","https://www.gaaraas.com/electric_cars?_=1786646200315&button=&listing%5Bbrand_id%5D=&listing%5Bcar_type%5D=1&listing%5Bmaxprice%5D=160000001&listing%5Bminprice%5D=55309&page=69&utf8=%E2%9C%93","https://www.gaaraas.com/fr/vehicle_listings/annonce-toyota-avensis-dakar-dakar-32672","Toyota Avensis","Autre","4 500 000","2013","Automatique","Dakar"
"1786650697-621","https://www.gaaraas.com/electric_cars?_=1786646200315&button=&listing%5Bbrand_id%5D=&listing%5Bcar_type%5D=1&listing%5Bmaxprice%5D=160000001&listing%5Bminprice%5D=55309&page=69&utf8=%E2%9C%93","https://www.gaaraas.com/fr/vehicle_listings/annonce-mazda-3-dakar-dakar-32673","Mazda 3","Autre","4 200 000","2015","Automatique","Dakar"
"1786650700-622","https://www.gaaraas.com/electric_cars?_=1786646200315&button=&listing%5Bbrand_id%5D=&listing%5Bcar_type%5D=1&listing%5Bmaxprice%5D=160000001&listing%5Bminprice%5D=55309&page=69&utf8=%E2%9C%93","https://www.gaaraas.com/fr/vehicle_listings/annonce-kia-sportage-dakar-dakar-32674","Kia Sportage","Autre","6 850 000","2019","Manuelle","Dakar"
"1786650703-623","https://www.gaaraas.com/electric_cars?_=1786646200315&button=&listing%5Bbrand_id%5D=&listing%5Bcar_type%5D=1&listing%5Bmaxprice%5D=160000001&listing%5Bminprice%5D=55309&page=69&utf8=%E2%9C%93","https://www.gaaraas.com/fr/vehicle_listings/annonce-kia-optima-dakar-dakar-32675","Kia Optima","Autre","6 500 000","2018","Automatique","Dakar"
"1786650706-624","https://www.gaaraas.com/electric_cars?_=1786646200315&button=&listing%5Bbrand_id%5D=&listing%5Bcar_type%5D=1&listing%5Bmaxprice%5D=160000001&listing%5Bminprice%5D=55309&page=69&utf8=%E2%9C%93","https://www.gaaraas.com/fr/vehicle_listings/annonce-toyota-prado-dakar-dakar-32676","Toyota Prado","Autre","","2014","Automatique","Dakar"
"1786650709-625","https://www.gaaraas.com/electric_cars?_=1786646200315&button=&listing%5Bbrand_id%5D=&listing%5Bcar_type%5D=1&listing%5Bmaxprice%5D=160000001&listing%5Bminprice%5D=55309&page=69&utf8=%E2%9C%93","https://www.gaaraas.com/fr/vehicle_listings/annonce-peugeot-2008-dakar-dakar-32677","Peugeot 2008","Autre","3 850 000","2015","Automatique","Dakar"
"1786650712-626","https://www.gaaraas.com/electric_cars?_=1786646200315&button=&listing%5Bbrand_id%5D=&listing%5Bcar_type%5D=1&listing%5Bmaxprice%5D=160000001&listing%5Bminprice%5D=55309&page=69&utf8=%E2%9C%93","https://www.gaaraas.com/fr/vehicle_listings/annonce-mazda-cx-5-dakar-dakar-32678","Mazda CX-5","Autre","8 999 000","2018","Automatique","Dakar"
"1786650715-627","https://www.gaaraas.com/electric_cars?_=1786646200315&button=&listing%5Bbrand_id%5D=&listing%5Bcar_type%5D=1&listing%5Bmaxprice%5D=160000001&listing%5Bminprice%5D=55309&page=69&utf8=%E2%9C%93","https://www.gaaraas.com/fr/vehicle_listings/annonce-peugeot-108-dakar-dakar-32679","Peugeot 108","Autre","3 950 000","2017","Manuelle","Dakar"
"1786650719-628","https://www.gaaraas.com/electric_cars?_=1786646200315&button=&listing%5Bbrand_id%5D=&listing%5Bcar_type%5D=1&listing%5Bmaxprice%5D=160000001&listing%5Bminprice%5D=55309&page=69&utf8=%E2%9C%93","https://www.gaaraas.com/fr/vehicle_listings/annonce-hyundai-santa-fe-dakar-dakar-32680","Hyundai Santa Fe","Autre","5 500 000","2016","Automatique","Dakar"
"1786650721-629","https://www.gaaraas.com/electric_cars?_=1786646200315&button=&listing%5Bbrand_id%5D=&listing%5Bcar_type%5D=1&listing%5Bmaxprice%5D=160000001&listing%5Bminprice%5D=55309&page=69&utf8=%E2%9C%93","https://www.gaaraas.com/fr/vehicle_listings/annonce-hyundai-i40-dakar-dakar-32681","Hyundai i40","Autre","5 000 000","2016","Automatique","Dakar"
"1786650725-630","https://www.gaaraas.com/electric_cars?_=1786646200315&button=&listing%5Bbrand_id%5D=&listing%5Bcar_type%5D=1&listing%5Bmaxprice%5D=160000001&listing%5Bminprice%5D=55309&page=69&utf8=%E2%9C%93","https://www.gaaraas.com/fr/vehicle_listings/annonce-renault-clio-dakar-dakar-32682","Renault Clio","2016","4 200 000","2 734 km","Automatique","Dakar"
"1786650728-631","https://www.gaaraas.com/electric_cars?_=1786646200315&button=&listing%5Bbrand_id%5D=&listing%5Bcar_type%5D=1&listing%5Bmaxprice%5D=160000001&listing%5Bminprice%5D=55309&page=69&utf8=%E2%9C%93","https://www.gaaraas.com/fr/vehicle_listings/annonce-hyundai-tucson-dakar-dakar-32683","Hyundai Tucson","2017","7 900 000","2 670 km","Automatique","Dakar"
"1786650749-632","https://www.gaaraas.com/electric_cars?_=1786646200315&button=&listing%5Bbrand_id%5D=&listing%5Bcar_type%5D=1&listing%5Bmaxprice%5D=160000001&listing%5Bminprice%5D=55309&page=68&utf8=%E2%9C%93","https://www.gaaraas.com/fr/vehicle_listings/annonce-renault-alaskan-dakar-dakar-32684","Renault Alaskan","Autre","14 800 000","2021","Automatique","Dakar"
"1786650752-633","https://www.gaaraas.com/electric_cars?_=1786646200315&button=&listing%5Bbrand_id%5D=&listing%5Bcar_type%5D=1&listing%5Bmaxprice%5D=160000001&listing%5Bminprice%5D=55309&page=68&utf8=%E2%9C%93","https://www.gaaraas.com/fr/vehicle_listings/annonce-ford-edge-dakar-dakar-32685","Ford Edge","2019","7 500 000","11 300 km","Automatique","Dakar"
"1786650756-634","https://www.gaaraas.com/electric_cars?_=1786646200315&button=&listing%5Bbrand_id%5D=&listing%5Bcar_type%5D=1&listing%5Bmaxprice%5D=160000001&listing%5Bminprice%5D=55309&page=68&utf8=%E2%9C%93","https://www.gaaraas.com/fr/vehicle_listings/annonce-toyota-yaris-dakar-dakar-32686","Toyota Yaris","2017","","52 120 km","Automatique","Dakar"
"1786650772-635","https://www.gaaraas.com/electric_cars?_=1786646200315&button=&listing%5Bbrand_id%5D=&listing%5Bcar_type%5D=1&listing%5Bmaxprice%5D=160000001&listing%5Bminprice%5D=55309&page=68&utf8=%E2%9C%93","https://www.gaaraas.com/fr/vehicle_listings/annonce-honda-civic-dakar-dakar-32687","Honda Civic","2014","3 300 000","2 734 km","Automatique","Dakar"
"1786650777-636","https://www.gaaraas.com/electric_cars?_=1786646200315&button=&listing%5Bbrand_id%5D=&listing%5Bcar_type%5D=1&listing%5Bmaxprice%5D=160000001&listing%5Bminprice%5D=55309&page=68&utf8=%E2%9C%93","https://www.gaaraas.com/fr/vehicle_listings/annonce-audi-a5-dakar-dakar-32688","Audi A5","Autre","8 000 000","2012","Automatique","Dakar"
"1786650780-637","https://www.gaaraas.com/electric_cars?_=1786646200315&button=&listing%5Bbrand_id%5D=&listing%5Bcar_type%5D=1&listing%5Bmaxprice%5D=160000001&listing%5Bminprice%5D=55309&page=68&utf8=%E2%9C%93","https://www.gaaraas.com/fr/vehicle_listings/annonce-citroen-c3-louga-dahra-32689","Citroen C3","2018","4 500 000","3 700 km","Automatique","Dahra"
"1786650783-638","https://www.gaaraas.com/electric_cars?_=1786646200315&button=&listing%5Bbrand_id%5D=&listing%5Bcar_type%5D=1&listing%5Bmaxprice%5D=160000001&listing%5Bminprice%5D=55309&page=68&utf8=%E2%9C%93","https://www.gaaraas.com/fr/vehicle_listings/annonce-peugeot-208-dakar-dakar-32690","Peugeot 208","2013","3 400 000","2 778 km","Manuelle","Dakar"
"1786650787-639","https://www.gaaraas.com/electric_cars?_=1786646200315&button=&listing%5Bbrand_id%5D=&listing%5Bcar_type%5D=1&listing%5Bmaxprice%5D=160000001&listing%5Bminprice%5D=55309&page=68&utf8=%E2%9C%93","https://www.gaaraas.com/fr/vehicle_listings/annonce-kia-sportage-dakar-dakar-32691","Kia Sportage","2017","6 500 000","2 175 km","Automatique","Dakar"
"1786650790-640","https://www.gaaraas.com/electric_cars?_=1786646200315&button=&listing%5Bbrand_id%5D=&listing%5Bcar_type%5D=1&listing%5Bmaxprice%5D=160000001&listing%5Bminprice%5D=55309&page=68&utf8=%E2%9C%93","https://www.gaaraas.com/fr/vehicle_listings/annonce-renault-duster-dakar-dakar-32693","Renault Duster","2021","5 800 000","2 845 km","Manuelle","Dakar"
"1786650793-641","https://www.gaaraas.com/electric_cars?_=1786646200315&button=&listing%5Bbrand_id%5D=&listing%5Bcar_type%5D=1&listing%5Bmaxprice%5D=160000001&listing%5Bminprice%5D=55309&page=68&utf8=%E2%9C%93","https://www.gaaraas.com/fr/vehicle_listings/annonce-toyota-corolla-cross-dakar-dakar-32694","Toyota Corolla Cross","2022","","26 617 km","Automatique","Dakar"
"1786650804-642","https://www.gaaraas.com/electric_cars?_=1786646200315&button=&listing%5Bbrand_id%5D=&listing%5Bcar_type%5D=1&listing%5Bmaxprice%5D=160000001&listing%5Bminprice%5D=55309&page=68&utf8=%E2%9C%93","https://www.gaaraas.com/fr/vehicle_listings/annonce-lexus-ct-dakar-dakar-32695","Lexus CT","2017","","103 700 km","Automatique","Dakar"
"1786650813-643","https://www.gaaraas.com/electric_cars?_=1786646200315&button=&listing%5Bbrand_id%5D=&listing%5Bcar_type%5D=1&listing%5Bmaxprice%5D=160000001&listing%5Bminprice%5D=55309&page=68&utf8=%E2%9C%93","https://www.gaaraas.com/fr/vehicle_listings/annonce-lexus-rx-350-dakar-dakar-32696","Lexus RX 350","2015","","117 800 km","Automatique","Dakar"
"1786650817-644","https://www.gaaraas.com/electric_cars?_=1786646200315&button=&listing%5Bbrand_id%5D=&listing%5Bcar_type%5D=1&listing%5Bmaxprice%5D=160000001&listing%5Bminprice%5D=55309&page=68&utf8=%E2%9C%93","https://www.gaaraas.com/fr/vehicle_listings/annonce-renault-samsung-xm3-dakar-dakar-32697","Renault Samsung Xm3","2020","11 500 000","121 000 km","Automatique","Dakar"
"1786650821-645","https://www.gaaraas.com/electric_cars?_=1786646200315&button=&listing%5Bbrand_id%5D=&listing%5Bcar_type%5D=1&listing%5Bmaxprice%5D=160000001&listing%5Bminprice%5D=55309&page=68&utf8=%E2%9C%93","https://www.gaaraas.com/fr/vehicle_listings/annonce-volkswagen-golf-dakar-dakar-32698","Volkswagen Golf","2018","9 160 000","168 400 km","Manuelle","Dakar"
"1786650825-646","https://www.gaaraas.com/electric_cars?_=1786646200315&button=&listing%5Bbrand_id%5D=&listing%5Bcar_type%5D=1&listing%5Bmaxprice%5D=160000001&listing%5Bminprice%5D=55309&page=68&utf8=%E2%9C%93","https://www.gaaraas.com/fr/vehicle_listings/annonce-volkswagen-passatvariant-dakar-dakar-32699","Volkswagen Passatvariant","2017","7 850 000","189 000 km","Automatique","Dakar"
"1786650829-647","https://www.gaaraas.com/electric_cars?_=1786646200315&button=&listing%5Bbrand_id%5D=&listing%5Bcar_type%5D=1&listing%5Bmaxprice%5D=160000001&listing%5Bminprice%5D=55309&page=68&utf8=%E2%9C%93","https://www.gaaraas.com/fr/vehicle_listings/annonce-volkswagen-touran-dakar-dakar-32700","Volkswagen Touran","2017","9 060 000","206 000 km","Manuelle","Dakar"
"1786650833-648","https://www.gaaraas.com/electric_cars?_=1786646200315&button=&listing%5Bbrand_id%5D=&listing%5Bcar_type%5D=1&listing%5Bmaxprice%5D=160000001&listing%5Bminprice%5D=55309&page=68&utf8=%E2%9C%93","https://www.gaaraas.com/fr/vehicle_listings/annonce-audi-a3-dakar-dakar-32701","Audi A3","2017","10 180 000","125 000 km","Manuelle","Dakar"
"1786650836-649","https://www.gaaraas.com/electric_cars?_=1786646200315&button=&listing%5Bbrand_id%5D=&listing%5Bcar_type%5D=1&listing%5Bmaxprice%5D=160000001&listing%5Bminprice%5D=55309&page=68&utf8=%E2%9C%93","https://www.gaaraas.com/fr/vehicle_listings/annonce-renault-grandscenic-dakar-dakar-32702","Renault Grandscenic","2017","7 550 000","242 000 km","Manuelle","Dakar"
"1786650841-650","https://www.gaaraas.com/electric_cars?_=1786646200315&button=&listing%5Bbrand_id%5D=&listing%5Bcar_type%5D=1&listing%5Bmaxprice%5D=160000001&listing%5Bminprice%5D=55309&page=68&utf8=%E2%9C%93","https://www.gaaraas.com/fr/vehicle_listings/annonce-bmw-218-dakar-dakar-32703","BMW 218","2017","10 830 000","178 000 km","Manuelle","Dakar"
"1786650848-651","https://www.gaaraas.com/electric_cars?_=1786646200315&button=&listing%5Bbrand_id%5D=&listing%5Bcar_type%5D=1&listing%5Bmaxprice%5D=160000001&listing%5Bminprice%5D=55309&page=68&utf8=%E2%9C%93","https://www.gaaraas.com/fr/vehicle_listings/annonce-chevrolet-cruze-dakar-dakar-32704","Chevrolet Cruze","2012","","178 000 km","Automatique","Dakar"
"1786650861-652","https://www.gaaraas.com/electric_cars?_=1786646200315&button=&listing%5Bbrand_id%5D=&listing%5Bcar_type%5D=1&listing%5Bmaxprice%5D=160000001&listing%5Bminprice%5D=55309&page=67&utf8=%E2%9C%93","https://www.gaaraas.com/fr/vehicle_listings/annonce-nissan-altima-dakar-rufisque-32705","Nissan Altima","2011","","120 000 km","Automatique","Rufisque"
"1786650865-653","https://www.gaaraas.com/electric_cars?_=1786646200315&button=&listing%5Bbrand_id%5D=&listing%5Bcar_type%5D=1&listing%5Bmaxprice%5D=160000001&listing%5Bminprice%5D=55309&page=67&utf8=%E2%9C%93","https://www.gaaraas.com/fr/vehicle_listings/annonce-mazda-cx-5-dakar-dakar-32706","Mazda CX-5","2020","9 970 000","120 000 km","Manuelle","Dakar"
"1786650869-654","https://www.gaaraas.com/electric_cars?_=1786646200315&button=&listing%5Bbrand_id%5D=&listing%5Bcar_type%5D=1&listing%5Bmaxprice%5D=160000001&listing%5Bminprice%5D=55309&page=67&utf8=%E2%9C%93","https://www.gaaraas.com/fr/vehicle_listings/annonce-kia-carnival-region-de-thies-thies-32707","Kia Carnival","2015","","180 000 km","Automatique","Thiès"
"1786650874-655","https://www.gaaraas.com/electric_cars?_=1786646200315&button=&listing%5Bbrand_id%5D=&listing%5Bcar_type%5D=1&listing%5Bmaxprice%5D=160000001&listing%5Bminprice%5D=55309&page=67&utf8=%E2%9C%93","https://www.gaaraas.com/fr/vehicle_listings/annonce-peugeot-308-dakar-dakar-32708","Peugeot 308","2016","3 950 000","156 000 km","Manuelle","Dakar"
"1786650879-656","https://www.gaaraas.com/electric_cars?_=1786646200315&button=&listing%5Bbrand_id%5D=&listing%5Bcar_type%5D=1&listing%5Bmaxprice%5D=160000001&listing%5Bminprice%5D=55309&page=67&utf8=%E2%9C%93","https://www.gaaraas.com/fr/vehicle_listings/annonce-hyundai-santa-fe-dakar-dakar-32709","Hyundai Santa Fe","2018","","120 000 km","Automatique","Dakar"
"1786650884-657","https://www.gaaraas.com/electric_cars?_=1786646200315&button=&listing%5Bbrand_id%5D=&listing%5Bcar_type%5D=1&listing%5Bmaxprice%5D=160000001&listing%5Bminprice%5D=55309&page=67&utf8=%E2%9C%93","https://www.gaaraas.com/fr/vehicle_listings/annonce-nissan-qashqai-dakar-dakar-32710","Nissan Qashqai","2021","","70 000 km","Automatique","Dakar"
"1786650893-658","https://www.gaaraas.com/electric_cars?_=1786646200315&button=&listing%5Bbrand_id%5D=&listing%5Bcar_type%5D=1&listing%5Bmaxprice%5D=160000001&listing%5Bminprice%5D=55309&page=67&utf8=%E2%9C%93","https://www.gaaraas.com/fr/vehicle_listings/annonce-volkswagen-golf-dakar-dakar-32711","Volkswagen Golf","2017","7 550 000","220 000 km","Manuelle","Dakar"
"1786650896-659","https://www.gaaraas.com/electric_cars?_=1786646200315&button=&listing%5Bbrand_id%5D=&listing%5Bcar_type%5D=1&listing%5Bmaxprice%5D=160000001&listing%5Bminprice%5D=55309&page=67&utf8=%E2%9C%93","https://www.gaaraas.com/fr/vehicle_listings/annonce-audi-a1-dakar-dakar-32712","Audi A1","2019","9 650 000","182 000 km","Manuelle","Dakar"
"1786650899-660","https://www.gaaraas.com/electric_cars?_=1786646200315&button=&listing%5Bbrand_id%5D=&listing%5Bcar_type%5D=1&listing%5Bmaxprice%5D=160000001&listing%5Bminprice%5D=55309&page=67&utf8=%E2%9C%93","https://www.gaaraas.com/fr/vehicle_listings/annonce-hyundai-tucson-dakar-dakar-32713","Hyundai Tucson","2021","16 000 000","90 605 km","Automatique","Dakar"
"1786650923-661","https://www.gaaraas.com/electric_cars?_=1786646200315&button=&listing%5Bbrand_id%5D=&listing%5Bcar_type%5D=1&listing%5Bmaxprice%5D=160000001&listing%5Bminprice%5D=55309&page=67&utf8=%E2%9C%93","https://www.gaaraas.com/fr/vehicle_listings/annonce-ford-mustang-dakar-dakar-32717","FORD MUSTANG","2015","","117 000 km","Automatique","Dakar"
"1786650930-662","https://www.gaaraas.com/electric_cars?_=1786646200315&button=&listing%5Bbrand_id%5D=&listing%5Bcar_type%5D=1&listing%5Bmaxprice%5D=160000001&listing%5Bminprice%5D=55309&page=67&utf8=%E2%9C%93","https://www.gaaraas.com/fr/vehicle_listings/annonce-ford-mustang-dakar-dakar-32720","FORD MUSTANG","2013","","130 000 km","Automatique","Dakar"
"1786650935-663","https://www.gaaraas.com/electric_cars?_=1786646200315&button=&listing%5Bbrand_id%5D=&listing%5Bcar_type%5D=1&listing%5Bmaxprice%5D=160000001&listing%5Bminprice%5D=55309&page=67&utf8=%E2%9C%93","https://www.gaaraas.com/fr/vehicle_listings/annonce-ford-focus-dakar-dakar-32721","Ford Focus","2013","2 700 000","120 000 km","Automatique","Dakar"
"1786650949-664","https://www.gaaraas.com/electric_cars?_=1786646200315&button=&listing%5Bbrand_id%5D=&listing%5Bcar_type%5D=1&listing%5Bmaxprice%5D=160000001&listing%5Bminprice%5D=55309&page=67&utf8=%E2%9C%93","https://www.gaaraas.com/fr/vehicle_listings/annonce-renault-symbol-dakar-dakar-32722","Renault Symbol","Marron","","2017","Manuelle","Dakar"
"1786650964-665","https://www.gaaraas.com/electric_cars?_=1786646200315&button=&listing%5Bbrand_id%5D=&listing%5Bcar_type%5D=1&listing%5Bmaxprice%5D=160000001&listing%5Bminprice%5D=55309&page=67&utf8=%E2%9C%93","https://www.gaaraas.com/fr/vehicle_listings/annonce-chevrolet-equinox-dakar-dakar-32723","Chevrolet Equinox","2017","6 000 000","160 000 km","Automatique","Dakar"
"1786650970-666","https://www.gaaraas.com/electric_cars?_=1786646200315&button=&listing%5Bbrand_id%5D=&listing%5Bcar_type%5D=1&listing%5Bmaxprice%5D=160000001&listing%5Bminprice%5D=55309&page=67&utf8=%E2%9C%93","https://www.gaaraas.com/fr/vehicle_listings/annonce-peugeot-3008-dakar-dakar-32725","Peugeot 3008","2016","7 400 000","100 000 km","Manuelle","Dakar"
"1786650975-667","https://www.gaaraas.com/electric_cars?_=1786646200315&button=&listing%5Bbrand_id%5D=&listing%5Bcar_type%5D=1&listing%5Bmaxprice%5D=160000001&listing%5Bminprice%5D=55309&page=67&utf8=%E2%9C%93","https://www.gaaraas.com/fr/vehicle_listings/annonce-kia-sportage-dakar-dakar-32726","Kia Sportage","2017","8 950 000","85 000 km","Automatique","Dakar"
"1786650981-668","https://www.gaaraas.com/electric_cars?_=1786646200315&button=&listing%5Bbrand_id%5D=&listing%5Bcar_type%5D=1&listing%5Bmaxprice%5D=160000001&listing%5Bminprice%5D=55309&page=67&utf8=%E2%9C%93","https://www.gaaraas.com/fr/vehicle_listings/annonce-peugeot-308-diourbel-touba-32727","Peugeot 308","2020","3 500 000","15 565 km","Manuelle","Touba"
"1786650987-669","https://www.gaaraas.com/electric_cars?_=1786646200315&button=&listing%5Bbrand_id%5D=&listing%5Bcar_type%5D=1&listing%5Bmaxprice%5D=160000001&listing%5Bminprice%5D=55309&page=67&utf8=%E2%9C%93","https://www.gaaraas.com/fr/vehicle_listings/annonce-peugeot-208-dakar-dakar-32728","Peugeot 208","2022","10 830 000","12 700 km","Manuelle","Dakar"
"1786650991-670","https://www.gaaraas.com/electric_cars?_=1786646200315&button=&listing%5Bbrand_id%5D=&listing%5Bcar_type%5D=1&listing%5Bmaxprice%5D=160000001&listing%5Bminprice%5D=55309&page=67&utf8=%E2%9C%93","https://www.gaaraas.com/fr/vehicle_listings/annonce-citroen-c4-dakar-dakar-32729","Citroen C4","2017","7 360 000","184 000 km","Automatique","Dakar"
"1786650997-671","https://www.gaaraas.com/electric_cars?_=1786646200315&button=&listing%5Bbrand_id%5D=&listing%5Bcar_type%5D=1&listing%5Bmaxprice%5D=160000001&listing%5Bminprice%5D=55309&page=67&utf8=%E2%9C%93","https://www.gaaraas.com/fr/vehicle_listings/annonce-renault-kadjar-dakar-dakar-32730","Renault Kadjar","2021","10 830 000","168 000 km","Automatique","Dakar"
"1786651010-672","https://www.gaaraas.com/electric_cars?_=1786646200315&button=&listing%5Bbrand_id%5D=&listing%5Bcar_type%5D=1&listing%5Bmaxprice%5D=160000001&listing%5Bminprice%5D=55309&page=66&utf8=%E2%9C%93","https://www.gaaraas.com/fr/vehicle_listings/annonce-volkswagen-golf-dakar-dakar-32731","Volkswagen Golf","2018","9 160 000","168 700 km","Manuelle","Dakar"
"1786651014-673","https://www.gaaraas.com/electric_cars?_=1786646200315&button=&listing%5Bbrand_id%5D=&listing%5Bcar_type%5D=1&listing%5Bmaxprice%5D=160000001&listing%5Bminprice%5D=55309&page=66&utf8=%E2%9C%93","https://www.gaaraas.com/fr/vehicle_listings/annonce-opel-corsa-dakar-dakar-32732","Opel Corsa","2020","9 190 000","95 487 km","Manuelle","Dakar"
"1786651020-674","https://www.gaaraas.com/electric_cars?_=1786646200315&button=&listing%5Bbrand_id%5D=&listing%5Bcar_type%5D=1&listing%5Bmaxprice%5D=160000001&listing%5Bminprice%5D=55309&page=66&utf8=%E2%9C%93","https://www.gaaraas.com/fr/vehicle_listings/annonce-chevrolet-camaro-dakar-dakar-32733","Chevrolet Camaro","2014","","53 200 km","Automatique","Dakar"
"1786651024-675","https://www.gaaraas.com/electric_cars?_=1786646200315&button=&listing%5Bbrand_id%5D=&listing%5Bcar_type%5D=1&listing%5Bmaxprice%5D=160000001&listing%5Bminprice%5D=55309&page=66&utf8=%E2%9C%93","https://www.gaaraas.com/fr/vehicle_listings/annonce-nissan-np-300-dakar-dakar-32734","Nissan NP 300","2019","","100 000 km","Manuelle","Dakar"
"1786651029-676","https://www.gaaraas.com/electric_cars?_=1786646200315&button=&listing%5Bbrand_id%5D=&listing%5Bcar_type%5D=1&listing%5Bmaxprice%5D=160000001&listing%5Bminprice%5D=55309&page=66&utf8=%E2%9C%93","https://www.gaaraas.com/fr/vehicle_listings/annonce-ford-focus-dakar-dakar-32738","Ford Focus","2011","2 000 000","184 000 km","Automatique","Dakar"
"1786651034-677","https://www.gaaraas.com/electric_cars?_=1786646200315&button=&listing%5Bbrand_id%5D=&listing%5Bcar_type%5D=1&listing%5Bmaxprice%5D=160000001&listing%5Bminprice%5D=55309&page=66&utf8=%E2%9C%93","https://www.gaaraas.com/fr/vehicle_listings/annonce-opel-astra-thies-mbour-32739","Opel Astra","2010","","250 000 km","Manuelle","Mbour"
"1786651039-678","https://www.gaaraas.com/electric_cars?_=1786646200315&button=&listing%5Bbrand_id%5D=&listing%5Bcar_type%5D=1&listing%5Bmaxprice%5D=160000001&listing%5Bminprice%5D=55309&page=66&utf8=%E2%9C%93","https://www.gaaraas.com/fr/vehicle_listings/annonce-peugeot-208-dakar-rufisque-32740","Peugeot 208","2017","","128 000 km","Manuelle","Rufisque"
"1786651043-679","https://www.gaaraas.com/electric_cars?_=1786646200315&button=&listing%5Bbrand_id%5D=&listing%5Bcar_type%5D=1&listing%5Bmaxprice%5D=160000001&listing%5Bminprice%5D=55309&page=66&utf8=%E2%9C%93","https://www.gaaraas.com/fr/vehicle_listings/annonce-hyundai-tucson-dakar-dakar-32741","Hyundai Tucson","2016","6 850 000","100 000 km","Automatique","Dakar"
"1786651048-680","https://www.gaaraas.com/electric_cars?_=1786646200315&button=&listing%5Bbrand_id%5D=&listing%5Bcar_type%5D=1&listing%5Bmaxprice%5D=160000001&listing%5Bminprice%5D=55309&page=66&utf8=%E2%9C%93","https://www.gaaraas.com/fr/vehicle_listings/annonce-hyundai-santa-fe-dakar-dakar-32742","Hyundai Santa Fe","2017","9 500 000","90 000 km","Automatique","Dakar"
"1786651053-681","https://www.gaaraas.com/electric_cars?_=1786646200315&button=&listing%5Bbrand_id%5D=&listing%5Bcar_type%5D=1&listing%5Bmaxprice%5D=160000001&listing%5Bminprice%5D=55309&page=66&utf8=%E2%9C%93","https://www.gaaraas.com/fr/vehicle_listings/annonce-chana-benni-dakar-dakar-32744","Chana Benni","2021","","50 000 km","Automatique","Dakar"
"1786651086-682","https://www.gaaraas.com/electric_cars?_=1786646200315&button=&listing%5Bbrand_id%5D=&listing%5Bcar_type%5D=1&listing%5Bmaxprice%5D=160000001&listing%5Bminprice%5D=55309&page=66&utf8=%E2%9C%93","https://www.gaaraas.com/fr/vehicle_listings/annonce-hyundai-palisade-dakar-dakar-32745","Hyundai Palisade","2020","20 800 000","60 000 km","Automatique","Dakar"
"1786651097-683","https://www.gaaraas.com/electric_cars?_=1786646200315&button=&listing%5Bbrand_id%5D=&listing%5Bcar_type%5D=1&listing%5Bmaxprice%5D=160000001&listing%5Bminprice%5D=55309&page=66&utf8=%E2%9C%93","https://www.gaaraas.com/fr/vehicle_listings/annonce-audi-a1-dakar-dakar-32746","Audi A1","2019","9 130 000","182 000 km","Manuelle","Dakar"
"1786651106-684","https://www.gaaraas.com/electric_cars?_=1786646200315&button=&listing%5Bbrand_id%5D=&listing%5Bcar_type%5D=1&listing%5Bmaxprice%5D=160000001&listing%5Bminprice%5D=55309&page=66&utf8=%E2%9C%93","https://www.gaaraas.com/fr/vehicle_listings/annonce-suzuki-vitara-dakar-dakar-32747","Suzuki Vitara","2021","10 050 000","83 000 km","Manuelle","Dakar"
"1786651136-685","https://www.gaaraas.com/electric_cars?_=1786646200315&button=&listing%5Bbrand_id%5D=&listing%5Bcar_type%5D=1&listing%5Bmaxprice%5D=160000001&listing%5Bminprice%5D=55309&page=66&utf8=%E2%9C%93","https://www.gaaraas.com/fr/vehicle_listings/annonce-bmw-x6-m-dakar-dakar-32750","BMW X6 M","2021","43 000 000","80 000 km","Automatique","Dakar"
"1786651145-686","https://www.gaaraas.com/electric_cars?_=1786646200315&button=&listing%5Bbrand_id%5D=&listing%5Bcar_type%5D=1&listing%5Bmaxprice%5D=160000001&listing%5Bminprice%5D=55309&page=66&utf8=%E2%9C%93","https://www.gaaraas.com/fr/vehicle_listings/annonce-nissan-x-trail-dakar-dakar-32751","Nissan X–Trail","2005","","270 000 km","Manuelle","Dakar"
"1786651152-687","https://www.gaaraas.com/electric_cars?_=1786646200315&button=&listing%5Bbrand_id%5D=&listing%5Bcar_type%5D=1&listing%5Bmaxprice%5D=160000001&listing%5Bminprice%5D=55309&page=66&utf8=%E2%9C%93","https://www.gaaraas.com/fr/vehicle_listings/annonce-ford-escape-dakar-dakar-32752","Ford Escape","2016","","88 893 km","Automatique","Dakar"
"1786651159-688","https://www.gaaraas.com/electric_cars?_=1786646200315&button=&listing%5Bbrand_id%5D=&listing%5Bcar_type%5D=1&listing%5Bmaxprice%5D=160000001&listing%5Bminprice%5D=55309&page=66&utf8=%E2%9C%93","https://www.gaaraas.com/fr/vehicle_listings/annonce-hyundai-ix35-dakar-dakar-32753","Hyundai ix35","2010","","129 000 km","Automatique","Dakar"
"1786651164-689","https://www.gaaraas.com/electric_cars?_=1786646200315&button=&listing%5Bbrand_id%5D=&listing%5Bcar_type%5D=1&listing%5Bmaxprice%5D=160000001&listing%5Bminprice%5D=55309&page=66&utf8=%E2%9C%93","https://www.gaaraas.com/fr/vehicle_listings/annonce-renault-clio-dakar-dakar-32754","Renault Clio","2017","5 850 000","196 000 km","Manuelle","Dakar"
"1786651169-690","https://www.gaaraas.com/electric_cars?_=1786646200315&button=&listing%5Bbrand_id%5D=&listing%5Bcar_type%5D=1&listing%5Bmaxprice%5D=160000001&listing%5Bminprice%5D=55309&page=66&utf8=%E2%9C%93","https://www.gaaraas.com/fr/vehicle_listings/annonce-volkswagen-polo-dakar-dakar-32755","Volkswagen Polo","2017","7 090 000","169 500 km","Manuelle","Dakar"
"1786651175-691","https://www.gaaraas.com/electric_cars?_=1786646200315&button=&listing%5Bbrand_id%5D=&listing%5Bcar_type%5D=1&listing%5Bmaxprice%5D=160000001&listing%5Bminprice%5D=55309&page=66&utf8=%E2%9C%93","https://www.gaaraas.com/fr/vehicle_listings/annonce-suzuki-swift-dakar-dakar-32756","Suzuki Swift","2021","10 400 000","55 000 km","Manuelle","Dakar"
"1786651186-692","https://www.gaaraas.com/electric_cars?_=1786646200315&button=&listing%5Bbrand_id%5D=&listing%5Bcar_type%5D=1&listing%5Bmaxprice%5D=160000001&listing%5Bminprice%5D=55309&page=65&utf8=%E2%9C%93","https://www.gaaraas.com/fr/vehicle_listings/annonce-volkswagen-golf-dakar-dakar-32757","Volkswagen Golf","2019","10 240 000","168 000 km","Manuelle","Dakar"
"1786651191-693","https://www.gaaraas.com/electric_cars?_=1786646200315&button=&listing%5Bbrand_id%5D=&listing%5Bcar_type%5D=1&listing%5Bmaxprice%5D=160000001&listing%5Bminprice%5D=55309&page=65&utf8=%E2%9C%93","https://www.gaaraas.com/fr/vehicle_listings/annonce-kia-rio-dakar-dakar-32758","Kia Rio","2020","10 470 000","61 500 km","Manuelle","Dakar"
"1786651196-694","https://www.gaaraas.com/electric_cars?_=1786646200315&button=&listing%5Bbrand_id%5D=&listing%5Bcar_type%5D=1&listing%5Bmaxprice%5D=160000001&listing%5Bminprice%5D=55309&page=65&utf8=%E2%9C%93","https://www.gaaraas.com/fr/vehicle_listings/annonce-renault-trafic-dakar-dakar-32759","Renault Trafic","2017","10 180 000","185 000 km","Manuelle","Dakar"
"1786651201-695","https://www.gaaraas.com/electric_cars?_=1786646200315&button=&listing%5Bbrand_id%5D=&listing%5Bcar_type%5D=1&listing%5Bmaxprice%5D=160000001&listing%5Bminprice%5D=55309&page=65&utf8=%E2%9C%93","https://www.gaaraas.com/fr/vehicle_listings/annonce-citroen-berlingo-dakar-dakar-32760","Citroen Berlingo","2018","8 110 000","136 020 km","Manuelle","Dakar"
"1786651207-696","https://www.gaaraas.com/electric_cars?_=1786646200315&button=&listing%5Bbrand_id%5D=&listing%5Bcar_type%5D=1&listing%5Bmaxprice%5D=160000001&listing%5Bminprice%5D=55309&page=65&utf8=%E2%9C%93","https://www.gaaraas.com/fr/vehicle_listings/annonce-suzuki-ciaz-dakar-dakar-32761","Suzuki Ciaz","2017","4 700 000","130 530 km","Automatique","Dakar"
"1786651212-697","https://www.gaaraas.com/electric_cars?_=1786646200315&button=&listing%5Bbrand_id%5D=&listing%5Bcar_type%5D=1&listing%5Bmaxprice%5D=160000001&listing%5Bminprice%5D=55309&page=65&utf8=%E2%9C%93","https://www.gaaraas.com/fr/vehicle_listings/annonce-suzuki-ciaz-dakar-dakar-32762","Suzuki Ciaz","2017","4 700 000","137 154 km","Automatique","Dakar"
"1786651217-698","https://www.gaaraas.com/electric_cars?_=1786646200315&button=&listing%5Bbrand_id%5D=&listing%5Bcar_type%5D=1&listing%5Bmaxprice%5D=160000001&listing%5Bminprice%5D=55309&page=65&utf8=%E2%9C%93","https://www.gaaraas.com/fr/vehicle_listings/annonce-suzuki-ciaz-dakar-dakar-32763","Citroen C-elysée","2020","5 000 000","84 202 km","Manuelle","Dakar"
"1786651221-699","https://www.gaaraas.com/electric_cars?_=1786646200315&button=&listing%5Bbrand_id%5D=&listing%5Bcar_type%5D=1&listing%5Bmaxprice%5D=160000001&listing%5Bminprice%5D=55309&page=65&utf8=%E2%9C%93","https://www.gaaraas.com/fr/vehicle_listings/annonce-jeep-cherokee-dakar-dakar-32764","Jeep Cherokee","2015","","257 279 km","Automatique","Dakar"
"1786651227-700","https://www.gaaraas.com/electric_cars?_=1786646200315&button=&listing%5Bbrand_id%5D=&listing%5Bcar_type%5D=1&listing%5Bmaxprice%5D=160000001&listing%5Bminprice%5D=55309&page=65&utf8=%E2%9C%93","https://www.gaaraas.com/fr/vehicle_listings/annonce-toyota-camry-thies-mbour-32765","Toyota Camry","2024","","21 546 km","Automatique","Mbour"
"1786651253-701","https://www.gaaraas.com/electric_cars?_=1786646200315&button=&listing%5Bbrand_id%5D=&listing%5Bcar_type%5D=1&listing%5Bmaxprice%5D=160000001&listing%5Bminprice%5D=55309&page=65&utf8=%E2%9C%93","https://www.gaaraas.com/fr/vehicle_listings/annonce-chevlolet-spin-dakar-dakar-32774","Chevlolet Spin","2017","5 500 000","111 111 km","Automatique","Dakar"
"1786651287-702","https://www.gaaraas.com/electric_cars?_=1786646200315&button=&listing%5Bbrand_id%5D=&listing%5Bcar_type%5D=1&listing%5Bmaxprice%5D=160000001&listing%5Bminprice%5D=55309&page=65&utf8=%E2%9C%93","https://www.gaaraas.com/fr/vehicle_listings/annonce-chevrolet-malibu-dakar-dakar-32775","Chevrolet Malibu","2017","","111 111 km","Manuelle","Dakar"
"1786651299-703","https://www.gaaraas.com/electric_cars?_=1786646200315&button=&listing%5Bbrand_id%5D=&listing%5Bcar_type%5D=1&listing%5Bmaxprice%5D=160000001&listing%5Bminprice%5D=55309&page=65&utf8=%E2%9C%93","https://www.gaaraas.com/fr/vehicle_listings/annonce-mitsubishi-l200-dakar-rufisque-32778","Mitsubishi L200","2023","","66 000 km","Manuelle","Rufisque"
"1786651307-704","https://www.gaaraas.com/electric_cars?_=1786646200315&button=&listing%5Bbrand_id%5D=&listing%5Bcar_type%5D=1&listing%5Bmaxprice%5D=160000001&listing%5Bminprice%5D=55309&page=65&utf8=%E2%9C%93","https://www.gaaraas.com/fr/vehicle_listings/annonce-toyota-land-cruiser-dakar-dakar-32780","Toyota Land Cruiser","2007","11 000 000","199 000 km","Manuelle","Dakar"
"1786651389-705","https://www.gaaraas.com/electric_cars?_=1786646200315&button=&listing%5Bbrand_id%5D=&listing%5Bcar_type%5D=1&listing%5Bmaxprice%5D=160000001&listing%5Bminprice%5D=55309&page=65&utf8=%E2%9C%93","https://www.gaaraas.com/fr/vehicle_listings/annonce-peugeot-308-dakar-dakar-32783","Peugeot 308","2016","6 500 000","80 000 km","Manuelle","Dakar"
"1786651395-706","https://www.gaaraas.com/electric_cars?_=1786646200315&button=&listing%5Bbrand_id%5D=&listing%5Bcar_type%5D=1&listing%5Bmaxprice%5D=160000001&listing%5Bminprice%5D=55309&page=65&utf8=%E2%9C%93","https://www.gaaraas.com/fr/vehicle_listings/annonce-nissan-pathfinder-dakar-dakar-32785","Nissan Pathfinder","2017","","41 700 km","Manuelle","Dakar"
"1786651398-707","https://www.gaaraas.com/electric_cars?_=1786646200315&button=&listing%5Bbrand_id%5D=&listing%5Bcar_type%5D=1&listing%5Bmaxprice%5D=160000001&listing%5Bminprice%5D=55309&page=65&utf8=%E2%9C%93","https://www.gaaraas.com/fr/vehicle_listings/annonce-haval-h9-dakar-dakar-32786","Haval H9","2022","25 000 000","0 km","Automatique","Dakar"
"1786651404-708","https://www.gaaraas.com/electric_cars?_=1786646200315&button=&listing%5Bbrand_id%5D=&listing%5Bcar_type%5D=1&listing%5Bmaxprice%5D=160000001&listing%5Bminprice%5D=55309&page=65&utf8=%E2%9C%93","https://www.gaaraas.com/fr/vehicle_listings/annonce-haval-h6-coupe-dakar-dakar-32787","Haval H6 Coupe","2022","","0 km","Automatique","Dakar"
"1786651406-709","https://www.gaaraas.com/electric_cars?_=1786646200315&button=&listing%5Bbrand_id%5D=&listing%5Bcar_type%5D=1&listing%5Bmaxprice%5D=160000001&listing%5Bminprice%5D=55309&page=65&utf8=%E2%9C%93","https://www.gaaraas.com/fr/vehicle_listings/annonce-renault-duster-dakar-dakar-32788","Renault Duster","2015","3 950 000","120 000 km","Manuelle","Dakar"
"1786651409-710","https://www.gaaraas.com/electric_cars?_=1786646200315&button=&listing%5Bbrand_id%5D=&listing%5Bcar_type%5D=1&listing%5Bmaxprice%5D=160000001&listing%5Bminprice%5D=55309&page=65&utf8=%E2%9C%93","https://www.gaaraas.com/fr/vehicle_listings/annonce-haval-jolion-dakar-dakar-32789","Haval Jolion","2022","","0 km","Automatique","Dakar"
"1786651418-711","https://www.gaaraas.com/electric_cars?_=1786646200315&button=&listing%5Bbrand_id%5D=&listing%5Bcar_type%5D=1&listing%5Bmaxprice%5D=160000001&listing%5Bminprice%5D=55309&page=64&utf8=%E2%9C%93","https://www.gaaraas.com/fr/vehicle_listings/annonce-ford-focus-dakar-dakar-32790","Ford Focus","2013","","100 000 km","Automatique","Dakar"
"1786651421-712","https://www.gaaraas.com/electric_cars?_=1786646200315&button=&listing%5Bbrand_id%5D=&listing%5Bcar_type%5D=1&listing%5Bmaxprice%5D=160000001&listing%5Bminprice%5D=55309&page=64&utf8=%E2%9C%93","https://www.gaaraas.com/fr/vehicle_listings/annonce-chevrolet-chevette-dakar-dakar-32791","Chevrolet Chevette","2011","","211 000 km","Manuelle","Dakar"
"1786651425-713","https://www.gaaraas.com/electric_cars?_=1786646200315&button=&listing%5Bbrand_id%5D=&listing%5Bcar_type%5D=1&listing%5Bmaxprice%5D=160000001&listing%5Bminprice%5D=55309&page=64&utf8=%E2%9C%93","https://www.gaaraas.com/fr/vehicle_listings/annonce-honda-cr-v-dakar-dakar-32792","Honda CR–V","2012","","221 094 km","Automatique","Dakar"
"1786651428-714","https://www.gaaraas.com/electric_cars?_=1786646200315&button=&listing%5Bbrand_id%5D=&listing%5Bcar_type%5D=1&listing%5Bmaxprice%5D=160000001&listing%5Bminprice%5D=55309&page=64&utf8=%E2%9C%93","https://www.gaaraas.com/fr/vehicle_listings/annonce-lamborghini-urus-ziguinchor-bignona-32793","Lamborghini Urus","2024","","4 700 km","Automatique","Bignona"
"1786651430-715","https://www.gaaraas.com/electric_cars?_=1786646200315&button=&listing%5Bbrand_id%5D=&listing%5Bcar_type%5D=1&listing%5Bmaxprice%5D=160000001&listing%5Bminprice%5D=55309&page=64&utf8=%E2%9C%93","https://www.gaaraas.com/fr/vehicle_listings/annonce-kia-sorento-dakar-dakar-32794","Kia Sorento","2017","9 500 000","237 000 km","Automatique","Dakar"
"1786651433-716","https://www.gaaraas.com/electric_cars?_=1786646200315&button=&listing%5Bbrand_id%5D=&listing%5Bcar_type%5D=1&listing%5Bmaxprice%5D=160000001&listing%5Bminprice%5D=55309&page=64&utf8=%E2%9C%93","https://www.gaaraas.com/fr/vehicle_listings/annonce-hyundai-tucson-dakar-dakar-32795","Hyundai Tucson","2022","14 500 000","99 350 km","Automatique","Dakar"
"1786651435-717","https://www.gaaraas.com/electric_cars?_=1786646200315&button=&listing%5Bbrand_id%5D=&listing%5Bcar_type%5D=1&listing%5Bmaxprice%5D=160000001&listing%5Bminprice%5D=55309&page=64&utf8=%E2%9C%93","https://www.gaaraas.com/fr/vehicle_listings/annonce-hyundai-tucson-dakar-dakar-32796","Hyundai Tucson","2024","20 000 000","30 637 km","Automatique","Dakar"
"1786651438-718","https://www.gaaraas.com/electric_cars?_=1786646200315&button=&listing%5Bbrand_id%5D=&listing%5Bcar_type%5D=1&listing%5Bmaxprice%5D=160000001&listing%5Bminprice%5D=55309&page=64&utf8=%E2%9C%93","https://www.gaaraas.com/fr/vehicle_listings/annonce-kia-sportage-dakar-dakar-32797","Kia Sportage","2017","8 000 000","2 563 km","Manuelle","Dakar"
"1786651441-719","https://www.gaaraas.com/electric_cars?_=1786646200315&button=&listing%5Bbrand_id%5D=&listing%5Bcar_type%5D=1&listing%5Bmaxprice%5D=160000001&listing%5Bminprice%5D=55309&page=64&utf8=%E2%9C%93","https://www.gaaraas.com/fr/vehicle_listings/annonce-peugeot-307-dakar-dakar-32798","Peugeot 307","2019","2 850 000","2 563 km","Automatique","Dakar"
"1786651443-720","https://www.gaaraas.com/electric_cars?_=1786646200315&button=&listing%5Bbrand_id%5D=&listing%5Bcar_type%5D=1&listing%5Bmaxprice%5D=160000001&listing%5Bminprice%5D=55309&page=64&utf8=%E2%9C%93","https://www.gaaraas.com/fr/vehicle_listings/annonce-ford-escape-dakar-dakar-32800","Ford Escape","2017","","6 342 km","Automatique","Dakar"
"1786651446-721","https://www.gaaraas.com/electric_cars?_=1786646200315&button=&listing%5Bbrand_id%5D=&listing%5Bcar_type%5D=1&listing%5Bmaxprice%5D=160000001&listing%5Bminprice%5D=55309&page=64&utf8=%E2%9C%93","https://www.gaaraas.com/fr/vehicle_listings/annonce-citroen-c3-dakar-dakar-32802","Citroen C3","2017","2 200 000","2 854 km","Automatique","Dakar"
"1786651449-722","https://www.gaaraas.com/electric_cars?_=1786646200315&button=&listing%5Bbrand_id%5D=&listing%5Bcar_type%5D=1&listing%5Bmaxprice%5D=160000001&listing%5Bminprice%5D=55309&page=64&utf8=%E2%9C%93","https://www.gaaraas.com/fr/vehicle_listings/annonce-peugeot-505-dakar-dakar-32803","Peugeot 505","2018","5 900 000","2 530 km","Manuelle","Dakar"
"1786651451-723","https://www.gaaraas.com/electric_cars?_=1786646200315&button=&listing%5Bbrand_id%5D=&listing%5Bcar_type%5D=1&listing%5Bmaxprice%5D=160000001&listing%5Bminprice%5D=55309&page=64&utf8=%E2%9C%93","https://www.gaaraas.com/fr/vehicle_listings/annonce-mitsubishi-debonair-dakar-dakar-32804","Mitsubishi Debonair","2017","4 500 000","2 654 km","Automatique","Dakar"
"1786651454-724","https://www.gaaraas.com/electric_cars?_=1786646200315&button=&listing%5Bbrand_id%5D=&listing%5Bcar_type%5D=1&listing%5Bmaxprice%5D=160000001&listing%5Bminprice%5D=55309&page=64&utf8=%E2%9C%93","https://www.gaaraas.com/fr/vehicle_listings/annonce-dacia-duster-louga-dahra-32805","Dacia Duster","2012","1 950 000","25 345 km","Manuelle","Dahra"
"1786651456-725","https://www.gaaraas.com/electric_cars?_=1786646200315&button=&listing%5Bbrand_id%5D=&listing%5Bcar_type%5D=1&listing%5Bmaxprice%5D=160000001&listing%5Bminprice%5D=55309&page=64&utf8=%E2%9C%93","https://www.gaaraas.com/fr/vehicle_listings/annonce-peugeot-208-dakar-dakar-32806","Peugeot 208","Autre","","2018","Automatique","Dakar"
"1786651459-726","https://www.gaaraas.com/electric_cars?_=1786646200315&button=&listing%5Bbrand_id%5D=&listing%5Bcar_type%5D=1&listing%5Bmaxprice%5D=160000001&listing%5Bminprice%5D=55309&page=64&utf8=%E2%9C%93","https://www.gaaraas.com/fr/vehicle_listings/annonce-peugeot-308-dakar-dakar-32807","Peugeot 308","2010","","2 464 km","Automatique","Dakar"
"1786651461-727","https://www.gaaraas.com/electric_cars?_=1786646200315&button=&listing%5Bbrand_id%5D=&listing%5Bcar_type%5D=1&listing%5Bmaxprice%5D=160000001&listing%5Bminprice%5D=55309&page=64&utf8=%E2%9C%93","https://www.gaaraas.com/fr/vehicle_listings/annonce-mercedes-benz-a-180-dakar-dakar-32808","Mercedes Benz a 180","2008","1 400 000","2 064 km","Automatique","Dakar"
"1786651464-728","https://www.gaaraas.com/electric_cars?_=1786646200315&button=&listing%5Bbrand_id%5D=&listing%5Bcar_type%5D=1&listing%5Bmaxprice%5D=160000001&listing%5Bminprice%5D=55309&page=64&utf8=%E2%9C%93","https://www.gaaraas.com/fr/vehicle_listings/annonce-peugeot-505-dakar-dakar-32809","Peugeot 505","Autre","1 500 000","2008","Automatique","Dakar"
"1786651466-729","https://www.gaaraas.com/electric_cars?_=1786646200315&button=&listing%5Bbrand_id%5D=&listing%5Bcar_type%5D=1&listing%5Bmaxprice%5D=160000001&listing%5Bminprice%5D=55309&page=64&utf8=%E2%9C%93","https://www.gaaraas.com/fr/vehicle_listings/annonce-kia-sportage-dakar-dakar-32810","Kia Sportage","2009","1 800 000","2 673 km","Automatique","Dakar"
"1786651469-730","https://www.gaaraas.com/electric_cars?_=1786646200315&button=&listing%5Bbrand_id%5D=&listing%5Bcar_type%5D=1&listing%5Bmaxprice%5D=160000001&listing%5Bminprice%5D=55309&page=64&utf8=%E2%9C%93","https://www.gaaraas.com/fr/vehicle_listings/annonce-toyota-pickup-dakar-dakar-32811","Toyota Pickup","2008","3 700 000","2 784 km","Automatique","Dakar"
"1786651476-731","https://www.gaaraas.com/electric_cars?_=1786646200315&button=&listing%5Bbrand_id%5D=&listing%5Bcar_type%5D=1&listing%5Bmaxprice%5D=160000001&listing%5Bminprice%5D=55309&page=63&utf8=%E2%9C%93","https://www.gaaraas.com/fr/vehicle_listings/annonce-peugeot-308-dakar-dakar-32812","Peugeot 308","Autre","2 900 000","2010","Automatique","Dakar"
"1786651478-732","https://www.gaaraas.com/electric_cars?_=1786646200315&button=&listing%5Bbrand_id%5D=&listing%5Bcar_type%5D=1&listing%5Bmaxprice%5D=160000001&listing%5Bminprice%5D=55309&page=63&utf8=%E2%9C%93","https://www.gaaraas.com/fr/vehicle_listings/annonce-peugeot-206-dakar-dakar-32813","Peugeot 206","2017","1 400 000","2 573 km","Manuelle","Dakar"
"1786651481-733","https://www.gaaraas.com/electric_cars?_=1786646200315&button=&listing%5Bbrand_id%5D=&listing%5Bcar_type%5D=1&listing%5Bmaxprice%5D=160000001&listing%5Bminprice%5D=55309&page=63&utf8=%E2%9C%93","https://www.gaaraas.com/fr/vehicle_listings/annonce-mitsubishi-delica-dakar-dakar-32814","Mitsubishi Delica","2009","4 800 000","2 894 km","Automatique","Dakar"
"1786651483-734","https://www.gaaraas.com/electric_cars?_=1786646200315&button=&listing%5Bbrand_id%5D=&listing%5Bcar_type%5D=1&listing%5Bmaxprice%5D=160000001&listing%5Bminprice%5D=55309&page=63&utf8=%E2%9C%93","https://www.gaaraas.com/fr/vehicle_listings/annonce-ford-f-150-dakar-dakar-32815","Ford F–150","Autre","2 500 000","2014","Automatique","Dakar"
"1786651486-735","https://www.gaaraas.com/electric_cars?_=1786646200315&button=&listing%5Bbrand_id%5D=&listing%5Bcar_type%5D=1&listing%5Bmaxprice%5D=160000001&listing%5Bminprice%5D=55309&page=63&utf8=%E2%9C%93","https://www.gaaraas.com/fr/vehicle_listings/annonce-jeep-cherokee-dakar-dakar-32816","Jeep Cherokee","2010","5 700 000","2 784 km","Automatique","Dakar"
"1786651488-736","https://www.gaaraas.com/electric_cars?_=1786646200315&button=&listing%5Bbrand_id%5D=&listing%5Bcar_type%5D=1&listing%5Bmaxprice%5D=160000001&listing%5Bminprice%5D=55309&page=63&utf8=%E2%9C%93","https://www.gaaraas.com/fr/vehicle_listings/annonce-citroen-jumpy-dakar-dakar-32817","Citroen Jumpy","2017","7 500 000","2 674 km","Manuelle","Dakar"
"1786651491-737","https://www.gaaraas.com/electric_cars?_=1786646200315&button=&listing%5Bbrand_id%5D=&listing%5Bcar_type%5D=1&listing%5Bmaxprice%5D=160000001&listing%5Bminprice%5D=55309&page=63&utf8=%E2%9C%93","https://www.gaaraas.com/fr/vehicle_listings/annonce-audi-q7-dakar-dakar-32818","Audi Q7","2018","18 000 000","2 650 km","Manuelle","Dakar"
"1786651494-738","https://www.gaaraas.com/electric_cars?_=1786646200315&button=&listing%5Bbrand_id%5D=&listing%5Bcar_type%5D=1&listing%5Bmaxprice%5D=160000001&listing%5Bminprice%5D=55309&page=63&utf8=%E2%9C%93","https://www.gaaraas.com/fr/vehicle_listings/annonce-kia-sportage-dakar-dakar-32819","Kia Sportage","2017","7 500 000","17 843 km","Automatique","Dakar"
"1786651496-739","https://www.gaaraas.com/electric_cars?_=1786646200315&button=&listing%5Bbrand_id%5D=&listing%5Bcar_type%5D=1&listing%5Bmaxprice%5D=160000001&listing%5Bminprice%5D=55309&page=63&utf8=%E2%9C%93","https://www.gaaraas.com/fr/vehicle_listings/annonce-ford-escape-dakar-dakar-32820","Ford Escape","2015","2 000 000","3 894 km","Automatique","Dakar"
"1786651499-740","https://www.gaaraas.com/electric_cars?_=1786646200315&button=&listing%5Bbrand_id%5D=&listing%5Bcar_type%5D=1&listing%5Bmaxprice%5D=160000001&listing%5Bminprice%5D=55309&page=63&utf8=%E2%9C%93","https://www.gaaraas.com/fr/vehicle_listings/annonce-renault-10-dakar-dakar-32821","Renault 10","Autre","3 800 000","2015","Automatique","Dakar"
"1786651501-741","https://www.gaaraas.com/electric_cars?_=1786646200315&button=&listing%5Bbrand_id%5D=&listing%5Bcar_type%5D=1&listing%5Bmaxprice%5D=160000001&listing%5Bminprice%5D=55309&page=63&utf8=%E2%9C%93","https://www.gaaraas.com/fr/vehicle_listings/annonce-citroen-jumpy-dakar-dakar-32822","Citroen Jumpy","Autre","7 500 000","2017","Manuelle","Dakar"
"1786651504-742","https://www.gaaraas.com/electric_cars?_=1786646200315&button=&listing%5Bbrand_id%5D=&listing%5Bcar_type%5D=1&listing%5Bmaxprice%5D=160000001&listing%5Bminprice%5D=55309&page=63&utf8=%E2%9C%93","https://www.gaaraas.com/fr/vehicle_listings/annonce-ford-ranger-dakar-dakar-32823","Ford Ranger","Autre","32 800 000","2020","Automatique","Dakar"
"1786651507-743","https://www.gaaraas.com/electric_cars?_=1786646200315&button=&listing%5Bbrand_id%5D=&listing%5Bcar_type%5D=1&listing%5Bmaxprice%5D=160000001&listing%5Bminprice%5D=55309&page=63&utf8=%E2%9C%93","https://www.gaaraas.com/fr/vehicle_listings/annonce-kia-sportage-dakar-dakar-32824","Kia Sportage","2016","7 300 000","125 685 km","Automatique","Dakar"
"1786651512-744","https://www.gaaraas.com/electric_cars?_=1786646200315&button=&listing%5Bbrand_id%5D=&listing%5Bcar_type%5D=1&listing%5Bmaxprice%5D=160000001&listing%5Bminprice%5D=55309&page=63&utf8=%E2%9C%93","https://www.gaaraas.com/fr/vehicle_listings/annonce-chevrolet-cruze-dakar-dakar-32825","Chevrolet Cruze","2015","3 400 000","2 975 km","Automatique","Dakar"
"1786651516-745","https://www.gaaraas.com/electric_cars?_=1786646200315&button=&listing%5Bbrand_id%5D=&listing%5Bcar_type%5D=1&listing%5Bmaxprice%5D=160000001&listing%5Bminprice%5D=55309&page=63&utf8=%E2%9C%93","https://www.gaaraas.com/fr/vehicle_listings/annonce-bmw-x5-dakar-dakar-32826","BMW X5","2017","14 900 000","2 674 km","Automatique","Dakar"
"1786651518-746","https://www.gaaraas.com/electric_cars?_=1786646200315&button=&listing%5Bbrand_id%5D=&listing%5Bcar_type%5D=1&listing%5Bmaxprice%5D=160000001&listing%5Bminprice%5D=55309&page=63&utf8=%E2%9C%93","https://www.gaaraas.com/fr/vehicle_listings/annonce-ford-fusion-dakar-dakar-32827","Ford Fusion","2018","4 500 000","3 540 km","Automatique","Dakar"
"1786651521-747","https://www.gaaraas.com/electric_cars?_=1786646200315&button=&listing%5Bbrand_id%5D=&listing%5Bcar_type%5D=1&listing%5Bmaxprice%5D=160000001&listing%5Bminprice%5D=55309&page=63&utf8=%E2%9C%93","https://www.gaaraas.com/fr/vehicle_listings/annonce-hyundai-elantra-dakar-dakar-32828","Hyundai Elantra","2013","3 750 000","3 540 km","Automatique","Dakar"
"1786651523-748","https://www.gaaraas.com/electric_cars?_=1786646200315&button=&listing%5Bbrand_id%5D=&listing%5Bcar_type%5D=1&listing%5Bmaxprice%5D=160000001&listing%5Bminprice%5D=55309&page=63&utf8=%E2%9C%93","https://www.gaaraas.com/fr/vehicle_listings/annonce-hyundai-tucson-dakar-dakar-32829","Hyundai Tucson","2017","8 600 000","2 573 km","Automatique","Dakar"
"1786651526-749","https://www.gaaraas.com/electric_cars?_=1786646200315&button=&listing%5Bbrand_id%5D=&listing%5Bcar_type%5D=1&listing%5Bmaxprice%5D=160000001&listing%5Bminprice%5D=55309&page=63&utf8=%E2%9C%93","https://www.gaaraas.com/fr/vehicle_listings/annonce-mitsubishi-delica-d-2-dakar-dakar-32830","Mitsubishi Delica D:2","2016","9 500 000","3 564 km","Automatique","Dakar"
"1786651529-750","https://www.gaaraas.com/electric_cars?_=1786646200315&button=&listing%5Bbrand_id%5D=&listing%5Bcar_type%5D=1&listing%5Bmaxprice%5D=160000001&listing%5Bminprice%5D=55309&page=63&utf8=%E2%9C%93","https://www.gaaraas.com/fr/vehicle_listings/annonce-peugeot-208-dakar-dakar-32831","Peugeot 208","2017","5 350 000","2 573 km","Automatique","Dakar"
"1786651534-751","https://www.gaaraas.com/electric_cars?_=1786646200315&button=&listing%5Bbrand_id%5D=&listing%5Bcar_type%5D=1&listing%5Bmaxprice%5D=160000001&listing%5Bminprice%5D=55309&page=62&utf8=%E2%9C%93","https://www.gaaraas.com/fr/vehicle_listings/annonce-hyundai-i10-dakar-dakar-32832","Hyundai i10","Autre","2 200 000","2013","Automatique","Dakar"
"1786651537-752","https://www.gaaraas.com/electric_cars?_=1786646200315&button=&listing%5Bbrand_id%5D=&listing%5Bcar_type%5D=1&listing%5Bmaxprice%5D=160000001&listing%5Bminprice%5D=55309&page=62&utf8=%E2%9C%93","https://www.gaaraas.com/fr/vehicle_listings/annonce-ford-fusion-dakar-dakar-32833","Ford Fusion","2011","1 850 000","7 350 km","Automatique","Dakar"
"1786651540-753","https://www.gaaraas.com/electric_cars?_=1786646200315&button=&listing%5Bbrand_id%5D=&listing%5Bcar_type%5D=1&listing%5Bmaxprice%5D=160000001&listing%5Bminprice%5D=55309&page=62&utf8=%E2%9C%93","https://www.gaaraas.com/fr/vehicle_listings/annonce-mercedes-glc-250-dakar-dakar-32834","Mercedes Glc 250","2017","21 500 000","2 674 km","Automatique","Dakar"
"1786651542-754","https://www.gaaraas.com/electric_cars?_=1786646200315&button=&listing%5Bbrand_id%5D=&listing%5Bcar_type%5D=1&listing%5Bmaxprice%5D=160000001&listing%5Bminprice%5D=55309&page=62&utf8=%E2%9C%93","https://www.gaaraas.com/fr/vehicle_listings/annonce-hyundai-santa-fe-dakar-dakar-32835","Hyundai Santa Fe","2014","3 700 000","2 945 km","Automatique","Dakar"
"1786651544-755","https://www.gaaraas.com/electric_cars?_=1786646200315&button=&listing%5Bbrand_id%5D=&listing%5Bcar_type%5D=1&listing%5Bmaxprice%5D=160000001&listing%5Bminprice%5D=55309&page=62&utf8=%E2%9C%93","https://www.gaaraas.com/fr/vehicle_listings/annonce-chevrolet-malibu-dakar-dakar-32836","Chevrolet Malibu","2017","4 200 000","2 574 km","Automatique","Dakar"
"1786651547-756","https://www.gaaraas.com/electric_cars?_=1786646200315&button=&listing%5Bbrand_id%5D=&listing%5Bcar_type%5D=1&listing%5Bmaxprice%5D=160000001&listing%5Bminprice%5D=55309&page=62&utf8=%E2%9C%93","https://www.gaaraas.com/fr/vehicle_listings/annonce-nissan-rogue-dakar-dakar-32837","Nissan Rogue","2012","3 500 000","2 684 km","Automatique","Dakar"
"1786651549-757","https://www.gaaraas.com/electric_cars?_=1786646200315&button=&listing%5Bbrand_id%5D=&listing%5Bcar_type%5D=1&listing%5Bmaxprice%5D=160000001&listing%5Bminprice%5D=55309&page=62&utf8=%E2%9C%93","https://www.gaaraas.com/fr/vehicle_listings/annonce-hyundai-sonata-dakar-dakar-32838","Hyundai Sonata","2013","3 000 000","2 453 km","Automatique","Dakar"
"1786651552-758","https://www.gaaraas.com/electric_cars?_=1786646200315&button=&listing%5Bbrand_id%5D=&listing%5Bcar_type%5D=1&listing%5Bmaxprice%5D=160000001&listing%5Bminprice%5D=55309&page=62&utf8=%E2%9C%93","https://www.gaaraas.com/fr/vehicle_listings/annonce-ford-escape-dakar-dakar-32839","Ford Escape","2012","3 500 000","2 563 km","Automatique","Dakar"
"1786651554-759","https://www.gaaraas.com/electric_cars?_=1786646200315&button=&listing%5Bbrand_id%5D=&listing%5Bcar_type%5D=1&listing%5Bmaxprice%5D=160000001&listing%5Bminprice%5D=55309&page=62&utf8=%E2%9C%93","https://www.gaaraas.com/fr/vehicle_listings/annonce-ford-focus-dakar-dakar-32840","Ford Focus","2013","2 500 000","2 784 km","Automatique","Dakar"
"1786651557-760","https://www.gaaraas.com/electric_cars?_=1786646200315&button=&listing%5Bbrand_id%5D=&listing%5Bcar_type%5D=1&listing%5Bmaxprice%5D=160000001&listing%5Bminprice%5D=55309&page=62&utf8=%E2%9C%93","https://www.gaaraas.com/fr/vehicle_listings/annonce-hyundai-tucson-dakar-dakar-32841","Hyundai Tucson","2019","8 500 000","2 456 km","Automatique","Dakar"
"1786651560-761","https://www.gaaraas.com/electric_cars?_=1786646200315&button=&listing%5Bbrand_id%5D=&listing%5Bcar_type%5D=1&listing%5Bmaxprice%5D=160000001&listing%5Bminprice%5D=55309&page=62&utf8=%E2%9C%93","https://www.gaaraas.com/fr/vehicle_listings/annonce-peugeot-3008-dakar-dakar-32842","Peugeot 3008","2013","4 500 000","2 563 km","Automatique","Dakar"
"1786651562-762","https://www.gaaraas.com/electric_cars?_=1786646200315&button=&listing%5Bbrand_id%5D=&listing%5Bcar_type%5D=1&listing%5Bmaxprice%5D=160000001&listing%5Bminprice%5D=55309&page=62&utf8=%E2%9C%93","https://www.gaaraas.com/fr/vehicle_listings/annonce-mitsubishi-outlander-dakar-dakar-32843","Mitsubishi Outlander","2015","5 700 000","2 563 km","Automatique","Dakar"
"1786651565-763","https://www.gaaraas.com/electric_cars?_=1786646200315&button=&listing%5Bbrand_id%5D=&listing%5Bcar_type%5D=1&listing%5Bmaxprice%5D=160000001&listing%5Bminprice%5D=55309&page=62&utf8=%E2%9C%93","https://www.gaaraas.com/fr/vehicle_listings/annonce-mercedes-benz-c180-dakar-dakar-32844","Mercedes-Benz C180","2016","8 500 000","2 563 km","Automatique","Dakar"
"1786651567-764","https://www.gaaraas.com/electric_cars?_=1786646200315&button=&listing%5Bbrand_id%5D=&listing%5Bcar_type%5D=1&listing%5Bmaxprice%5D=160000001&listing%5Bminprice%5D=55309&page=62&utf8=%E2%9C%93","https://www.gaaraas.com/fr/vehicle_listings/annonce-toyota-rav4-dakar-dakar-32845","Toyota RAV4","2014","2 900 000","2 563 km","Automatique","Dakar"
"1786651570-765","https://www.gaaraas.com/electric_cars?_=1786646200315&button=&listing%5Bbrand_id%5D=&listing%5Bcar_type%5D=1&listing%5Bmaxprice%5D=160000001&listing%5Bminprice%5D=55309&page=62&utf8=%E2%9C%93","https://www.gaaraas.com/fr/vehicle_listings/annonce-ford-escape-dakar-dakar-32846","Ford Escape","2017","4 850 000","14 520 km","Automatique","Dakar"
"1786651572-766","https://www.gaaraas.com/electric_cars?_=1786646200315&button=&listing%5Bbrand_id%5D=&listing%5Bcar_type%5D=1&listing%5Bmaxprice%5D=160000001&listing%5Bminprice%5D=55309&page=62&utf8=%E2%9C%93","https://www.gaaraas.com/fr/vehicle_listings/annonce-ford-edge-dakar-dakar-32847","Ford Edge","2015","5 950 000","6 450 km","Automatique","Dakar"
"1786651575-767","https://www.gaaraas.com/electric_cars?_=1786646200315&button=&listing%5Bbrand_id%5D=&listing%5Bcar_type%5D=1&listing%5Bmaxprice%5D=160000001&listing%5Bminprice%5D=55309&page=62&utf8=%E2%9C%93","https://www.gaaraas.com/fr/vehicle_listings/annonce-ford-fusion-dakar-dakar-32848","Ford Fusion","2013","1 950 000","2 673 km","Automatique","Dakar"
"1786651577-768","https://www.gaaraas.com/electric_cars?_=1786646200315&button=&listing%5Bbrand_id%5D=&listing%5Bcar_type%5D=1&listing%5Bmaxprice%5D=160000001&listing%5Bminprice%5D=55309&page=62&utf8=%E2%9C%93","https://www.gaaraas.com/fr/vehicle_listings/annonce-ford-ranger-dakar-dakar-32849","Ford Ranger","2020","33 000 000","2 564 km","Automatique","Dakar"
"1786651581-769","https://www.gaaraas.com/electric_cars?_=1786646200315&button=&listing%5Bbrand_id%5D=&listing%5Bcar_type%5D=1&listing%5Bmaxprice%5D=160000001&listing%5Bminprice%5D=55309&page=62&utf8=%E2%9C%93","https://www.gaaraas.com/fr/vehicle_listings/annonce-alfa-romeo-gtv-saint-louis-dagana-32850","Alfa Romeo GTV","1990","","0 km","Manuelle","Dagana"
"1786651583-770","https://www.gaaraas.com/electric_cars?_=1786646200315&button=&listing%5Bbrand_id%5D=&listing%5Bcar_type%5D=1&listing%5Bmaxprice%5D=160000001&listing%5Bminprice%5D=55309&page=62&utf8=%E2%9C%93","https://www.gaaraas.com/fr/vehicle_listings/annonce-mercedes-benz-slc-klasse-region-of-thies-joal-fadiouth-32852","Mercedes‒Benz SLC-klasse","1990","","0 km","Manuelle","Joal-Fadiouth"
"1786651589-771","https://www.gaaraas.com/electric_cars?_=1786646200315&button=&listing%5Bbrand_id%5D=&listing%5Bcar_type%5D=1&listing%5Bmaxprice%5D=160000001&listing%5Bminprice%5D=55309&page=61&utf8=%E2%9C%93","https://www.gaaraas.com/fr/vehicle_listings/annonce-mercedes-benz-230-kaolack-kaolack-32853","Mercedes‒Benz 230","1990","","0 km","Manuelle","Kaolack"
"1786651592-772","https://www.gaaraas.com/electric_cars?_=1786646200315&button=&listing%5Bbrand_id%5D=&listing%5Bcar_type%5D=1&listing%5Bmaxprice%5D=160000001&listing%5Bminprice%5D=55309&page=61&utf8=%E2%9C%93","https://www.gaaraas.com/fr/vehicle_listings/annonce-mercedes-benz-w186-louga-louga-32854","Mercedes‒Benz W186","1990","","0 km","Manuelle","Louga"
"1786651596-773","https://www.gaaraas.com/electric_cars?_=1786646200315&button=&listing%5Bbrand_id%5D=&listing%5Bcar_type%5D=1&listing%5Bmaxprice%5D=160000001&listing%5Bminprice%5D=55309&page=61&utf8=%E2%9C%93","https://www.gaaraas.com/fr/vehicle_listings/annonce-nissan-micra-dakar-dakar-32856","Nissan Micra","2017","","45 000 km","Manuelle","Dakar"
"1786651599-774","https://www.gaaraas.com/electric_cars?_=1786646200315&button=&listing%5Bbrand_id%5D=&listing%5Bcar_type%5D=1&listing%5Bmaxprice%5D=160000001&listing%5Bminprice%5D=55309&page=61&utf8=%E2%9C%93","https://www.gaaraas.com/fr/vehicle_listings/annonce-mitsubishi-rvr-dakar-dakar-32857","Mitsubishi RVR","2017","6 500 000","94 000 km","Automatique","Dakar"
"1786651601-775","https://www.gaaraas.com/electric_cars?_=1786646200315&button=&listing%5Bbrand_id%5D=&listing%5Bcar_type%5D=1&listing%5Bmaxprice%5D=160000001&listing%5Bminprice%5D=55309&page=61&utf8=%E2%9C%93","https://www.gaaraas.com/fr/vehicle_listings/annonce-chevrolet-trax-dakar-dakar-32858","Chevrolet Trax","2015","3 800 000","166 589 km","Automatique","Dakar"
"1786651604-776","https://www.gaaraas.com/electric_cars?_=1786646200315&button=&listing%5Bbrand_id%5D=&listing%5Bcar_type%5D=1&listing%5Bmaxprice%5D=160000001&listing%5Bminprice%5D=55309&page=61&utf8=%E2%9C%93","https://www.gaaraas.com/fr/vehicle_listings/annonce-range-rover-range-rover-dakar-dakar-32859","Range Rover Range Rover","2017","16 750 000","96 160 km","Automatique","Dakar"
"1786651609-777","https://www.gaaraas.com/electric_cars?_=1786646200315&button=&listing%5Bbrand_id%5D=&listing%5Bcar_type%5D=1&listing%5Bmaxprice%5D=160000001&listing%5Bminprice%5D=55309&page=61&utf8=%E2%9C%93","https://www.gaaraas.com/fr/vehicle_listings/annonce-kia-sportage-dakar-dakar-32860","Kia Sportage","2013","4 900 000","142 586 km","Automatique","Dakar"
"1786651611-778","https://www.gaaraas.com/electric_cars?_=1786646200315&button=&listing%5Bbrand_id%5D=&listing%5Bcar_type%5D=1&listing%5Bmaxprice%5D=160000001&listing%5Bminprice%5D=55309&page=61&utf8=%E2%9C%93","https://www.gaaraas.com/fr/vehicle_listings/annonce-kia-sportage-dakar-dakar-32862","Kia Sportage","2018","9 000 000","111 800 km","Automatique","Dakar"
"1786651614-779","https://www.gaaraas.com/electric_cars?_=1786646200315&button=&listing%5Bbrand_id%5D=&listing%5Bcar_type%5D=1&listing%5Bmaxprice%5D=160000001&listing%5Bminprice%5D=55309&page=61&utf8=%E2%9C%93","https://www.gaaraas.com/fr/vehicle_listings/annonce-ford-focus-dakar-dakar-32863","Ford Focus","2016","3 100 000","99 100 km","Automatique","Dakar"
"1786651616-780","https://www.gaaraas.com/electric_cars?_=1786646200315&button=&listing%5Bbrand_id%5D=&listing%5Bcar_type%5D=1&listing%5Bmaxprice%5D=160000001&listing%5Bminprice%5D=55309&page=61&utf8=%E2%9C%93","https://www.gaaraas.com/fr/vehicle_listings/annonce-bmw-1er-dakar-dakar-32864","BMW 1er","2008","2 500 000","166 589 km","Manuelle","Dakar"
"1786651618-781","https://www.gaaraas.com/electric_cars?_=1786646200315&button=&listing%5Bbrand_id%5D=&listing%5Bcar_type%5D=1&listing%5Bmaxprice%5D=160000001&listing%5Bminprice%5D=55309&page=61&utf8=%E2%9C%93","https://www.gaaraas.com/fr/vehicle_listings/annonce-renault-megane-dakar-dakar-32865","Renault Megane","2015","5 700 000","138 000 km","Automatique","Dakar"
"1786651621-782","https://www.gaaraas.com/electric_cars?_=1786646200315&button=&listing%5Bbrand_id%5D=&listing%5Bcar_type%5D=1&listing%5Bmaxprice%5D=160000001&listing%5Bminprice%5D=55309&page=61&utf8=%E2%9C%93","https://www.gaaraas.com/fr/vehicle_listings/annonce-ford-fusion-dakar-dakar-32866","Ford Fusion","2014","3 700 000","89 225 km","Automatique","Dakar"
"1786651623-783","https://www.gaaraas.com/electric_cars?_=1786646200315&button=&listing%5Bbrand_id%5D=&listing%5Bcar_type%5D=1&listing%5Bmaxprice%5D=160000001&listing%5Bminprice%5D=55309&page=61&utf8=%E2%9C%93","https://www.gaaraas.com/fr/vehicle_listings/annonce-ford-edge-dakar-dakar-32867","Ford Edge","2016","6 500 000","88 458 km","Automatique","Dakar"
"1786651626-784","https://www.gaaraas.com/electric_cars?_=1786646200315&button=&listing%5Bbrand_id%5D=&listing%5Bcar_type%5D=1&listing%5Bmaxprice%5D=160000001&listing%5Bminprice%5D=55309&page=61&utf8=%E2%9C%93","https://www.gaaraas.com/fr/vehicle_listings/annonce-mercedes-benz-glc-250d-dakar-dakar-32868","Mercedes-Benz GLC 250D","2017","12 750 000","87 000 km","Automatique","Dakar"
"1786651629-785","https://www.gaaraas.com/electric_cars?_=1786646200315&button=&listing%5Bbrand_id%5D=&listing%5Bcar_type%5D=1&listing%5Bmaxprice%5D=160000001&listing%5Bminprice%5D=55309&page=61&utf8=%E2%9C%93","https://www.gaaraas.com/fr/vehicle_listings/annonce-nissan-rogue-dakar-dakar-32869","Nissan Rogue","2018","7 900 000","137 000 km","Automatique","Dakar"
"1786651635-786","https://www.gaaraas.com/electric_cars?_=1786646200315&button=&listing%5Bbrand_id%5D=&listing%5Bcar_type%5D=1&listing%5Bmaxprice%5D=160000001&listing%5Bminprice%5D=55309&page=61&utf8=%E2%9C%93","https://www.gaaraas.com/fr/vehicle_listings/annonce-hyundai-tucson-dakar-dakar-32870","Hyundai Tucson","2017","8 900 000","142 586 km","Automatique","Dakar"
"1786651639-787","https://www.gaaraas.com/electric_cars?_=1786646200315&button=&listing%5Bbrand_id%5D=&listing%5Bcar_type%5D=1&listing%5Bmaxprice%5D=160000001&listing%5Bminprice%5D=55309&page=61&utf8=%E2%9C%93","https://www.gaaraas.com/fr/vehicle_listings/annonce-hyundai-palisade-dakar-dakar-32871","Hyundai Palisade","2021","22 000 000","88 458 km","Automatique","Dakar"
"1786651643-788","https://www.gaaraas.com/electric_cars?_=1786646200315&button=&listing%5Bbrand_id%5D=&listing%5Bcar_type%5D=1&listing%5Bmaxprice%5D=160000001&listing%5Bminprice%5D=55309&page=61&utf8=%E2%9C%93","https://www.gaaraas.com/fr/vehicle_listings/annonce-peugeot-208-dakar-dakar-32872","Peugeot 208","2023","8 500 000","34 000 km","Automatique","Dakar"
"1786651646-789","https://www.gaaraas.com/electric_cars?_=1786646200315&button=&listing%5Bbrand_id%5D=&listing%5Bcar_type%5D=1&listing%5Bmaxprice%5D=160000001&listing%5Bminprice%5D=55309&page=61&utf8=%E2%9C%93","https://www.gaaraas.com/fr/vehicle_listings/annonce-peugeot-208-dakar-dakar-32873","Peugeot 208","2018","4 900 000","81 000 km","Automatique","Dakar"
"1786651649-790","https://www.gaaraas.com/electric_cars?_=1786646200315&button=&listing%5Bbrand_id%5D=&listing%5Bcar_type%5D=1&listing%5Bmaxprice%5D=160000001&listing%5Bminprice%5D=55309&page=61&utf8=%E2%9C%93","https://www.gaaraas.com/fr/vehicle_listings/annonce-ford-ecosport-dakar-dakar-32874","Ford EcoSport","2018","7 900 000","88 458 km","Automatique","Dakar"
"1786651660-791","https://www.gaaraas.com/electric_cars?_=1786646200315&button=&listing%5Bbrand_id%5D=&listing%5Bcar_type%5D=1&listing%5Bmaxprice%5D=160000001&listing%5Bminprice%5D=55309&page=60&utf8=%E2%9C%93","https://www.gaaraas.com/fr/vehicle_listings/annonce-bmw-3200-dakar-dakar-32875","BMW 3200","2014","5 200 000","122 000 km","Automatique","Dakar"
"1786651663-792","https://www.gaaraas.com/electric_cars?_=1786646200315&button=&listing%5Bbrand_id%5D=&listing%5Bcar_type%5D=1&listing%5Bmaxprice%5D=160000001&listing%5Bminprice%5D=55309&page=60&utf8=%E2%9C%93","https://www.gaaraas.com/fr/vehicle_listings/annonce-kia-optima-dakar-dakar-32876","Kia Optima","2016","4 850 000","102 000 km","Automatique","Dakar"
"1786651674-793","https://www.gaaraas.com/electric_cars?_=1786646200315&button=&listing%5Bbrand_id%5D=&listing%5Bcar_type%5D=1&listing%5Bmaxprice%5D=160000001&listing%5Bminprice%5D=55309&page=60&utf8=%E2%9C%93","https://www.gaaraas.com/fr/vehicle_listings/annonce-hyundai-elantra-dakar-dakar-32877","Hyundai Elantra","2013","3 650 000","81 000 km","Automatique","Dakar"
"1786651679-794","https://www.gaaraas.com/electric_cars?_=1786646200315&button=&listing%5Bbrand_id%5D=&listing%5Bcar_type%5D=1&listing%5Bmaxprice%5D=160000001&listing%5Bminprice%5D=55309&page=60&utf8=%E2%9C%93","https://www.gaaraas.com/fr/vehicle_listings/annonce-land-rover-range-rover-sport-dakar-dakar-32878","Land Rover Range Rover Sport","2015","11 000 000","166 589 km","Automatique","Dakar"
"1786651681-795","https://www.gaaraas.com/electric_cars?_=1786646200315&button=&listing%5Bbrand_id%5D=&listing%5Bcar_type%5D=1&listing%5Bmaxprice%5D=160000001&listing%5Bminprice%5D=55309&page=60&utf8=%E2%9C%93","https://www.gaaraas.com/fr/vehicle_listings/annonce-peugeot-5008-dakar-dakar-32879","Peugeot 5008","2016","4 700 000","88 458 km","Automatique","Dakar"
"1786651685-796","https://www.gaaraas.com/electric_cars?_=1786646200315&button=&listing%5Bbrand_id%5D=&listing%5Bcar_type%5D=1&listing%5Bmaxprice%5D=160000001&listing%5Bminprice%5D=55309&page=60&utf8=%E2%9C%93","https://www.gaaraas.com/fr/vehicle_listings/annonce-chevrolet-cruze-dakar-dakar-32880","Chevrolet Cruze","2019","6 500 000","74 400 km","Automatique","Dakar"
"1786651688-797","https://www.gaaraas.com/electric_cars?_=1786646200315&button=&listing%5Bbrand_id%5D=&listing%5Bcar_type%5D=1&listing%5Bmaxprice%5D=160000001&listing%5Bminprice%5D=55309&page=60&utf8=%E2%9C%93","https://www.gaaraas.com/fr/vehicle_listings/annonce-jeep-grand-cherokee-dakar-dakar-32881","Jeep Grand Cherokee","2018","12 900 000","113 000 km","Automatique","Dakar"
"1786651692-798","https://www.gaaraas.com/electric_cars?_=1786646200315&button=&listing%5Bbrand_id%5D=&listing%5Bcar_type%5D=1&listing%5Bmaxprice%5D=160000001&listing%5Bminprice%5D=55309&page=60&utf8=%E2%9C%93","https://www.gaaraas.com/fr/vehicle_listings/annonce-mitsubishi-asx-dakar-dakar-32882","Mitsubishi ASX","2019","4 500 000","137 000 km","Manuelle","Dakar"
"1786651695-799","https://www.gaaraas.com/electric_cars?_=1786646200315&button=&listing%5Bbrand_id%5D=&listing%5Bcar_type%5D=1&listing%5Bmaxprice%5D=160000001&listing%5Bminprice%5D=55309&page=60&utf8=%E2%9C%93","https://www.gaaraas.com/fr/vehicle_listings/annonce-peugeot-3008-dakar-dakar-32883","Peugeot 3008","2017","8 500 000","88 458 km","Automatique","Dakar"
"1786651700-800","https://www.gaaraas.com/electric_cars?_=1786646200315&button=&listing%5Bbrand_id%5D=&listing%5Bcar_type%5D=1&listing%5Bmaxprice%5D=160000001&listing%5Bminprice%5D=55309&page=60&utf8=%E2%9C%93","https://www.gaaraas.com/fr/vehicle_listings/annonce-ford-explorer-dakar-dakar-32884","Ford Explorer","2017","5 500 000","142 356 km","Automatique","Dakar"
"1786651709-801","https://www.gaaraas.com/electric_cars?_=1786646200315&button=&listing%5Bbrand_id%5D=&listing%5Bcar_type%5D=1&listing%5Bmaxprice%5D=160000001&listing%5Bminprice%5D=55309&page=60&utf8=%E2%9C%93","https://www.gaaraas.com/fr/vehicle_listings/annonce-kia-sportage-dakar-dakar-32885","Kia Sportage","2016","8 900 000","88 458 km","Automatique","Dakar"
"1786651713-802","https://www.gaaraas.com/electric_cars?_=1786646200315&button=&listing%5Bbrand_id%5D=&listing%5Bcar_type%5D=1&listing%5Bmaxprice%5D=160000001&listing%5Bminprice%5D=55309&page=60&utf8=%E2%9C%93","https://www.gaaraas.com/fr/vehicle_listings/annonce-peugeot-307-dakar-dakar-32886","Peugeot 307","2008","2 000 000","230 000 km","Manuelle","Dakar"
"1786651715-803","https://www.gaaraas.com/electric_cars?_=1786646200315&button=&listing%5Bbrand_id%5D=&listing%5Bcar_type%5D=1&listing%5Bmaxprice%5D=160000001&listing%5Bminprice%5D=55309&page=60&utf8=%E2%9C%93","https://www.gaaraas.com/fr/vehicle_listings/annonce-ford-focus-dakar-dakar-32887","Ford Focus","2014","3 000 000","64 000 km","Automatique","Dakar"
"1786651719-804","https://www.gaaraas.com/electric_cars?_=1786646200315&button=&listing%5Bbrand_id%5D=&listing%5Bcar_type%5D=1&listing%5Bmaxprice%5D=160000001&listing%5Bminprice%5D=55309&page=60&utf8=%E2%9C%93","https://www.gaaraas.com/fr/vehicle_listings/annonce-citroen-c4-dakar-dakar-32888","Citroen C4","2010","1 900 000","99 586 km","Manuelle","Dakar"
"1786651724-805","https://www.gaaraas.com/electric_cars?_=1786646200315&button=&listing%5Bbrand_id%5D=&listing%5Bcar_type%5D=1&listing%5Bmaxprice%5D=160000001&listing%5Bminprice%5D=55309&page=60&utf8=%E2%9C%93","https://www.gaaraas.com/fr/vehicle_listings/annonce-renault-kangoo-dakar-dakar-32889","Renault Kangoo","2008","2 200 000","180 000 km","Manuelle","Dakar"
"1786651727-806","https://www.gaaraas.com/electric_cars?_=1786646200315&button=&listing%5Bbrand_id%5D=&listing%5Bcar_type%5D=1&listing%5Bmaxprice%5D=160000001&listing%5Bminprice%5D=55309&page=60&utf8=%E2%9C%93","https://www.gaaraas.com/fr/vehicle_listings/annonce-ford-explorer-dakar-dakar-32890","Ford Explorer","2013","","308 655 km","Automatique","Dakar"
"1786651730-807","https://www.gaaraas.com/electric_cars?_=1786646200315&button=&listing%5Bbrand_id%5D=&listing%5Bcar_type%5D=1&listing%5Bmaxprice%5D=160000001&listing%5Bminprice%5D=55309&page=60&utf8=%E2%9C%93","https://www.gaaraas.com/fr/vehicle_listings/annonce-peugeot-5008-dakar-dakar-32891","Peugeot 5008","2018","","134 000 km","Manuelle","Dakar"
"1786651733-808","https://www.gaaraas.com/electric_cars?_=1786646200315&button=&listing%5Bbrand_id%5D=&listing%5Bcar_type%5D=1&listing%5Bmaxprice%5D=160000001&listing%5Bminprice%5D=55309&page=60&utf8=%E2%9C%93","https://www.gaaraas.com/fr/vehicle_listings/annonce-peugeot-2008-bagmati-behind-berlin-32894","Peugeot 2008","2023","5 000 000","20 000 km","Automatique","Behind berlin"
"1786651737-809","https://www.gaaraas.com/electric_cars?_=1786646200315&button=&listing%5Bbrand_id%5D=&listing%5Bcar_type%5D=1&listing%5Bmaxprice%5D=160000001&listing%5Bminprice%5D=55309&page=60&utf8=%E2%9C%93","https://www.gaaraas.com/fr/vehicle_listings/annonce-changan-alsvin-v7-bagmati-behind-berlin-32895","Changan Alsvin V7","2024","4 500 000","3 000 km","Automatique","Behind berlin"
"1786651740-810","https://www.gaaraas.com/electric_cars?_=1786646200315&button=&listing%5Bbrand_id%5D=&listing%5Bcar_type%5D=1&listing%5Bmaxprice%5D=160000001&listing%5Bminprice%5D=55309&page=60&utf8=%E2%9C%93","https://www.gaaraas.com/fr/vehicle_listings/annonce-jeep-cherokee-dakar-dakar-32896","Jeep Cherokee","2015","5 300 000","119 000 km","Automatique","Dakar"
"1786651751-811","https://www.gaaraas.com/electric_cars?_=1786646200315&button=&listing%5Bbrand_id%5D=&listing%5Bcar_type%5D=1&listing%5Bmaxprice%5D=160000001&listing%5Bminprice%5D=55309&page=59&utf8=%E2%9C%93","https://www.gaaraas.com/fr/vehicle_listings/annonce-kia-optima-dakar-dakar-32897","Kia Optima","2013","","138 722 km","Automatique","Dakar"
"1786651760-812","https://www.gaaraas.com/electric_cars?_=1786646200315&button=&listing%5Bbrand_id%5D=&listing%5Bcar_type%5D=1&listing%5Bmaxprice%5D=160000001&listing%5Bminprice%5D=55309&page=59&utf8=%E2%9C%93","https://www.gaaraas.com/fr/vehicle_listings/annonce-peugeot-5008-dakar-dakar-32898","Peugeot 5008","2020","","200 000 km","Automatique","Dakar"
"1786651764-813","https://www.gaaraas.com/electric_cars?_=1786646200315&button=&listing%5Bbrand_id%5D=&listing%5Bcar_type%5D=1&listing%5Bmaxprice%5D=160000001&listing%5Bminprice%5D=55309&page=59&utf8=%E2%9C%93","https://www.gaaraas.com/fr/vehicle_listings/annonce-peugeot-partner-dakar-import-dubai-32899","Peugeot Partner","White","7 969 492","2025","Manuelle","Import - Dubai"
"1786651768-814","https://www.gaaraas.com/electric_cars?_=1786646200315&button=&listing%5Bbrand_id%5D=&listing%5Bcar_type%5D=1&listing%5Bmaxprice%5D=160000001&listing%5Bminprice%5D=55309&page=59&utf8=%E2%9C%93","https://www.gaaraas.com/fr/vehicle_listings/annonce-ford-mustang-dakar-dakar-32902","FORD MUSTANG","2012","2 500 000","98 000 km","Automatique","Dakar"
"1786651771-815","https://www.gaaraas.com/electric_cars?_=1786646200315&button=&listing%5Bbrand_id%5D=&listing%5Bcar_type%5D=1&listing%5Bmaxprice%5D=160000001&listing%5Bminprice%5D=55309&page=59&utf8=%E2%9C%93","https://www.gaaraas.com/fr/vehicle_listings/annonce-hyundai-santa-fe-dakar-dakar-32903","Hyundai Santa Fe","Gris","","2018","Automatique","Dakar"
"1786651782-816","https://www.gaaraas.com/electric_cars?_=1786646200315&button=&listing%5Bbrand_id%5D=&listing%5Bcar_type%5D=1&listing%5Bmaxprice%5D=160000001&listing%5Bminprice%5D=55309&page=59&utf8=%E2%9C%93","https://www.gaaraas.com/fr/vehicle_listings/annonce-ford-fusion-dakar-dakar-32907","Ford Fusion","2011","2 600 000","25 374 km","Automatique","Dakar"
"1786651787-817","https://www.gaaraas.com/electric_cars?_=1786646200315&button=&listing%5Bbrand_id%5D=&listing%5Bcar_type%5D=1&listing%5Bmaxprice%5D=160000001&listing%5Bminprice%5D=55309&page=59&utf8=%E2%9C%93","https://www.gaaraas.com/fr/vehicle_listings/annonce-citroen-c4-dakar-dakar-32908","Citroen C4","2008","750 000","409 287 km","Manuelle","Dakar"
"1786651792-818","https://www.gaaraas.com/electric_cars?_=1786646200315&button=&listing%5Bbrand_id%5D=&listing%5Bcar_type%5D=1&listing%5Bmaxprice%5D=160000001&listing%5Bminprice%5D=55309&page=59&utf8=%E2%9C%93","https://www.gaaraas.com/fr/vehicle_listings/annonce-hyundai-elantra-dakar-dakar-32910","Hyundai Elantra","2017","5 500 000","118 000 km","Automatique","Dakar"
"1786651797-819","https://www.gaaraas.com/electric_cars?_=1786646200315&button=&listing%5Bbrand_id%5D=&listing%5Bcar_type%5D=1&listing%5Bmaxprice%5D=160000001&listing%5Bminprice%5D=55309&page=59&utf8=%E2%9C%93","https://www.gaaraas.com/fr/vehicle_listings/annonce-mazda-3-dakar-dakar-32912","Mazda 3","2020","9 300 000","61 000 km","Automatique","Dakar"
"1786651803-820","https://www.gaaraas.com/electric_cars?_=1786646200315&button=&listing%5Bbrand_id%5D=&listing%5Bcar_type%5D=1&listing%5Bmaxprice%5D=160000001&listing%5Bminprice%5D=55309&page=59&utf8=%E2%9C%93","https://www.gaaraas.com/fr/vehicle_listings/annonce-hyundai-tucson-dakar-dakar-32913","Hyundai Tucson","2017","7 200 000","113 000 km","Automatique","Dakar"
"1786651808-821","https://www.gaaraas.com/electric_cars?_=1786646200315&button=&listing%5Bbrand_id%5D=&listing%5Bcar_type%5D=1&listing%5Bmaxprice%5D=160000001&listing%5Bminprice%5D=55309&page=59&utf8=%E2%9C%93","https://www.gaaraas.com/fr/vehicle_listings/annonce-hyundai-sonata-thies-mbour-32914","Hyundai Sonata","2014","3 000 000","119 330 km","Automatique","Mbour"
"1786651814-822","https://www.gaaraas.com/electric_cars?_=1786646200315&button=&listing%5Bbrand_id%5D=&listing%5Bcar_type%5D=1&listing%5Bmaxprice%5D=160000001&listing%5Bminprice%5D=55309&page=59&utf8=%E2%9C%93","https://www.gaaraas.com/fr/vehicle_listings/annonce-peugeot-208-dakar-dakar-32915","Peugeot 208","2017","2 500 000","129 000 km","Manuelle","Dakar"
"1786651820-823","https://www.gaaraas.com/electric_cars?_=1786646200315&button=&listing%5Bbrand_id%5D=&listing%5Bcar_type%5D=1&listing%5Bmaxprice%5D=160000001&listing%5Bminprice%5D=55309&page=59&utf8=%E2%9C%93","https://www.gaaraas.com/fr/vehicle_listings/annonce-toyota-rav4-dakar-dakar-32918","Toyota RAV4","2014","","251 664 km","Manuelle","Dakar"
"1786651826-824","https://www.gaaraas.com/electric_cars?_=1786646200315&button=&listing%5Bbrand_id%5D=&listing%5Bcar_type%5D=1&listing%5Bmaxprice%5D=160000001&listing%5Bminprice%5D=55309&page=59&utf8=%E2%9C%93","https://www.gaaraas.com/fr/vehicle_listings/annonce-jeep-cherokee-dakar-dakar-32919","Jeep Cherokee","2016","5 500 000","114 000 km","Automatique","Dakar"
"1786651830-825","https://www.gaaraas.com/electric_cars?_=1786646200315&button=&listing%5Bbrand_id%5D=&listing%5Bcar_type%5D=1&listing%5Bmaxprice%5D=160000001&listing%5Bminprice%5D=55309&page=59&utf8=%E2%9C%93","https://www.gaaraas.com/fr/vehicle_listings/annonce-ford-escape-dakar-dakar-32921","Ford Escape","2014","","192 000 km","Automatique","Dakar"
"1786651835-826","https://www.gaaraas.com/electric_cars?_=1786646200315&button=&listing%5Bbrand_id%5D=&listing%5Bcar_type%5D=1&listing%5Bmaxprice%5D=160000001&listing%5Bminprice%5D=55309&page=59&utf8=%E2%9C%93","https://www.gaaraas.com/fr/vehicle_listings/annonce-citroen-c4-cactus-dakar-dakar-32922","Citroen C4 Cactus","2018","5 500 000","137 814 km","Manuelle","Dakar"
"1786651842-827","https://www.gaaraas.com/electric_cars?_=1786646200315&button=&listing%5Bbrand_id%5D=&listing%5Bcar_type%5D=1&listing%5Bmaxprice%5D=160000001&listing%5Bminprice%5D=55309&page=59&utf8=%E2%9C%93","https://www.gaaraas.com/fr/vehicle_listings/annonce-citroen-c-elysee-dakar-dakar-32923","Citroen C-Elysee","2019","","120 000 km","Manuelle","Dakar"
"1786651849-828","https://www.gaaraas.com/electric_cars?_=1786646200315&button=&listing%5Bbrand_id%5D=&listing%5Bcar_type%5D=1&listing%5Bmaxprice%5D=160000001&listing%5Bminprice%5D=55309&page=59&utf8=%E2%9C%93","https://www.gaaraas.com/fr/vehicle_listings/annonce-jeep-cherokee-dakar-dakar-32924","Jeep Cherokee","2016","5 500 000","13 823 km","Automatique","Dakar"
"1786651853-829","https://www.gaaraas.com/electric_cars?_=1786646200315&button=&listing%5Bbrand_id%5D=&listing%5Bcar_type%5D=1&listing%5Bmaxprice%5D=160000001&listing%5Bminprice%5D=55309&page=59&utf8=%E2%9C%93","https://www.gaaraas.com/fr/vehicle_listings/annonce-mazda-3-dakar-dakar-32925","Mazda 3","2010","2 500 000","277 051 km","Automatique","Dakar"
"1786651859-830","https://www.gaaraas.com/electric_cars?_=1786646200315&button=&listing%5Bbrand_id%5D=&listing%5Bcar_type%5D=1&listing%5Bmaxprice%5D=160000001&listing%5Bminprice%5D=55309&page=59&utf8=%E2%9C%93","https://www.gaaraas.com/fr/vehicle_listings/annonce-kia-optima-dakar-dakar-32926","Kia Optima","2017","","59 000 km","Automatique","Dakar"
"1786651895-831","https://www.gaaraas.com/electric_cars?_=1786646200315&button=&listing%5Bbrand_id%5D=&listing%5Bcar_type%5D=1&listing%5Bmaxprice%5D=160000001&listing%5Bminprice%5D=55309&page=58&utf8=%E2%9C%93","https://www.gaaraas.com/fr/vehicle_listings/annonce-citroen-c4-aircross-dakar-dakar-32927","Citroen C4 Aircross","2013","","145 000 km","Manuelle","Dakar"
"1786651901-832","https://www.gaaraas.com/electric_cars?_=1786646200315&button=&listing%5Bbrand_id%5D=&listing%5Bcar_type%5D=1&listing%5Bmaxprice%5D=160000001&listing%5Bminprice%5D=55309&page=58&utf8=%E2%9C%93","https://www.gaaraas.com/fr/vehicle_listings/annonce-hyundai-sonata-dakar-dakar-32930","Hyundai Sonata","2016","4 950 000","104 000 km","Automatique","Dakar"
"1786651905-833","https://www.gaaraas.com/electric_cars?_=1786646200315&button=&listing%5Bbrand_id%5D=&listing%5Bcar_type%5D=1&listing%5Bmaxprice%5D=160000001&listing%5Bminprice%5D=55309&page=58&utf8=%E2%9C%93","https://www.gaaraas.com/fr/vehicle_listings/annonce-hyundai-palisade-dakar-dakar-32931","Hyundai Palisade","2021","20 000 000","66 000 km","Automatique","Dakar"
"1786651911-834","https://www.gaaraas.com/electric_cars?_=1786646200315&button=&listing%5Bbrand_id%5D=&listing%5Bcar_type%5D=1&listing%5Bmaxprice%5D=160000001&listing%5Bminprice%5D=55309&page=58&utf8=%E2%9C%93","https://www.gaaraas.com/fr/vehicle_listings/annonce-ford-mustang-dakar-dakar-32932","FORD MUSTANG","2021","13 500 000","70 000 km","Automatique","Dakar"
"1786651914-835","https://www.gaaraas.com/electric_cars?_=1786646200315&button=&listing%5Bbrand_id%5D=&listing%5Bcar_type%5D=1&listing%5Bmaxprice%5D=160000001&listing%5Bminprice%5D=55309&page=58&utf8=%E2%9C%93","https://www.gaaraas.com/fr/vehicle_listings/annonce-toyota-rush-dakar-dakar-32933","Toyota Rush","2024","6 500 000","88 000 km","Automatique","Dakar"
"1786651919-836","https://www.gaaraas.com/electric_cars?_=1786646200315&button=&listing%5Bbrand_id%5D=&listing%5Bcar_type%5D=1&listing%5Bmaxprice%5D=160000001&listing%5Bminprice%5D=55309&page=58&utf8=%E2%9C%93","https://www.gaaraas.com/fr/vehicle_listings/annonce-chevrolet-trax-dakar-dakar-32934","Chevrolet Trax","2016","","70 000 km","Automatique","Dakar"
"1786651925-837","https://www.gaaraas.com/electric_cars?_=1786646200315&button=&listing%5Bbrand_id%5D=&listing%5Bcar_type%5D=1&listing%5Bmaxprice%5D=160000001&listing%5Bminprice%5D=55309&page=58&utf8=%E2%9C%93","https://www.gaaraas.com/fr/vehicle_listings/annonce-kia-sportage-dakar-dakar-32935","Kia Sportage","2020","","80 000 km","Automatique","Dakar"
"1786651931-838","https://www.gaaraas.com/electric_cars?_=1786646200315&button=&listing%5Bbrand_id%5D=&listing%5Bcar_type%5D=1&listing%5Bmaxprice%5D=160000001&listing%5Bminprice%5D=55309&page=58&utf8=%E2%9C%93","https://www.gaaraas.com/fr/vehicle_listings/annonce-kia-sportage-louga-dahra-32936","Kia Sportage","2017","","70 000 km","Automatique","Dahra"
"1786651941-839","https://www.gaaraas.com/electric_cars?_=1786646200315&button=&listing%5Bbrand_id%5D=&listing%5Bcar_type%5D=1&listing%5Bmaxprice%5D=160000001&listing%5Bminprice%5D=55309&page=58&utf8=%E2%9C%93","https://www.gaaraas.com/fr/vehicle_listings/annonce-mercedes-benz-glc-dakar-dakar-32937","Mercedes‒Benz GLC","2020","26 500 000","80 000 km","Automatique","Dakar"
"1786651948-840","https://www.gaaraas.com/electric_cars?_=1786646200315&button=&listing%5Bbrand_id%5D=&listing%5Bcar_type%5D=1&listing%5Bmaxprice%5D=160000001&listing%5Bminprice%5D=55309&page=58&utf8=%E2%9C%93","https://www.gaaraas.com/fr/vehicle_listings/annonce-honda-cr-v-dakar-dakar-32938","Honda CR–V","2018","","59 850 km","Automatique","Dakar"
"1786651953-841","https://www.gaaraas.com/electric_cars?_=1786646200315&button=&listing%5Bbrand_id%5D=&listing%5Bcar_type%5D=1&listing%5Bmaxprice%5D=160000001&listing%5Bminprice%5D=55309&page=58&utf8=%E2%9C%93","https://www.gaaraas.com/fr/vehicle_listings/annonce-chevrolet-trax-dakar-dakar-32939","Chevrolet Trax","2013","","230 000 km","Automatique","Dakar"
"1786651958-842","https://www.gaaraas.com/electric_cars?_=1786646200315&button=&listing%5Bbrand_id%5D=&listing%5Bcar_type%5D=1&listing%5Bmaxprice%5D=160000001&listing%5Bminprice%5D=55309&page=58&utf8=%E2%9C%93","https://www.gaaraas.com/fr/vehicle_listings/annonce-bmw-x3-dakar-dakar-32940","BMW X3","Gris","6 500 000","2015","Automatique","Dakar"
"1786651963-843","https://www.gaaraas.com/electric_cars?_=1786646200315&button=&listing%5Bbrand_id%5D=&listing%5Bcar_type%5D=1&listing%5Bmaxprice%5D=160000001&listing%5Bminprice%5D=55309&page=58&utf8=%E2%9C%93","https://www.gaaraas.com/fr/vehicle_listings/annonce-dacia-logan-dakar-dakar-32941","Dacia Logan","2008","","100 000 km","Manuelle","Dakar"
"1786651968-844","https://www.gaaraas.com/electric_cars?_=1786646200315&button=&listing%5Bbrand_id%5D=&listing%5Bcar_type%5D=1&listing%5Bmaxprice%5D=160000001&listing%5Bminprice%5D=55309&page=58&utf8=%E2%9C%93","https://www.gaaraas.com/fr/vehicle_listings/annonce-bmw-x5-m-dakar-dakar-32942","BMW X5 M","2017","14 700 000","145 000 km","Automatique","Dakar"
"1786651974-845","https://www.gaaraas.com/electric_cars?_=1786646200315&button=&listing%5Bbrand_id%5D=&listing%5Bcar_type%5D=1&listing%5Bmaxprice%5D=160000001&listing%5Bminprice%5D=55309&page=58&utf8=%E2%9C%93","https://www.gaaraas.com/fr/vehicle_listings/annonce-nissan-patrol-saint-louis-saint-louis-32943","Nissan Patrol","1990","","210 000 km","Manuelle","Saint–Louis"
"1786651987-846","https://www.gaaraas.com/electric_cars?_=1786646200315&button=&listing%5Bbrand_id%5D=&listing%5Bcar_type%5D=1&listing%5Bmaxprice%5D=160000001&listing%5Bminprice%5D=55309&page=58&utf8=%E2%9C%93","https://www.gaaraas.com/fr/vehicle_listings/annonce-toyota-hiace-dakar-dakar-32944","Toyota Hiace","Blanc","15 806 922","2025","Manuelle","Dakar"
"1786652019-847","https://www.gaaraas.com/electric_cars?_=1786646200315&button=&listing%5Bbrand_id%5D=&listing%5Bcar_type%5D=1&listing%5Bmaxprice%5D=160000001&listing%5Bminprice%5D=55309&page=58&utf8=%E2%9C%93","https://www.gaaraas.com/fr/vehicle_listings/annonce-toyota-fortuner-dakar-dakar-32945","Toyota Fortuner","Noir","16 261 607","2025","Manuelle","Dakar"
"1786652024-848","https://www.gaaraas.com/electric_cars?_=1786646200315&button=&listing%5Bbrand_id%5D=&listing%5Bcar_type%5D=1&listing%5Bmaxprice%5D=160000001&listing%5Bminprice%5D=55309&page=58&utf8=%E2%9C%93","https://www.gaaraas.com/fr/vehicle_listings/annonce-jeep-compass-dakar-dakar-32946","Jeep Compass","2019","","95 000 km","Automatique","Dakar"
"1786652028-849","https://www.gaaraas.com/electric_cars?_=1786646200315&button=&listing%5Bbrand_id%5D=&listing%5Bcar_type%5D=1&listing%5Bmaxprice%5D=160000001&listing%5Bminprice%5D=55309&page=58&utf8=%E2%9C%93","https://www.gaaraas.com/fr/vehicle_listings/annonce-toyota-rav-4-dakar-dakar-32947","Toyota Rav 4","2012","2 600 000","2 654 km","Manuelle","Dakar"
"1786652032-850","https://www.gaaraas.com/electric_cars?_=1786646200315&button=&listing%5Bbrand_id%5D=&listing%5Bcar_type%5D=1&listing%5Bmaxprice%5D=160000001&listing%5Bminprice%5D=55309&page=58&utf8=%E2%9C%93","https://www.gaaraas.com/fr/vehicle_listings/annonce-citroen-c3-dakar-dakar-32949","Citroen C3","2016","3 300 000","2 564 km","Manuelle","Dakar"
"1786652047-851","https://www.gaaraas.com/electric_cars?_=1786646200315&button=&listing%5Bbrand_id%5D=&listing%5Bcar_type%5D=1&listing%5Bmaxprice%5D=160000001&listing%5Bminprice%5D=55309&page=57&utf8=%E2%9C%93","https://www.gaaraas.com/fr/vehicle_listings/annonce-hyundai-sonata-dakar-dakar-32950","Hyundai Sonata","2013","30 000 000","2 654 km","Automatique","Dakar"
"1786652052-852","https://www.gaaraas.com/electric_cars?_=1786646200315&button=&listing%5Bbrand_id%5D=&listing%5Bcar_type%5D=1&listing%5Bmaxprice%5D=160000001&listing%5Bminprice%5D=55309&page=57&utf8=%E2%9C%93","https://www.gaaraas.com/fr/vehicle_listings/annonce-renault-scenic-dakar-dakar-32951","Renault Scenic","2010","3 800 000","2 000 km","Manuelle","Dakar"
"1786652057-853","https://www.gaaraas.com/electric_cars?_=1786646200315&button=&listing%5Bbrand_id%5D=&listing%5Bcar_type%5D=1&listing%5Bmaxprice%5D=160000001&listing%5Bminprice%5D=55309&page=57&utf8=%E2%9C%93","https://www.gaaraas.com/fr/vehicle_listings/annonce-peugeot-208-dakar-dakar-32952","Peugeot 208","2014","36 000 000","2 654 km","Manuelle","Dakar"
"1786652062-854","https://www.gaaraas.com/electric_cars?_=1786646200315&button=&listing%5Bbrand_id%5D=&listing%5Bcar_type%5D=1&listing%5Bmaxprice%5D=160000001&listing%5Bminprice%5D=55309&page=57&utf8=%E2%9C%93","https://www.gaaraas.com/fr/vehicle_listings/annonce-toyota-rav-4-dakar-dakar-32953","Toyota Rav 4","2009","55 000 000","2 654 km","Automatique","Dakar"
"1786652068-855","https://www.gaaraas.com/electric_cars?_=1786646200315&button=&listing%5Bbrand_id%5D=&listing%5Bcar_type%5D=1&listing%5Bmaxprice%5D=160000001&listing%5Bminprice%5D=55309&page=57&utf8=%E2%9C%93","https://www.gaaraas.com/fr/vehicle_listings/annonce-toyota-hiace-dakar-dakar-32954","Toyota Hiace","2017","15 000 000","2 675 km","Automatique","Dakar"
"1786652073-856","https://www.gaaraas.com/electric_cars?_=1786646200315&button=&listing%5Bbrand_id%5D=&listing%5Bcar_type%5D=1&listing%5Bmaxprice%5D=160000001&listing%5Bminprice%5D=55309&page=57&utf8=%E2%9C%93","https://www.gaaraas.com/fr/vehicle_listings/annonce-toyota-hiace-dakar-dakar-32955","Toyota Hiace","2017","15 000 000","2 674 km","Manuelle","Dakar"
"1786652079-857","https://www.gaaraas.com/electric_cars?_=1786646200315&button=&listing%5Bbrand_id%5D=&listing%5Bcar_type%5D=1&listing%5Bmaxprice%5D=160000001&listing%5Bminprice%5D=55309&page=57&utf8=%E2%9C%93","https://www.gaaraas.com/fr/vehicle_listings/annonce-mercedes-benz-c180-dakar-dakar-32956","Mercedes-Benz C180","2012","3 300 000","2 896 km","Manuelle","Dakar"
"1786652085-858","https://www.gaaraas.com/electric_cars?_=1786646200315&button=&listing%5Bbrand_id%5D=&listing%5Bcar_type%5D=1&listing%5Bmaxprice%5D=160000001&listing%5Bminprice%5D=55309&page=57&utf8=%E2%9C%93","https://www.gaaraas.com/fr/vehicle_listings/annonce-citroen-c3-dakar-dakar-32958","Citroen C3","2017","6 000 000","120 000 km","Automatique","Dakar"
"1786652091-859","https://www.gaaraas.com/electric_cars?_=1786646200315&button=&listing%5Bbrand_id%5D=&listing%5Bcar_type%5D=1&listing%5Bmaxprice%5D=160000001&listing%5Bminprice%5D=55309&page=57&utf8=%E2%9C%93","https://www.gaaraas.com/fr/vehicle_listings/annonce-ford-focus-dakar-dakar-32959","Ford Focus","2013","2 500 000","16 000 km","Manuelle","Dakar"
"1786652097-860","https://www.gaaraas.com/electric_cars?_=1786646200315&button=&listing%5Bbrand_id%5D=&listing%5Bcar_type%5D=1&listing%5Bmaxprice%5D=160000001&listing%5Bminprice%5D=55309&page=57&utf8=%E2%9C%93","https://www.gaaraas.com/fr/vehicle_listings/annonce-range-rover-range-rover-dakar-dakar-32960","Range Rover Range Rover","2015","5 700 000","2 564 km","Manuelle","Dakar"
"1786652111-861","https://www.gaaraas.com/electric_cars?_=1786646200315&button=&listing%5Bbrand_id%5D=&listing%5Bcar_type%5D=1&listing%5Bmaxprice%5D=160000001&listing%5Bminprice%5D=55309&page=57&utf8=%E2%9C%93","https://www.gaaraas.com/fr/vehicle_listings/annonce-hyundai-sonata-dakar-dakar-32961","Hyundai Sonata","2026","5 200 000","2 564 km","Manuelle","Dakar"
"1786652116-862","https://www.gaaraas.com/electric_cars?_=1786646200315&button=&listing%5Bbrand_id%5D=&listing%5Bcar_type%5D=1&listing%5Bmaxprice%5D=160000001&listing%5Bminprice%5D=55309&page=57&utf8=%E2%9C%93","https://www.gaaraas.com/fr/vehicle_listings/annonce-toyota-corolla-dakar-dakar-32962","Toyota Corolla","Autre","3 350 000","2017","Manuelle","Dakar"
"1786652122-863","https://www.gaaraas.com/electric_cars?_=1786646200315&button=&listing%5Bbrand_id%5D=&listing%5Bcar_type%5D=1&listing%5Bmaxprice%5D=160000001&listing%5Bminprice%5D=55309&page=57&utf8=%E2%9C%93","https://www.gaaraas.com/fr/vehicle_listings/annonce-peugeot-206-dakar-dakar-32963","Peugeot 206","2007","19 500 000","2 167 km","Manuelle","Dakar"
"1786652127-864","https://www.gaaraas.com/electric_cars?_=1786646200315&button=&listing%5Bbrand_id%5D=&listing%5Bcar_type%5D=1&listing%5Bmaxprice%5D=160000001&listing%5Bminprice%5D=55309&page=57&utf8=%E2%9C%93","https://www.gaaraas.com/fr/vehicle_listings/annonce-hyundai-santa-fe-dakar-dakar-32964","Hyundai Santa Fe","2017","8 500 000","2 654 km","Automatique","Dakar"
"1786652165-865","https://www.gaaraas.com/electric_cars?_=1786646200315&button=&listing%5Bbrand_id%5D=&listing%5Bcar_type%5D=1&listing%5Bmaxprice%5D=160000001&listing%5Bminprice%5D=55309&page=57&utf8=%E2%9C%93","https://www.gaaraas.com/fr/vehicle_listings/annonce-mitsubishi-pajero-dakar-dakar-32965","Mitsubishi Pajero","2017","2 500 000","2 675 km","Manuelle","Dakar"
"1786652174-866","https://www.gaaraas.com/electric_cars?_=1786646200315&button=&listing%5Bbrand_id%5D=&listing%5Bcar_type%5D=1&listing%5Bmaxprice%5D=160000001&listing%5Bminprice%5D=55309&page=57&utf8=%E2%9C%93","https://www.gaaraas.com/fr/vehicle_listings/annonce-citroen-cx-dakar-dakar-32966","Citroen CX","2008","1 750 000","2 895 km","Automatique","Dakar"
"1786652182-867","https://www.gaaraas.com/electric_cars?_=1786646200315&button=&listing%5Bbrand_id%5D=&listing%5Bcar_type%5D=1&listing%5Bmaxprice%5D=160000001&listing%5Bminprice%5D=55309&page=57&utf8=%E2%9C%93","https://www.gaaraas.com/fr/vehicle_listings/annonce-renault-megane-dakar-dakar-32967","Renault Megane","2021","3 500 000","2 564 km","Manuelle","Dakar"
"1786652189-868","https://www.gaaraas.com/electric_cars?_=1786646200315&button=&listing%5Bbrand_id%5D=&listing%5Bcar_type%5D=1&listing%5Bmaxprice%5D=160000001&listing%5Bminprice%5D=55309&page=57&utf8=%E2%9C%93","https://www.gaaraas.com/fr/vehicle_listings/annonce-jeep-renegade-dakar-dakar-32969","Jeep Renegade","2017","9 000 000","2 367 km","Automatique","Dakar"
"1786652196-869","https://www.gaaraas.com/electric_cars?_=1786646200315&button=&listing%5Bbrand_id%5D=&listing%5Bcar_type%5D=1&listing%5Bmaxprice%5D=160000001&listing%5Bminprice%5D=55309&page=57&utf8=%E2%9C%93","https://www.gaaraas.com/fr/vehicle_listings/annonce-peugeot-203-dakar-dakar-32970","Peugeot 203","2008","2 600 000","2 785 km","Automatique","Dakar"
"1786652201-870","https://www.gaaraas.com/electric_cars?_=1786646200315&button=&listing%5Bbrand_id%5D=&listing%5Bcar_type%5D=1&listing%5Bmaxprice%5D=160000001&listing%5Bminprice%5D=55309&page=57&utf8=%E2%9C%93","https://www.gaaraas.com/fr/vehicle_listings/annonce-mitsubishi-ek-space-dakar-dakar-32971","Mitsubishi eK Space","Autre","3 900 000","2012","Manuelle","Dakar"
"1786652217-871","https://www.gaaraas.com/electric_cars?_=1786646200315&button=&listing%5Bbrand_id%5D=&listing%5Bcar_type%5D=1&listing%5Bmaxprice%5D=160000001&listing%5Bminprice%5D=55309&page=56&utf8=%E2%9C%93","https://www.gaaraas.com/fr/vehicle_listings/annonce-peugeot-207-dakar-dakar-32972","Peugeot 207","2009","2 950 000","2 786 km","Manuelle","Dakar"
"1786652224-872","https://www.gaaraas.com/electric_cars?_=1786646200315&button=&listing%5Bbrand_id%5D=&listing%5Bcar_type%5D=1&listing%5Bmaxprice%5D=160000001&listing%5Bminprice%5D=55309&page=56&utf8=%E2%9C%93","https://www.gaaraas.com/fr/vehicle_listings/annonce-peugeot-207-dakar-dakar-32973","Peugeot 207","2006","2 900 000","2 453 km","Manuelle","Dakar"
"1786652232-873","https://www.gaaraas.com/electric_cars?_=1786646200315&button=&listing%5Bbrand_id%5D=&listing%5Bcar_type%5D=1&listing%5Bmaxprice%5D=160000001&listing%5Bminprice%5D=55309&page=56&utf8=%E2%9C%93","https://www.gaaraas.com/fr/vehicle_listings/annonce-toyota-yaris-dakar-dakar-32974","Toyota Yaris","2009","2 900 000","2 785 km","Automatique","Dakar"
"1786652239-874","https://www.gaaraas.com/electric_cars?_=1786646200315&button=&listing%5Bbrand_id%5D=&listing%5Bcar_type%5D=1&listing%5Bmaxprice%5D=160000001&listing%5Bminprice%5D=55309&page=56&utf8=%E2%9C%93","https://www.gaaraas.com/fr/vehicle_listings/annonce-hyundai-tucson-dakar-dakar-32975","Hyundai Tucson","2019","5 500 000","2 543 km","Automatique","Dakar"
"1786652246-875","https://www.gaaraas.com/electric_cars?_=1786646200315&button=&listing%5Bbrand_id%5D=&listing%5Bcar_type%5D=1&listing%5Bmaxprice%5D=160000001&listing%5Bminprice%5D=55309&page=56&utf8=%E2%9C%93","https://www.gaaraas.com/fr/vehicle_listings/annonce-ford-escape-dakar-dakar-32976","Ford Escape","2013","3 500 000","2 674 km","Manuelle","Dakar"
"1786652252-876","https://www.gaaraas.com/electric_cars?_=1786646200315&button=&listing%5Bbrand_id%5D=&listing%5Bcar_type%5D=1&listing%5Bmaxprice%5D=160000001&listing%5Bminprice%5D=55309&page=56&utf8=%E2%9C%93","https://www.gaaraas.com/fr/vehicle_listings/annonce-peugeot-207-dakar-dakar-32977","Peugeot 207","2013","3 300 000","2 765 km","Automatique","Dakar"
"1786652259-877","https://www.gaaraas.com/electric_cars?_=1786646200315&button=&listing%5Bbrand_id%5D=&listing%5Bcar_type%5D=1&listing%5Bmaxprice%5D=160000001&listing%5Bminprice%5D=55309&page=56&utf8=%E2%9C%93","https://www.gaaraas.com/fr/vehicle_listings/annonce-volkswagen-golfsportsvan-dakar-dakar-32978","Volkswagen Golfsportsvan","2008","40 000 000","2 865 km","Manuelle","Dakar"
"1786652268-878","https://www.gaaraas.com/electric_cars?_=1786646200315&button=&listing%5Bbrand_id%5D=&listing%5Bcar_type%5D=1&listing%5Bmaxprice%5D=160000001&listing%5Bminprice%5D=55309&page=56&utf8=%E2%9C%93","https://www.gaaraas.com/fr/vehicle_listings/annonce-ford-edge-dakar-dakar-32979","Ford Edge","2018","6 400 000","2 785 km","Manuelle","Dakar"
"1786652275-879","https://www.gaaraas.com/electric_cars?_=1786646200315&button=&listing%5Bbrand_id%5D=&listing%5Bcar_type%5D=1&listing%5Bmaxprice%5D=160000001&listing%5Bminprice%5D=55309&page=56&utf8=%E2%9C%93","https://www.gaaraas.com/fr/vehicle_listings/annonce-hyundai-tucson-dakar-dakar-32980","Hyundai Tucson","2013","5 000 000","16 750 km","Automatique","Dakar"
"1786652281-880","https://www.gaaraas.com/electric_cars?_=1786646200315&button=&listing%5Bbrand_id%5D=&listing%5Bcar_type%5D=1&listing%5Bmaxprice%5D=160000001&listing%5Bminprice%5D=55309&page=56&utf8=%E2%9C%93","https://www.gaaraas.com/fr/vehicle_listings/annonce-kia-optima-dakar-dakar-32981","Kia Optima","2014","2 800 000","26 654 km","Manuelle","Dakar"
"1786652329-881","https://www.gaaraas.com/electric_cars?_=1786646200315&button=&listing%5Bbrand_id%5D=&listing%5Bcar_type%5D=1&listing%5Bmaxprice%5D=160000001&listing%5Bminprice%5D=55309&page=56&utf8=%E2%9C%93","https://www.gaaraas.com/fr/vehicle_listings/annonce-bmw-x6-dakar-dakar-32982","BMW X6","2017","11 900 000","2 654 km","Manuelle","Dakar"
"1786652340-882","https://www.gaaraas.com/electric_cars?_=1786646200315&button=&listing%5Bbrand_id%5D=&listing%5Bcar_type%5D=1&listing%5Bmaxprice%5D=160000001&listing%5Bminprice%5D=55309&page=56&utf8=%E2%9C%93","https://www.gaaraas.com/fr/vehicle_listings/annonce-mitsubishi-rvr-dakar-dakar-32983","Mitsubishi RVR","2013","3 700 000","2 654 km","Automatique","Dakar"
"1786652346-883","https://www.gaaraas.com/electric_cars?_=1786646200315&button=&listing%5Bbrand_id%5D=&listing%5Bcar_type%5D=1&listing%5Bmaxprice%5D=160000001&listing%5Bminprice%5D=55309&page=56&utf8=%E2%9C%93","https://www.gaaraas.com/fr/vehicle_listings/annonce-chevrolet-equinox-dakar-dakar-32984","Chevrolet Equinox","2012","1 900 000","2 785 km","Automatique","Dakar"
"1786652354-884","https://www.gaaraas.com/electric_cars?_=1786646200315&button=&listing%5Bbrand_id%5D=&listing%5Bcar_type%5D=1&listing%5Bmaxprice%5D=160000001&listing%5Bminprice%5D=55309&page=56&utf8=%E2%9C%93","https://www.gaaraas.com/fr/vehicle_listings/annonce-hyundai-tucson-dakar-dakar-32985","Hyundai Tucson","2013","4 900 000","2 543 km","Manuelle","Dakar"
"1786652366-885","https://www.gaaraas.com/electric_cars?_=1786646200315&button=&listing%5Bbrand_id%5D=&listing%5Bcar_type%5D=1&listing%5Bmaxprice%5D=160000001&listing%5Bminprice%5D=55309&page=56&utf8=%E2%9C%93","https://www.gaaraas.com/fr/vehicle_listings/annonce-mazda-cx-5-dakar-dakar-32986","Mazda CX-5","2015","4 700 000","17 830 km","Automatique","Dakar"
"1786652374-886","https://www.gaaraas.com/electric_cars?_=1786646200315&button=&listing%5Bbrand_id%5D=&listing%5Bcar_type%5D=1&listing%5Bmaxprice%5D=160000001&listing%5Bminprice%5D=55309&page=56&utf8=%E2%9C%93","https://www.gaaraas.com/fr/vehicle_listings/annonce-toyota-prado-dakar-dakar-32988","Toyota Prado","Autre","3 800 000","2012","Manuelle","Dakar"
"1786652381-887","https://www.gaaraas.com/electric_cars?_=1786646200315&button=&listing%5Bbrand_id%5D=&listing%5Bcar_type%5D=1&listing%5Bmaxprice%5D=160000001&listing%5Bminprice%5D=55309&page=56&utf8=%E2%9C%93","https://www.gaaraas.com/fr/vehicle_listings/annonce-peugeot-508-dakar-dakar-32989","Peugeot 508","2009","3 500 000","2 785 km","Manuelle","Dakar"
"1786652390-888","https://www.gaaraas.com/electric_cars?_=1786646200315&button=&listing%5Bbrand_id%5D=&listing%5Bcar_type%5D=1&listing%5Bmaxprice%5D=160000001&listing%5Bminprice%5D=55309&page=56&utf8=%E2%9C%93","https://www.gaaraas.com/fr/vehicle_listings/annonce-hyundai-santa-fe-dakar-dakar-32991","Hyundai Santa Fe","Autre","2 900 000","2013","Manuelle","Dakar"
"1786652397-889","https://www.gaaraas.com/electric_cars?_=1786646200315&button=&listing%5Bbrand_id%5D=&listing%5Bcar_type%5D=1&listing%5Bmaxprice%5D=160000001&listing%5Bminprice%5D=55309&page=56&utf8=%E2%9C%93","https://www.gaaraas.com/fr/vehicle_listings/annonce-peugeot-208-dakar-dakar-32992","Peugeot 208","2017","5 700 000","27 643 km","Manuelle","Dakar"
"1786652408-890","https://www.gaaraas.com/electric_cars?_=1786646200315&button=&listing%5Bbrand_id%5D=&listing%5Bcar_type%5D=1&listing%5Bmaxprice%5D=160000001&listing%5Bminprice%5D=55309&page=56&utf8=%E2%9C%93","https://www.gaaraas.com/fr/vehicle_listings/annonce-peugeot-308-dakar-dakar-32993","Peugeot 308","2018","3 900 000","2 543 km","Manuelle","Dakar"
"1786652434-891","https://www.gaaraas.com/electric_cars?_=1786646200315&button=&listing%5Bbrand_id%5D=&listing%5Bcar_type%5D=1&listing%5Bmaxprice%5D=160000001&listing%5Bminprice%5D=55309&page=55&utf8=%E2%9C%93","https://www.gaaraas.com/fr/vehicle_listings/annonce-ford-focus-dakar-dakar-32994","Ford Focus","2017","2 200 000","2 543 km","Automatique","Dakar"
"1786652445-892","https://www.gaaraas.com/electric_cars?_=1786646200315&button=&listing%5Bbrand_id%5D=&listing%5Bcar_type%5D=1&listing%5Bmaxprice%5D=160000001&listing%5Bminprice%5D=55309&page=55&utf8=%E2%9C%93","https://www.gaaraas.com/fr/vehicle_listings/annonce-volkswagen-passat-dakar-dakar-32995","Volkswagen Passat","1990","1 000 000","460 000 km","Manuelle","Dakar"
"1786652456-893","https://www.gaaraas.com/electric_cars?_=1786646200315&button=&listing%5Bbrand_id%5D=&listing%5Bcar_type%5D=1&listing%5Bmaxprice%5D=160000001&listing%5Bminprice%5D=55309&page=55&utf8=%E2%9C%93","https://www.gaaraas.com/fr/vehicle_listings/annonce-hyundai-elantra-dakar-dakar-32996","Hyundai Elantra","2015","4 500 000","118 000 km","Automatique","Dakar"
"1786652465-894","https://www.gaaraas.com/electric_cars?_=1786646200315&button=&listing%5Bbrand_id%5D=&listing%5Bcar_type%5D=1&listing%5Bmaxprice%5D=160000001&listing%5Bminprice%5D=55309&page=55&utf8=%E2%9C%93","https://www.gaaraas.com/fr/vehicle_listings/annonce-lamborghini-urus-diourbel-bambey-32997","Lamborghini Urus","2024","","4 700 km","Automatique","Bambey"
"1786652478-895","https://www.gaaraas.com/electric_cars?_=1786646200315&button=&listing%5Bbrand_id%5D=&listing%5Bcar_type%5D=1&listing%5Bmaxprice%5D=160000001&listing%5Bminprice%5D=55309&page=55&utf8=%E2%9C%93","https://www.gaaraas.com/fr/vehicle_listings/annonce-mazda-3-dakar-dakar-32998","Mazda 3","2017","6 650 000","81 000 km","Manuelle","Dakar"
"1786652632-896","https://www.gaaraas.com/electric_cars?_=1786646200315&button=&listing%5Bbrand_id%5D=&listing%5Bcar_type%5D=1&listing%5Bmaxprice%5D=160000001&listing%5Bminprice%5D=55309&page=55&utf8=%E2%9C%93","https://www.gaaraas.com/fr/vehicle_listings/annonce-peugeot-308-dakar-dakar-33001","Peugeot 308","2017","6 500 000","140 000 km","Manuelle","Dakar"
"1786652636-897","https://www.gaaraas.com/electric_cars?_=1786646200315&button=&listing%5Bbrand_id%5D=&listing%5Bcar_type%5D=1&listing%5Bmaxprice%5D=160000001&listing%5Bminprice%5D=55309&page=55&utf8=%E2%9C%93","https://www.gaaraas.com/fr/vehicle_listings/annonce-bmw-x5-dakar-dakar-33002","BMW X5","2019","","99 000 km","Automatique","Dakar"
"1786652638-898","https://www.gaaraas.com/electric_cars?_=1786646200315&button=&listing%5Bbrand_id%5D=&listing%5Bcar_type%5D=1&listing%5Bmaxprice%5D=160000001&listing%5Bminprice%5D=55309&page=55&utf8=%E2%9C%93","https://www.gaaraas.com/fr/vehicle_listings/annonce-mitsubishi-pajero-dakar-dakar-33003","Mitsubishi Pajero","2017","8 000 000","135 411 km","Automatique","Dakar"
"1786652640-899","https://www.gaaraas.com/electric_cars?_=1786646200315&button=&listing%5Bbrand_id%5D=&listing%5Bcar_type%5D=1&listing%5Bmaxprice%5D=160000001&listing%5Bminprice%5D=55309&page=55&utf8=%E2%9C%93","https://www.gaaraas.com/fr/vehicle_listings/annonce-hyundai-santa-fe-dakar-dakar-33005","Hyundai Santa Fe","2019","16 500 000","50 000 km","Automatique","Dakar"
"1786652644-900","https://www.gaaraas.com/electric_cars?_=1786646200315&button=&listing%5Bbrand_id%5D=&listing%5Bcar_type%5D=1&listing%5Bmaxprice%5D=160000001&listing%5Bminprice%5D=55309&page=55&utf8=%E2%9C%93","https://www.gaaraas.com/fr/vehicle_listings/annonce-ford-explorer-dakar-dakar-33006","Ford Explorer","2019","","139 702 km","Automatique","Dakar"
"1786652647-901","https://www.gaaraas.com/electric_cars?_=1786646200315&button=&listing%5Bbrand_id%5D=&listing%5Bcar_type%5D=1&listing%5Bmaxprice%5D=160000001&listing%5Bminprice%5D=55309&page=55&utf8=%E2%9C%93","https://www.gaaraas.com/fr/vehicle_listings/annonce-peugeot-2008-dakar-dakar-33007","Peugeot 2008","2019","","75 000 km","Manuelle","Dakar"
"1786652649-902","https://www.gaaraas.com/electric_cars?_=1786646200315&button=&listing%5Bbrand_id%5D=&listing%5Bcar_type%5D=1&listing%5Bmaxprice%5D=160000001&listing%5Bminprice%5D=55309&page=55&utf8=%E2%9C%93","https://www.gaaraas.com/fr/vehicle_listings/annonce-hyundai-veloster-dakar-dakar-33008","Hyundai Veloster","2013","","137 000 km","Automatique","Dakar"
"1786652652-903","https://www.gaaraas.com/electric_cars?_=1786646200315&button=&listing%5Bbrand_id%5D=&listing%5Bcar_type%5D=1&listing%5Bmaxprice%5D=160000001&listing%5Bminprice%5D=55309&page=55&utf8=%E2%9C%93","https://www.gaaraas.com/fr/vehicle_listings/annonce-ford-focus-dakar-dakar-33009","Ford Focus","2016","4 200 000","0 km","Automatique","Dakar"
"1786652655-904","https://www.gaaraas.com/electric_cars?_=1786646200315&button=&listing%5Bbrand_id%5D=&listing%5Bcar_type%5D=1&listing%5Bmaxprice%5D=160000001&listing%5Bminprice%5D=55309&page=55&utf8=%E2%9C%93","https://www.gaaraas.com/fr/vehicle_listings/annonce-suzuki-vitara-dakar-dakar-33010","Suzuki Vitara","2021","7 500 000","136 000 km","Automatique","Dakar"
"1786652657-905","https://www.gaaraas.com/electric_cars?_=1786646200315&button=&listing%5Bbrand_id%5D=&listing%5Bcar_type%5D=1&listing%5Bmaxprice%5D=160000001&listing%5Bminprice%5D=55309&page=55&utf8=%E2%9C%93","https://www.gaaraas.com/fr/vehicle_listings/annonce-peugeot-207-dakar-dakar-33011","Peugeot 207","2010","","400 000 km","Manuelle","Dakar"
"1786652660-906","https://www.gaaraas.com/electric_cars?_=1786646200315&button=&listing%5Bbrand_id%5D=&listing%5Bcar_type%5D=1&listing%5Bmaxprice%5D=160000001&listing%5Bminprice%5D=55309&page=55&utf8=%E2%9C%93","https://www.gaaraas.com/fr/vehicle_listings/annonce-hyundai-elantra-dakar-dakar-33012","Hyundai Elantra","2014","3 950 000","94 335 km","Automatique","Dakar"
"1786652662-907","https://www.gaaraas.com/electric_cars?_=1786646200315&button=&listing%5Bbrand_id%5D=&listing%5Bcar_type%5D=1&listing%5Bmaxprice%5D=160000001&listing%5Bminprice%5D=55309&page=55&utf8=%E2%9C%93","https://www.gaaraas.com/fr/vehicle_listings/annonce-bmw-x4-dakar-dakar-33013","BMW X4","2019","21 000 000","82 000 km","Automatique","Dakar"
"1786652666-908","https://www.gaaraas.com/electric_cars?_=1786646200315&button=&listing%5Bbrand_id%5D=&listing%5Bcar_type%5D=1&listing%5Bmaxprice%5D=160000001&listing%5Bminprice%5D=55309&page=55&utf8=%E2%9C%93","https://www.gaaraas.com/fr/vehicle_listings/annonce-mercedes-benz-glc-coupe-dakar-dakar-33015","Mercedes‒Benz GLC Coupe","2019","25 500 000","89 000 km","Automatique","Dakar"
"1786652678-909","https://www.gaaraas.com/electric_cars?_=1786646200315&button=&listing%5Bbrand_id%5D=&listing%5Bcar_type%5D=1&listing%5Bmaxprice%5D=160000001&listing%5Bminprice%5D=55309&page=54&utf8=%E2%9C%93","https://www.gaaraas.com/fr/vehicle_listings/annonce-lexus-gx-dakar-dakar-33016","Lexus GX","2019","45 000 000","60 000 km","Automatique","Dakar"
"1786652681-910","https://www.gaaraas.com/electric_cars?_=1786646200315&button=&listing%5Bbrand_id%5D=&listing%5Bcar_type%5D=1&listing%5Bmaxprice%5D=160000001&listing%5Bminprice%5D=55309&page=54&utf8=%E2%9C%93","https://www.gaaraas.com/fr/vehicle_listings/annonce-land-rover-range-rover-sport-dakar-dakar-33018","Land Rover Range Rover Sport","2018","26 500 000","89 000 km","Automatique","Dakar"
"1786652684-911","https://www.gaaraas.com/electric_cars?_=1786646200315&button=&listing%5Bbrand_id%5D=&listing%5Bcar_type%5D=1&listing%5Bmaxprice%5D=160000001&listing%5Bminprice%5D=55309&page=54&utf8=%E2%9C%93","https://www.gaaraas.com/fr/vehicle_listings/annonce-mercedes-glc-250-dakar-dakar-33019","Mercedes Glb 250","2020","18 000 000","125 000 km","Automatique","Dakar"
"1786652686-912","https://www.gaaraas.com/electric_cars?_=1786646200315&button=&listing%5Bbrand_id%5D=&listing%5Bcar_type%5D=1&listing%5Bmaxprice%5D=160000001&listing%5Bminprice%5D=55309&page=54&utf8=%E2%9C%93","https://www.gaaraas.com/fr/vehicle_listings/annonce-renault-symbole-dakar-dakar-33020","Renault Symbole","2020","4 000 000","92 700 km","Manuelle","Dakar"
"1786652689-913","https://www.gaaraas.com/electric_cars?_=1786646200315&button=&listing%5Bbrand_id%5D=&listing%5Bcar_type%5D=1&listing%5Bmaxprice%5D=160000001&listing%5Bminprice%5D=55309&page=54&utf8=%E2%9C%93","https://www.gaaraas.com/fr/vehicle_listings/annonce-dacia-logan-dakar-dakar-33021","Dacia Logan","2008","","100 000 km","Manuelle","Dakar"
"1786652691-914","https://www.gaaraas.com/electric_cars?_=1786646200315&button=&listing%5Bbrand_id%5D=&listing%5Bcar_type%5D=1&listing%5Bmaxprice%5D=160000001&listing%5Bminprice%5D=55309&page=54&utf8=%E2%9C%93","https://www.gaaraas.com/fr/vehicle_listings/annonce-toyota-rav4-dakar-dakar-33022","Toyota RAV4","2023","24 000 000","0 km","Automatique","Dakar"
"1786652695-915","https://www.gaaraas.com/electric_cars?_=1786646200315&button=&listing%5Bbrand_id%5D=&listing%5Bcar_type%5D=1&listing%5Bmaxprice%5D=160000001&listing%5Bminprice%5D=55309&page=54&utf8=%E2%9C%93","https://www.gaaraas.com/fr/vehicle_listings/annonce-renault-samsung-qm3-dakar-dakar-33023","Renault Samsung Qm3","2017","7 000 000","94 000 km","Automatique","Dakar"
"1786652698-916","https://www.gaaraas.com/electric_cars?_=1786646200315&button=&listing%5Bbrand_id%5D=&listing%5Bcar_type%5D=1&listing%5Bmaxprice%5D=160000001&listing%5Bminprice%5D=55309&page=54&utf8=%E2%9C%93","https://www.gaaraas.com/fr/vehicle_listings/annonce-dacia-sandero-dakar-dakar-33024","Dacia Sandero","2016","5 500 000","103 500 km","Manuelle","Dakar"
"1786652700-917","https://www.gaaraas.com/electric_cars?_=1786646200315&button=&listing%5Bbrand_id%5D=&listing%5Bcar_type%5D=1&listing%5Bmaxprice%5D=160000001&listing%5Bminprice%5D=55309&page=54&utf8=%E2%9C%93","https://www.gaaraas.com/fr/vehicle_listings/annonce-mercedes-benz-amg-gle-coupe-dakar-dakar-33025","Mercedes‒Benz AMG GLE Coupe","2022","65 500 000","56 000 km","Automatique","Dakar"
"1786652703-918","https://www.gaaraas.com/electric_cars?_=1786646200315&button=&listing%5Bbrand_id%5D=&listing%5Bcar_type%5D=1&listing%5Bmaxprice%5D=160000001&listing%5Bminprice%5D=55309&page=54&utf8=%E2%9C%93","https://www.gaaraas.com/fr/vehicle_listings/annonce-peugeot-308-dakar-dakar-33026","Peugeot 308","2018","5 500 000","100 000 km","Manuelle","Dakar"
"1786652705-919","https://www.gaaraas.com/electric_cars?_=1786646200315&button=&listing%5Bbrand_id%5D=&listing%5Bcar_type%5D=1&listing%5Bmaxprice%5D=160000001&listing%5Bminprice%5D=55309&page=54&utf8=%E2%9C%93","https://www.gaaraas.com/fr/vehicle_listings/annonce-bmw-x4-dakar-dakar-33027","BMW X4","2020","26 000 000","82 000 km","Automatique","Dakar"
"1786652708-920","https://www.gaaraas.com/electric_cars?_=1786646200315&button=&listing%5Bbrand_id%5D=&listing%5Bcar_type%5D=1&listing%5Bmaxprice%5D=160000001&listing%5Bminprice%5D=55309&page=54&utf8=%E2%9C%93","https://www.gaaraas.com/fr/vehicle_listings/annonce-bmw-x5-dakar-dakar-33028","BMW X5","2017","15 300 000","98 000 km","Automatique","Dakar"
"1786652711-921","https://www.gaaraas.com/electric_cars?_=1786646200315&button=&listing%5Bbrand_id%5D=&listing%5Bcar_type%5D=1&listing%5Bmaxprice%5D=160000001&listing%5Bminprice%5D=55309&page=54&utf8=%E2%9C%93","https://www.gaaraas.com/fr/vehicle_listings/annonce-bmw-x5-dakar-dakar-33029","BMW X5","2018","16 000 000","92 000 km","Automatique","Dakar"
"1786652714-922","https://www.gaaraas.com/electric_cars?_=1786646200315&button=&listing%5Bbrand_id%5D=&listing%5Bcar_type%5D=1&listing%5Bmaxprice%5D=160000001&listing%5Bminprice%5D=55309&page=54&utf8=%E2%9C%93","https://www.gaaraas.com/fr/vehicle_listings/annonce-hyundai-tucson-dakar-dakar-33030","Hyundai Tucson","Gris","24 500 000","2025","Automatique","Dakar"
"1786652716-923","https://www.gaaraas.com/electric_cars?_=1786646200315&button=&listing%5Bbrand_id%5D=&listing%5Bcar_type%5D=1&listing%5Bmaxprice%5D=160000001&listing%5Bminprice%5D=55309&page=54&utf8=%E2%9C%93","https://www.gaaraas.com/fr/vehicle_listings/annonce-mercedes-benz-amg-glc-coupe-dakar-dakar-33032","Mercedes‒Benz AMG GLC Coupe","2019","25 000 000","82 000 km","Automatique","Dakar"
"1786652719-924","https://www.gaaraas.com/electric_cars?_=1786646200315&button=&listing%5Bbrand_id%5D=&listing%5Bcar_type%5D=1&listing%5Bmaxprice%5D=160000001&listing%5Bminprice%5D=55309&page=54&utf8=%E2%9C%93","https://www.gaaraas.com/fr/vehicle_listings/annonce-peugeot-3008-dakar-dakar-33033","Peugeot 3008","2021","16 500 000","46 000 km","Automatique","Dakar"
"1786652722-925","https://www.gaaraas.com/electric_cars?_=1786646200315&button=&listing%5Bbrand_id%5D=&listing%5Bcar_type%5D=1&listing%5Bmaxprice%5D=160000001&listing%5Bminprice%5D=55309&page=54&utf8=%E2%9C%93","https://www.gaaraas.com/fr/vehicle_listings/annonce-hyundai-elantra-dakar-dakar-33034","Hyundai Elantra","2013","3 950 000","119 234 km","Automatique","Dakar"
"1786652724-926","https://www.gaaraas.com/electric_cars?_=1786646200315&button=&listing%5Bbrand_id%5D=&listing%5Bcar_type%5D=1&listing%5Bmaxprice%5D=160000001&listing%5Bminprice%5D=55309&page=54&utf8=%E2%9C%93","https://www.gaaraas.com/fr/vehicle_listings/annonce-mazda-cx-5-dakar-dakar-33035","Mazda CX-5","2018","11 000 000","98 000 km","Automatique","Dakar"
"1786652726-927","https://www.gaaraas.com/electric_cars?_=1786646200315&button=&listing%5Bbrand_id%5D=&listing%5Bcar_type%5D=1&listing%5Bmaxprice%5D=160000001&listing%5Bminprice%5D=55309&page=54&utf8=%E2%9C%93","https://www.gaaraas.com/fr/vehicle_listings/annonce-bmw-m4-dakar-dakar-33036","BMW M4","2020","35 000 000","36 000 km","Automatique","Dakar"
"1786652729-928","https://www.gaaraas.com/electric_cars?_=1786646200315&button=&listing%5Bbrand_id%5D=&listing%5Bcar_type%5D=1&listing%5Bmaxprice%5D=160000001&listing%5Bminprice%5D=55309&page=54&utf8=%E2%9C%93","https://www.gaaraas.com/fr/vehicle_listings/annonce-bmw-x3-dakar-dakar-33037","BMW X3","2019","14 800 000","80 000 km","Automatique","Dakar"
"1786652738-929","https://www.gaaraas.com/electric_cars?_=1786646200315&button=&listing%5Bbrand_id%5D=&listing%5Bcar_type%5D=1&listing%5Bmaxprice%5D=160000001&listing%5Bminprice%5D=55309&page=53&utf8=%E2%9C%93","https://www.gaaraas.com/fr/vehicle_listings/annonce-land-rover-discovery-dakar-dakar-33038","Land Rover Discovery","2018","12 500 000","97 000 km","Automatique","Dakar"
"1786652740-930","https://www.gaaraas.com/electric_cars?_=1786646200315&button=&listing%5Bbrand_id%5D=&listing%5Bcar_type%5D=1&listing%5Bmaxprice%5D=160000001&listing%5Bminprice%5D=55309&page=53&utf8=%E2%9C%93","https://www.gaaraas.com/fr/vehicle_listings/annonce-renault-clio-dakar-dakar-33039","Renault Clio","2014","4 200 000","195 300 km","Manuelle","Dakar"
"1786652743-931","https://www.gaaraas.com/electric_cars?_=1786646200315&button=&listing%5Bbrand_id%5D=&listing%5Bcar_type%5D=1&listing%5Bmaxprice%5D=160000001&listing%5Bminprice%5D=55309&page=53&utf8=%E2%9C%93","https://www.gaaraas.com/fr/vehicle_listings/annonce-renault-clio-dakar-dakar-33040","Renault Clio","2017","5 500 000","120 000 km","Manuelle","Dakar"
"1786652745-932","https://www.gaaraas.com/electric_cars?_=1786646200315&button=&listing%5Bbrand_id%5D=&listing%5Bcar_type%5D=1&listing%5Bmaxprice%5D=160000001&listing%5Bminprice%5D=55309&page=53&utf8=%E2%9C%93","https://www.gaaraas.com/fr/vehicle_listings/annonce-citroen-c-elysee-dakar-dakar-33041","Citroen C-elysée","2016","","89 243 km","Manuelle","Dakar"
"1786652748-933","https://www.gaaraas.com/electric_cars?_=1786646200315&button=&listing%5Bbrand_id%5D=&listing%5Bcar_type%5D=1&listing%5Bmaxprice%5D=160000001&listing%5Bminprice%5D=55309&page=53&utf8=%E2%9C%93","https://www.gaaraas.com/fr/vehicle_listings/annonce-toyota-land-cruiser-dakar-dakar-33042","Toyota Urban Cruiser","2024","12 000 000","31 500 km","Automatique","Dakar"
"1786652751-934","https://www.gaaraas.com/electric_cars?_=1786646200315&button=&listing%5Bbrand_id%5D=&listing%5Bcar_type%5D=1&listing%5Bmaxprice%5D=160000001&listing%5Bminprice%5D=55309&page=53&utf8=%E2%9C%93","https://www.gaaraas.com/fr/vehicle_listings/annonce-hyundai-elantra-dakar-dakar-33043","Hyundai Elantra","2018","4 500 000","102 000 km","Automatique","Dakar"
"1786652753-935","https://www.gaaraas.com/electric_cars?_=1786646200315&button=&listing%5Bbrand_id%5D=&listing%5Bcar_type%5D=1&listing%5Bmaxprice%5D=160000001&listing%5Bminprice%5D=55309&page=53&utf8=%E2%9C%93","https://www.gaaraas.com/fr/vehicle_listings/annonce-renault-clio-dakar-dakar-33046","Renault Clio","2014","4 500 000","195 300 km","Manuelle","Dakar"
"1786652757-936","https://www.gaaraas.com/electric_cars?_=1786646200315&button=&listing%5Bbrand_id%5D=&listing%5Bcar_type%5D=1&listing%5Bmaxprice%5D=160000001&listing%5Bminprice%5D=55309&page=53&utf8=%E2%9C%93","https://www.gaaraas.com/fr/vehicle_listings/annonce-bmw-x1-dakar-dakar-33047","BMW X1","2013","","150 000 km","Manuelle","Dakar"
"1786652760-937","https://www.gaaraas.com/electric_cars?_=1786646200315&button=&listing%5Bbrand_id%5D=&listing%5Bcar_type%5D=1&listing%5Bmaxprice%5D=160000001&listing%5Bminprice%5D=55309&page=53&utf8=%E2%9C%93","https://www.gaaraas.com/fr/vehicle_listings/annonce-dacia-sandero-dakar-dakar-33048","Dacia Sandero","2016","5 500 000","103 500 km","Manuelle","Dakar"
"1786652762-938","https://www.gaaraas.com/electric_cars?_=1786646200315&button=&listing%5Bbrand_id%5D=&listing%5Bcar_type%5D=1&listing%5Bmaxprice%5D=160000001&listing%5Bminprice%5D=55309&page=53&utf8=%E2%9C%93","https://www.gaaraas.com/fr/vehicle_listings/annonce-toyota-hiace-dakar-dakar-33050","Toyota Hiace","2021","3 060 441","75 000 km","Manuelle","Dakar"
"1786652765-939","https://www.gaaraas.com/electric_cars?_=1786646200315&button=&listing%5Bbrand_id%5D=&listing%5Bcar_type%5D=1&listing%5Bmaxprice%5D=160000001&listing%5Bminprice%5D=55309&page=53&utf8=%E2%9C%93","https://www.gaaraas.com/fr/vehicle_listings/annonce-citroen-c4picasso-dakar-dakar-33051","Citroen C4picasso","2018","6 950 000","80 000 km","Manuelle","Dakar"
"1786652767-940","https://www.gaaraas.com/electric_cars?_=1786646200315&button=&listing%5Bbrand_id%5D=&listing%5Bcar_type%5D=1&listing%5Bmaxprice%5D=160000001&listing%5Bminprice%5D=55309&page=53&utf8=%E2%9C%93","https://www.gaaraas.com/fr/vehicle_listings/annonce-hyundai-palisade-dakar-dakar-33052","Hyundai Palisade","2022","","106 000 km","Automatique","Dakar"
"1786652770-941","https://www.gaaraas.com/electric_cars?_=1786646200315&button=&listing%5Bbrand_id%5D=&listing%5Bcar_type%5D=1&listing%5Bmaxprice%5D=160000001&listing%5Bminprice%5D=55309&page=53&utf8=%E2%9C%93","https://www.gaaraas.com/fr/vehicle_listings/annonce-hyundai-palisade-dakar-dakar-33053","Hyundai Palisade","2022","","106 000 km","Automatique","Dakar"
"1786652772-942","https://www.gaaraas.com/electric_cars?_=1786646200315&button=&listing%5Bbrand_id%5D=&listing%5Bcar_type%5D=1&listing%5Bmaxprice%5D=160000001&listing%5Bminprice%5D=55309&page=53&utf8=%E2%9C%93","https://www.gaaraas.com/fr/vehicle_listings/annonce-mercedes-benz-c180-dakar-dakar-33054","Mercedes-Benz C180","Bleu de nuit","","2008","Manuelle","Dakar"
"1786652775-943","https://www.gaaraas.com/electric_cars?_=1786646200315&button=&listing%5Bbrand_id%5D=&listing%5Bcar_type%5D=1&listing%5Bmaxprice%5D=160000001&listing%5Bminprice%5D=55309&page=53&utf8=%E2%9C%93","https://www.gaaraas.com/fr/vehicle_listings/annonce-lexus-lx-570-diourbel-touba-33055","Lexus LX 570","2021","","22 000 km","Automatique","Touba"
"1786652777-944","https://www.gaaraas.com/electric_cars?_=1786646200315&button=&listing%5Bbrand_id%5D=&listing%5Bcar_type%5D=1&listing%5Bmaxprice%5D=160000001&listing%5Bminprice%5D=55309&page=53&utf8=%E2%9C%93","https://www.gaaraas.com/fr/vehicle_listings/annonce-toyota-hiace-dakar-dakar-33056","Toyota Hiace","2018","2 780 000","25 000 km","Manuelle","Dakar"
"1786652779-945","https://www.gaaraas.com/electric_cars?_=1786646200315&button=&listing%5Bbrand_id%5D=&listing%5Bcar_type%5D=1&listing%5Bmaxprice%5D=160000001&listing%5Bminprice%5D=55309&page=53&utf8=%E2%9C%93","https://www.gaaraas.com/fr/vehicle_listings/annonce-hyundai-tucson-dakar-dakar-33059","Hyundai Tucson","2015","5 500 000","55 869 km","Automatique","Dakar"
"1786652782-946","https://www.gaaraas.com/electric_cars?_=1786646200315&button=&listing%5Bbrand_id%5D=&listing%5Bcar_type%5D=1&listing%5Bmaxprice%5D=160000001&listing%5Bminprice%5D=55309&page=53&utf8=%E2%9C%93","https://www.gaaraas.com/fr/vehicle_listings/annonce-peugeot-308-dakar-dakar-33060","Peugeot 308","2008","3 200 000","128 589 km","Automatique","Dakar"
"1786652784-947","https://www.gaaraas.com/electric_cars?_=1786646200315&button=&listing%5Bbrand_id%5D=&listing%5Bcar_type%5D=1&listing%5Bmaxprice%5D=160000001&listing%5Bminprice%5D=55309&page=53&utf8=%E2%9C%93","https://www.gaaraas.com/fr/vehicle_listings/annonce-peugeot-3008-dakar-dakar-33061","Peugeot 3008","2017","9 500 000","159 858 km","Automatique","Dakar"
"1786652787-948","https://www.gaaraas.com/electric_cars?_=1786646200315&button=&listing%5Bbrand_id%5D=&listing%5Bcar_type%5D=1&listing%5Bmaxprice%5D=160000001&listing%5Bminprice%5D=55309&page=53&utf8=%E2%9C%93","https://www.gaaraas.com/fr/vehicle_listings/annonce-kia-sorento-dakar-dakar-33062","Kia Sorento","2019","10 500 000","96 000 km","Automatique","Dakar"
"1786652792-949","https://www.gaaraas.com/electric_cars?_=1786646200315&button=&listing%5Bbrand_id%5D=&listing%5Bcar_type%5D=1&listing%5Bmaxprice%5D=160000001&listing%5Bminprice%5D=55309&page=52&utf8=%E2%9C%93","https://www.gaaraas.com/fr/vehicle_listings/annonce-jeep-cherokee-dakar-dakar-33063","Jeep Cherokee","2018","7 700 000","164 589 km","Automatique","Dakar"
"1786652796-950","https://www.gaaraas.com/electric_cars?_=1786646200315&button=&listing%5Bbrand_id%5D=&listing%5Bcar_type%5D=1&listing%5Bmaxprice%5D=160000001&listing%5Bminprice%5D=55309&page=52&utf8=%E2%9C%93","https://www.gaaraas.com/fr/vehicle_listings/annonce-kia-sportage-dakar-dakar-33064","Kia Sportage","2017","6 500 000","182 589 km","Automatique","Dakar"
"1786652798-951","https://www.gaaraas.com/electric_cars?_=1786646200315&button=&listing%5Bbrand_id%5D=&listing%5Bcar_type%5D=1&listing%5Bmaxprice%5D=160000001&listing%5Bminprice%5D=55309&page=52&utf8=%E2%9C%93","https://www.gaaraas.com/fr/vehicle_listings/annonce-peugeot-208-dakar-dakar-33065","Peugeot 208","2015","3 500 000","210 000 km","Automatique","Dakar"
"1786652801-952","https://www.gaaraas.com/electric_cars?_=1786646200315&button=&listing%5Bbrand_id%5D=&listing%5Bcar_type%5D=1&listing%5Bmaxprice%5D=160000001&listing%5Bminprice%5D=55309&page=52&utf8=%E2%9C%93","https://www.gaaraas.com/fr/vehicle_listings/annonce-peugeot-207-dakar-dakar-33066","Peugeot 207","2008","2 700 000","144 589 km","Automatique","Dakar"
"1786652803-953","https://www.gaaraas.com/electric_cars?_=1786646200315&button=&listing%5Bbrand_id%5D=&listing%5Bcar_type%5D=1&listing%5Bmaxprice%5D=160000001&listing%5Bminprice%5D=55309&page=52&utf8=%E2%9C%93","https://www.gaaraas.com/fr/vehicle_listings/annonce-peugeot-5008-dakar-dakar-33068","Peugeot 5008","2021","9 500 000","159 858 km","Manuelle","Dakar"
"1786652806-954","https://www.gaaraas.com/electric_cars?_=1786646200315&button=&listing%5Bbrand_id%5D=&listing%5Bcar_type%5D=1&listing%5Bmaxprice%5D=160000001&listing%5Bminprice%5D=55309&page=52&utf8=%E2%9C%93","https://www.gaaraas.com/fr/vehicle_listings/annonce-mazda-cx-5-dakar-dakar-33069","Mazda CX-5","2016","6 350 000","128 589 km","Automatique","Dakar"
"1786652808-955","https://www.gaaraas.com/electric_cars?_=1786646200315&button=&listing%5Bbrand_id%5D=&listing%5Bcar_type%5D=1&listing%5Bmaxprice%5D=160000001&listing%5Bminprice%5D=55309&page=52&utf8=%E2%9C%93","https://www.gaaraas.com/fr/vehicle_listings/annonce-peugeot-308-dakar-dakar-33070","Peugeot 308","2016","3 800 000","180 000 km","Manuelle","Dakar"
"1786652811-956","https://www.gaaraas.com/electric_cars?_=1786646200315&button=&listing%5Bbrand_id%5D=&listing%5Bcar_type%5D=1&listing%5Bmaxprice%5D=160000001&listing%5Bminprice%5D=55309&page=52&utf8=%E2%9C%93","https://www.gaaraas.com/fr/vehicle_listings/annonce-peugeot-4008-dakar-dakar-33071","Peugeot 4008","2017","10 850 000","63 000 km","Automatique","Dakar"
"1786652813-957","https://www.gaaraas.com/electric_cars?_=1786646200315&button=&listing%5Bbrand_id%5D=&listing%5Bcar_type%5D=1&listing%5Bmaxprice%5D=160000001&listing%5Bminprice%5D=55309&page=52&utf8=%E2%9C%93","https://www.gaaraas.com/fr/vehicle_listings/annonce-renault-6-dakar-dakar-33072","Renault 6","2017","8 000 000","158 689 km","Automatique","Dakar"
"1786652816-958","https://www.gaaraas.com/electric_cars?_=1786646200315&button=&listing%5Bbrand_id%5D=&listing%5Bcar_type%5D=1&listing%5Bmaxprice%5D=160000001&listing%5Bminprice%5D=55309&page=52&utf8=%E2%9C%93","https://www.gaaraas.com/fr/vehicle_listings/annonce-toyota-rav4-dakar-dakar-33073","Toyota RAV4","2015","5 950 000","110 000 km","Automatique","Dakar"
"1786652818-959","https://www.gaaraas.com/electric_cars?_=1786646200315&button=&listing%5Bbrand_id%5D=&listing%5Bcar_type%5D=1&listing%5Bmaxprice%5D=160000001&listing%5Bminprice%5D=55309&page=52&utf8=%E2%9C%93","https://www.gaaraas.com/fr/vehicle_listings/annonce-toyota-land-cruiser-dakar-dakar-33075","Toyota Land Cruiser","2020","30 000 000","88 589 km","Automatique","Dakar"
"1786652821-960","https://www.gaaraas.com/electric_cars?_=1786646200315&button=&listing%5Bbrand_id%5D=&listing%5Bcar_type%5D=1&listing%5Bmaxprice%5D=160000001&listing%5Bminprice%5D=55309&page=52&utf8=%E2%9C%93","https://www.gaaraas.com/fr/vehicle_listings/annonce-renault-6-dakar-dakar-33076","Renault 6","2010","9 000 000","144 589 km","Automatique","Dakar"
"1786652823-961","https://www.gaaraas.com/electric_cars?_=1786646200315&button=&listing%5Bbrand_id%5D=&listing%5Bcar_type%5D=1&listing%5Bmaxprice%5D=160000001&listing%5Bminprice%5D=55309&page=52&utf8=%E2%9C%93","https://www.gaaraas.com/fr/vehicle_listings/annonce-hyundai-elantra-dakar-dakar-33077","Hyundai Elantra","2017","6 000 000","125 869 km","Automatique","Dakar"
"1786652826-962","https://www.gaaraas.com/electric_cars?_=1786646200315&button=&listing%5Bbrand_id%5D=&listing%5Bcar_type%5D=1&listing%5Bmaxprice%5D=160000001&listing%5Bminprice%5D=55309&page=52&utf8=%E2%9C%93","https://www.gaaraas.com/fr/vehicle_listings/annonce-toyota-hilux-dakar-dakar-33078","Toyota Hilux","2017","21 500 000","159 858 km","Automatique","Dakar"
"1786652828-963","https://www.gaaraas.com/electric_cars?_=1786646200315&button=&listing%5Bbrand_id%5D=&listing%5Bcar_type%5D=1&listing%5Bmaxprice%5D=160000001&listing%5Bminprice%5D=55309&page=52&utf8=%E2%9C%93","https://www.gaaraas.com/fr/vehicle_listings/annonce-kia-forte-dakar-dakar-33079","Kia Forte","2014","3 800 000","165 000 km","Automatique","Dakar"
"1786652831-964","https://www.gaaraas.com/electric_cars?_=1786646200315&button=&listing%5Bbrand_id%5D=&listing%5Bcar_type%5D=1&listing%5Bmaxprice%5D=160000001&listing%5Bminprice%5D=55309&page=52&utf8=%E2%9C%93","https://www.gaaraas.com/fr/vehicle_listings/annonce-toyota-rav-4-dakar-dakar-33080","Toyota Rav 4","2021","19 800 000","45 000 km","Automatique","Dakar"
"1786652835-965","https://www.gaaraas.com/electric_cars?_=1786646200315&button=&listing%5Bbrand_id%5D=&listing%5Bcar_type%5D=1&listing%5Bmaxprice%5D=160000001&listing%5Bminprice%5D=55309&page=52&utf8=%E2%9C%93","https://www.gaaraas.com/fr/vehicle_listings/annonce-hyundai-santa-fe-dakar-dakar-33081","Hyundai Santa Fe","2017","6 800 000","128 589 km","Automatique","Dakar"
"1786652838-966","https://www.gaaraas.com/electric_cars?_=1786646200315&button=&listing%5Bbrand_id%5D=&listing%5Bcar_type%5D=1&listing%5Bmaxprice%5D=160000001&listing%5Bminprice%5D=55309&page=52&utf8=%E2%9C%93","https://www.gaaraas.com/fr/vehicle_listings/annonce-ford-escape-dakar-dakar-33082","Ford Escape","2013","2 800 000","210 000 km","Automatique","Dakar"
"1786652841-967","https://www.gaaraas.com/electric_cars?_=1786646200315&button=&listing%5Bbrand_id%5D=&listing%5Bcar_type%5D=1&listing%5Bmaxprice%5D=160000001&listing%5Bminprice%5D=55309&page=52&utf8=%E2%9C%93","https://www.gaaraas.com/fr/vehicle_listings/annonce-ford-fusion-dakar-dakar-33083","Ford Fusion","2015","3 100 000","144 589 km","Automatique","Dakar"
"1786652843-968","https://www.gaaraas.com/electric_cars?_=1786646200315&button=&listing%5Bbrand_id%5D=&listing%5Bcar_type%5D=1&listing%5Bmaxprice%5D=160000001&listing%5Bminprice%5D=55309&page=52&utf8=%E2%9C%93","https://www.gaaraas.com/fr/vehicle_listings/annonce-bmw-x4-dakar-dakar-33084","BMW X4","2016","10 500 000","100 000 km","Automatique","Dakar"
"1786652849-969","https://www.gaaraas.com/electric_cars?_=1786646200315&button=&listing%5Bbrand_id%5D=&listing%5Bcar_type%5D=1&listing%5Bmaxprice%5D=160000001&listing%5Bminprice%5D=55309&page=51&utf8=%E2%9C%93","https://www.gaaraas.com/fr/vehicle_listings/annonce-jeep-grand-cherokee-dakar-dakar-33085","Jeep Grand Cherokee","2014","5 700 000","122 586 km","Automatique","Dakar"
"1786652851-970","https://www.gaaraas.com/electric_cars?_=1786646200315&button=&listing%5Bbrand_id%5D=&listing%5Bcar_type%5D=1&listing%5Bmaxprice%5D=160000001&listing%5Bminprice%5D=55309&page=51&utf8=%E2%9C%93","https://www.gaaraas.com/fr/vehicle_listings/annonce-ford-escape-dakar-dakar-33086","Ford Escape","2012","3 500 000","210 000 km","Manuelle","Dakar"
"1786652854-971","https://www.gaaraas.com/electric_cars?_=1786646200315&button=&listing%5Bbrand_id%5D=&listing%5Bcar_type%5D=1&listing%5Bmaxprice%5D=160000001&listing%5Bminprice%5D=55309&page=51&utf8=%E2%9C%93","https://www.gaaraas.com/fr/vehicle_listings/annonce-citroen-c4-cactus-dakar-dakar-33087","Citroen C4 cactus","2017","4 700 000","159 858 km","Manuelle","Dakar"
"1786652856-972","https://www.gaaraas.com/electric_cars?_=1786646200315&button=&listing%5Bbrand_id%5D=&listing%5Bcar_type%5D=1&listing%5Bmaxprice%5D=160000001&listing%5Bminprice%5D=55309&page=51&utf8=%E2%9C%93","https://www.gaaraas.com/fr/vehicle_listings/annonce-jeep-cherokee-dakar-dakar-33088","Jeep Cherokee","2017","7 500 000","180 000 km","Automatique","Dakar"
"1786652859-973","https://www.gaaraas.com/electric_cars?_=1786646200315&button=&listing%5Bbrand_id%5D=&listing%5Bcar_type%5D=1&listing%5Bmaxprice%5D=160000001&listing%5Bminprice%5D=55309&page=51&utf8=%E2%9C%93","https://www.gaaraas.com/fr/vehicle_listings/annonce-toyota-fortuner-dakar-dakar-33089","Toyota Fortuner","2023","37 000 000","28 000 km","Automatique","Dakar"
"1786652861-974","https://www.gaaraas.com/electric_cars?_=1786646200315&button=&listing%5Bbrand_id%5D=&listing%5Bcar_type%5D=1&listing%5Bmaxprice%5D=160000001&listing%5Bminprice%5D=55309&page=51&utf8=%E2%9C%93","https://www.gaaraas.com/fr/vehicle_listings/annonce-chevrolet-trax-dakar-dakar-33090","Chevrolet Trax","2018","6 950 000","83 000 km","Automatique","Dakar"
"1786652864-975","https://www.gaaraas.com/electric_cars?_=1786646200315&button=&listing%5Bbrand_id%5D=&listing%5Bcar_type%5D=1&listing%5Bmaxprice%5D=160000001&listing%5Bminprice%5D=55309&page=51&utf8=%E2%9C%93","https://www.gaaraas.com/fr/vehicle_listings/annonce-mercedes-benz-c180-dakar-dakar-33091","Mercedes-Benz C180","2007","2 750 000","189 586 km","Manuelle","Dakar"
"1786652867-976","https://www.gaaraas.com/electric_cars?_=1786646200315&button=&listing%5Bbrand_id%5D=&listing%5Bcar_type%5D=1&listing%5Bmaxprice%5D=160000001&listing%5Bminprice%5D=55309&page=51&utf8=%E2%9C%93","https://www.gaaraas.com/fr/vehicle_listings/annonce-hyundai-tucson-dakar-dakar-33092","Hyundai Tucson","2016","6 600 000","112 585 km","Automatique","Dakar"
"1786652869-977","https://www.gaaraas.com/electric_cars?_=1786646200315&button=&listing%5Bbrand_id%5D=&listing%5Bcar_type%5D=1&listing%5Bmaxprice%5D=160000001&listing%5Bminprice%5D=55309&page=51&utf8=%E2%9C%93","https://www.gaaraas.com/fr/vehicle_listings/annonce-toyota-hiace-dakar-dakar-33093","Toyota Hiace","2016","14 000 000","177 656 km","Manuelle","Dakar"
"1786652872-978","https://www.gaaraas.com/electric_cars?_=1786646200315&button=&listing%5Bbrand_id%5D=&listing%5Bcar_type%5D=1&listing%5Bmaxprice%5D=160000001&listing%5Bminprice%5D=55309&page=51&utf8=%E2%9C%93","https://www.gaaraas.com/fr/vehicle_listings/annonce-citroen-c3-dakar-dakar-33094","Citroen C3","2013","3 700 000","128 589 km","Manuelle","Dakar"
"1786652874-979","https://www.gaaraas.com/electric_cars?_=1786646200315&button=&listing%5Bbrand_id%5D=&listing%5Bcar_type%5D=1&listing%5Bmaxprice%5D=160000001&listing%5Bminprice%5D=55309&page=51&utf8=%E2%9C%93","https://www.gaaraas.com/fr/vehicle_listings/annonce-renault-clio-dakar-dakar-33095","Renault Clio","2016","3 750 000","210 000 km","Manuelle","Dakar"
"1786652877-980","https://www.gaaraas.com/electric_cars?_=1786646200315&button=&listing%5Bbrand_id%5D=&listing%5Bcar_type%5D=1&listing%5Bmaxprice%5D=160000001&listing%5Bminprice%5D=55309&page=51&utf8=%E2%9C%93","https://www.gaaraas.com/fr/vehicle_listings/annonce-mitsubishi-rvr-dakar-dakar-33096","Mitsubishi RVR","2016","6 800 000","89 568 km","Automatique","Dakar"
"1786652880-981","https://www.gaaraas.com/electric_cars?_=1786646200315&button=&listing%5Bbrand_id%5D=&listing%5Bcar_type%5D=1&listing%5Bmaxprice%5D=160000001&listing%5Bminprice%5D=55309&page=51&utf8=%E2%9C%93","https://www.gaaraas.com/fr/vehicle_listings/annonce-ford-edge-dakar-dakar-33097","Ford Edge","2015","","88 589 km","Automatique","Dakar"
"1786652882-982","https://www.gaaraas.com/electric_cars?_=1786646200315&button=&listing%5Bbrand_id%5D=&listing%5Bcar_type%5D=1&listing%5Bmaxprice%5D=160000001&listing%5Bminprice%5D=55309&page=51&utf8=%E2%9C%93","https://www.gaaraas.com/fr/vehicle_listings/annonce-mitsubishi-asx-dakar-dakar-33098","Mitsubishi ASX","2015","","210 000 km","Automatique","Dakar"
"1786652885-983","https://www.gaaraas.com/electric_cars?_=1786646200315&button=&listing%5Bbrand_id%5D=&listing%5Bcar_type%5D=1&listing%5Bmaxprice%5D=160000001&listing%5Bminprice%5D=55309&page=51&utf8=%E2%9C%93","https://www.gaaraas.com/fr/vehicle_listings/annonce-jeep-grand-cherokee-dakar-dakar-33100","Jeep Grand Cherokee","2019","11 000 000","59 685 km","Automatique","Dakar"
"1786652887-984","https://www.gaaraas.com/electric_cars?_=1786646200315&button=&listing%5Bbrand_id%5D=&listing%5Bcar_type%5D=1&listing%5Bmaxprice%5D=160000001&listing%5Bminprice%5D=55309&page=51&utf8=%E2%9C%93","https://www.gaaraas.com/fr/vehicle_listings/annonce-toyota-rav4-dakar-dakar-33101","Toyota RAV4","2025","24 000 000","9 200 km","Automatique","Dakar"
"1786652890-985","https://www.gaaraas.com/electric_cars?_=1786646200315&button=&listing%5Bbrand_id%5D=&listing%5Bcar_type%5D=1&listing%5Bmaxprice%5D=160000001&listing%5Bminprice%5D=55309&page=51&utf8=%E2%9C%93","https://www.gaaraas.com/fr/vehicle_listings/annonce-toyota-land-cruiser-prado-dakar-dakar-33102","Toyota Land Cruiser Prado","2017","1 800 000","189 586 km","Automatique","Dakar"
"1786652892-986","https://www.gaaraas.com/electric_cars?_=1786646200315&button=&listing%5Bbrand_id%5D=&listing%5Bcar_type%5D=1&listing%5Bmaxprice%5D=160000001&listing%5Bminprice%5D=55309&page=51&utf8=%E2%9C%93","https://www.gaaraas.com/fr/vehicle_listings/annonce-ford-fusion-dakar-dakar-33104","Ford Fusion","2020","8 000 000","144 589 km","Automatique","Dakar"
"1786652894-987","https://www.gaaraas.com/electric_cars?_=1786646200315&button=&listing%5Bbrand_id%5D=&listing%5Bcar_type%5D=1&listing%5Bmaxprice%5D=160000001&listing%5Bminprice%5D=55309&page=51&utf8=%E2%9C%93","https://www.gaaraas.com/fr/vehicle_listings/annonce-bmw-x1-dakar-dakar-33105","BMW X1","2024","28 000 000","144 589 km","Automatique","Dakar"
"1786652897-988","https://www.gaaraas.com/electric_cars?_=1786646200315&button=&listing%5Bbrand_id%5D=&listing%5Bcar_type%5D=1&listing%5Bmaxprice%5D=160000001&listing%5Bminprice%5D=55309&page=51&utf8=%E2%9C%93","https://www.gaaraas.com/fr/vehicle_listings/annonce-renault-30-dakar-dakar-33106","Renault 30","2017","5 900 000","93 000 km","Automatique","Dakar"
"1786652906-989","https://www.gaaraas.com/electric_cars?_=1786646200315&button=&listing%5Bbrand_id%5D=&listing%5Bcar_type%5D=1&listing%5Bmaxprice%5D=160000001&listing%5Bminprice%5D=55309&page=50&utf8=%E2%9C%93","https://www.gaaraas.com/fr/vehicle_listings/annonce-mitsubishi-pajero-dakar-dakar-33107","Mitsubishi Pajero","2020","14 500 000","66 000 km","Automatique","Dakar"
"1786652909-990","https://www.gaaraas.com/electric_cars?_=1786646200315&button=&listing%5Bbrand_id%5D=&listing%5Bcar_type%5D=1&listing%5Bmaxprice%5D=160000001&listing%5Bminprice%5D=55309&page=50&utf8=%E2%9C%93","https://www.gaaraas.com/fr/vehicle_listings/annonce-hyundai-santa-fe-dakar-dakar-33108","Hyundai Santa Fe","2016","8 500 000","104 000 km","Automatique","Dakar"
"1786652912-991","https://www.gaaraas.com/electric_cars?_=1786646200315&button=&listing%5Bbrand_id%5D=&listing%5Bcar_type%5D=1&listing%5Bmaxprice%5D=160000001&listing%5Bminprice%5D=55309&page=50&utf8=%E2%9C%93","https://www.gaaraas.com/fr/vehicle_listings/annonce-toyota-camry-dakar-dakar-33109","Toyota Camry","2010","2 800 000","180 000 km","Automatique","Dakar"
"1786652914-992","https://www.gaaraas.com/electric_cars?_=1786646200315&button=&listing%5Bbrand_id%5D=&listing%5Bcar_type%5D=1&listing%5Bmaxprice%5D=160000001&listing%5Bminprice%5D=55309&page=50&utf8=%E2%9C%93","https://www.gaaraas.com/fr/vehicle_listings/annonce-jeep-compass-dakar-dakar-33110","Jeep Compass","2018","6 500 000","129 586 km","Automatique","Dakar"
"1786652917-993","https://www.gaaraas.com/electric_cars?_=1786646200315&button=&listing%5Bbrand_id%5D=&listing%5Bcar_type%5D=1&listing%5Bmaxprice%5D=160000001&listing%5Bminprice%5D=55309&page=50&utf8=%E2%9C%93","https://www.gaaraas.com/fr/vehicle_listings/annonce-mercedes-benz-gl-class-dakar-dakar-33111","Mercedes‒Benz GL–Class","2017","24 500 000","100 000 km","Automatique","Dakar"
"1786652922-994","https://www.gaaraas.com/electric_cars?_=1786646200315&button=&listing%5Bbrand_id%5D=&listing%5Bcar_type%5D=1&listing%5Bmaxprice%5D=160000001&listing%5Bminprice%5D=55309&page=50&utf8=%E2%9C%93","https://www.gaaraas.com/fr/vehicle_listings/annonce-peugeot-5008-dakar-dakar-33112","Peugeot 5008","2020","","200 000 km","Automatique","Dakar"
"1786652926-995","https://www.gaaraas.com/electric_cars?_=1786646200315&button=&listing%5Bbrand_id%5D=&listing%5Bcar_type%5D=1&listing%5Bmaxprice%5D=160000001&listing%5Bminprice%5D=55309&page=50&utf8=%E2%9C%93","https://www.gaaraas.com/fr/vehicle_listings/annonce-mazda-cx-5-dakar-dakar-33113","Mazda CX-5","2018","11 500 000","89 000 km","Automatique","Dakar"
"1786652929-996","https://www.gaaraas.com/electric_cars?_=1786646200315&button=&listing%5Bbrand_id%5D=&listing%5Bcar_type%5D=1&listing%5Bmaxprice%5D=160000001&listing%5Bminprice%5D=55309&page=50&utf8=%E2%9C%93","https://www.gaaraas.com/fr/vehicle_listings/annonce-bmw-7-series-dakar-dakar-33114","BMW 7-Series","2022","25 000 000","79 000 km","Automatique","Dakar"
"1786652931-997","https://www.gaaraas.com/electric_cars?_=1786646200315&button=&listing%5Bbrand_id%5D=&listing%5Bcar_type%5D=1&listing%5Bmaxprice%5D=160000001&listing%5Bminprice%5D=55309&page=50&utf8=%E2%9C%93","https://www.gaaraas.com/fr/vehicle_listings/annonce-toyota-hilux-dakar-dakar-33115","Toyota Hilux","2023","3 900 000","26 000 km","Manuelle","Dakar"
"1786652934-998","https://www.gaaraas.com/electric_cars?_=1786646200315&button=&listing%5Bbrand_id%5D=&listing%5Bcar_type%5D=1&listing%5Bmaxprice%5D=160000001&listing%5Bminprice%5D=55309&page=50&utf8=%E2%9C%93","https://www.gaaraas.com/fr/vehicle_listings/annonce-jeep-wrangler-dakar-dakar-33116","Jeep Wrangler","Vert","834 428","2024","Automatique","Dakar"
"1786652942-999","https://www.gaaraas.com/electric_cars?_=1786646200315&button=&listing%5Bbrand_id%5D=&listing%5Bcar_type%5D=1&listing%5Bmaxprice%5D=160000001&listing%5Bminprice%5D=55309&page=50&utf8=%E2%9C%93","https://www.gaaraas.com/fr/vehicle_listings/annonce-toyota-rav4-dakar-dakar-33119","Toyota RAV4","Autre","7 500 000","2012","Manuelle","Dakar"
"1786652944-1000","https://www.gaaraas.com/electric_cars?_=1786646200315&button=&listing%5Bbrand_id%5D=&listing%5Bcar_type%5D=1&listing%5Bmaxprice%5D=160000001&listing%5Bminprice%5D=55309&page=50&utf8=%E2%9C%93","https://www.gaaraas.com/fr/vehicle_listings/annonce-citroen-2cv-dakar-dakar-33120","Citroen 2CV","Autre","3 200 000","2010","Manuelle","Dakar"
"1786652948-1001","https://www.gaaraas.com/electric_cars?_=1786646200315&button=&listing%5Bbrand_id%5D=&listing%5Bcar_type%5D=1&listing%5Bmaxprice%5D=160000001&listing%5Bminprice%5D=55309&page=50&utf8=%E2%9C%93","https://www.gaaraas.com/fr/vehicle_listings/annonce-bmw-x1-dakar-dakar-33121","BMW X1","Autre","9 600 000","2004","Manuelle","Dakar"
"1786652950-1002","https://www.gaaraas.com/electric_cars?_=1786646200315&button=&listing%5Bbrand_id%5D=&listing%5Bcar_type%5D=1&listing%5Bmaxprice%5D=160000001&listing%5Bminprice%5D=55309&page=50&utf8=%E2%9C%93","https://www.gaaraas.com/fr/vehicle_listings/annonce-peugeot-104-dakar-dakar-33123","Peugeot 104","Autre","3 500 000","2010","Manuelle","Dakar"
"1786652953-1003","https://www.gaaraas.com/electric_cars?_=1786646200315&button=&listing%5Bbrand_id%5D=&listing%5Bcar_type%5D=1&listing%5Bmaxprice%5D=160000001&listing%5Bminprice%5D=55309&page=50&utf8=%E2%9C%93","https://www.gaaraas.com/fr/vehicle_listings/annonce-peugeot-207-dakar-dakar-33124","Peugeot 207","Autre","3 300 000","2012","Manuelle","Dakar"
"1786652959-1004","https://www.gaaraas.com/electric_cars?_=1786646200315&button=&listing%5Bbrand_id%5D=&listing%5Bcar_type%5D=1&listing%5Bmaxprice%5D=160000001&listing%5Bminprice%5D=55309&page=50&utf8=%E2%9C%93","https://www.gaaraas.com/fr/vehicle_listings/annonce-peugeot-3008-dakar-dakar-33125","Peugeot 3008","Autre","4 950 000","2012","Automatique","Dakar"
"1786652962-1005","https://www.gaaraas.com/electric_cars?_=1786646200315&button=&listing%5Bbrand_id%5D=&listing%5Bcar_type%5D=1&listing%5Bmaxprice%5D=160000001&listing%5Bminprice%5D=55309&page=50&utf8=%E2%9C%93","https://www.gaaraas.com/fr/vehicle_listings/annonce-peugeot-2008-dakar-dakar-33126","Peugeot 2008","Autre","3 000 000","2009","Manuelle","Dakar"
"1786652964-1006","https://www.gaaraas.com/electric_cars?_=1786646200315&button=&listing%5Bbrand_id%5D=&listing%5Bcar_type%5D=1&listing%5Bmaxprice%5D=160000001&listing%5Bminprice%5D=55309&page=50&utf8=%E2%9C%93","https://www.gaaraas.com/fr/vehicle_listings/annonce-isuzu-aska-dakar-dakar-33128","Isuzu Aska","Autre","3 200 000","2010","Automatique","Dakar"
"1786652967-1007","https://www.gaaraas.com/electric_cars?_=1786646200315&button=&listing%5Bbrand_id%5D=&listing%5Bcar_type%5D=1&listing%5Bmaxprice%5D=160000001&listing%5Bminprice%5D=55309&page=50&utf8=%E2%9C%93","https://www.gaaraas.com/fr/vehicle_listings/annonce-ford-fusion-dakar-dakar-33129","Ford Fusion","Autre","2 750 000","2017","Manuelle","Dakar"
"1786652969-1008","https://www.gaaraas.com/electric_cars?_=1786646200315&button=&listing%5Bbrand_id%5D=&listing%5Bcar_type%5D=1&listing%5Bmaxprice%5D=160000001&listing%5Bminprice%5D=55309&page=50&utf8=%E2%9C%93","https://www.gaaraas.com/fr/vehicle_listings/annonce-toyota-aqua-dakar-dakar-33130","Toyota Aqua","Autre","3 200 000","2016","Manuelle","Dakar"
"1786652978-1009","https://www.gaaraas.com/electric_cars?_=1786646200315&button=&listing%5Bbrand_id%5D=&listing%5Bcar_type%5D=1&listing%5Bmaxprice%5D=160000001&listing%5Bminprice%5D=55309&page=49&utf8=%E2%9C%93","https://www.gaaraas.com/fr/vehicle_listings/annonce-toyota-rav-4-louga-dahra-33131","Toyota Rav 4","2019","18 500 000","5 500 km","Automatique","Dahra"
"1786652980-1010","https://www.gaaraas.com/electric_cars?_=1786646200315&button=&listing%5Bbrand_id%5D=&listing%5Bcar_type%5D=1&listing%5Bmaxprice%5D=160000001&listing%5Bminprice%5D=55309&page=49&utf8=%E2%9C%93","https://www.gaaraas.com/fr/vehicle_listings/annonce-ford-aspire-dakar-dakar-33132","Ford Aspire","2013","2 700 000","2 310 km","Automatique","Dakar"
"1786652983-1011","https://www.gaaraas.com/electric_cars?_=1786646200315&button=&listing%5Bbrand_id%5D=&listing%5Bcar_type%5D=1&listing%5Bmaxprice%5D=160000001&listing%5Bminprice%5D=55309&page=49&utf8=%E2%9C%93","https://www.gaaraas.com/fr/vehicle_listings/annonce-kia-sportage-dakar-dakar-33133","Kia Sportage","Autre","1 550 000","2004","Manuelle","Dakar"
"1786652985-1012","https://www.gaaraas.com/electric_cars?_=1786646200315&button=&listing%5Bbrand_id%5D=&listing%5Bcar_type%5D=1&listing%5Bmaxprice%5D=160000001&listing%5Bminprice%5D=55309&page=49&utf8=%E2%9C%93","https://www.gaaraas.com/fr/vehicle_listings/annonce-hyundai-tucson-dakar-dakar-33134","Hyundai Tucson","Autre","6 800 000","2017","Manuelle","Dakar"
"1786652988-1013","https://www.gaaraas.com/electric_cars?_=1786646200315&button=&listing%5Bbrand_id%5D=&listing%5Bcar_type%5D=1&listing%5Bmaxprice%5D=160000001&listing%5Bminprice%5D=55309&page=49&utf8=%E2%9C%93","https://www.gaaraas.com/fr/vehicle_listings/annonce-hyundai-sonata-dakar-dakar-33135","Hyundai Sonata","Autre","2 650 000","2012","Manuelle","Dakar"
"1786652991-1014","https://www.gaaraas.com/electric_cars?_=1786646200315&button=&listing%5Bbrand_id%5D=&listing%5Bcar_type%5D=1&listing%5Bmaxprice%5D=160000001&listing%5Bminprice%5D=55309&page=49&utf8=%E2%9C%93","https://www.gaaraas.com/fr/vehicle_listings/annonce-toyota-rav-4-dakar-dakar-33136","Toyota Rav 4","Autre","2 800 000","2011","Manuelle","Dakar"
"1786652994-1015","https://www.gaaraas.com/electric_cars?_=1786646200315&button=&listing%5Bbrand_id%5D=&listing%5Bcar_type%5D=1&listing%5Bmaxprice%5D=160000001&listing%5Bminprice%5D=55309&page=49&utf8=%E2%9C%93","https://www.gaaraas.com/fr/vehicle_listings/annonce-toyota-prado-dakar-dakar-33137","Toyota Prado","Autre","3 650 000","2009","Manuelle","Dakar"
"1786652996-1016","https://www.gaaraas.com/electric_cars?_=1786646200315&button=&listing%5Bbrand_id%5D=&listing%5Bcar_type%5D=1&listing%5Bmaxprice%5D=160000001&listing%5Bminprice%5D=55309&page=49&utf8=%E2%9C%93","https://www.gaaraas.com/fr/vehicle_listings/annonce-renault-19-dakar-dakar-33139","Renault 19","Autre","1 500 000","2009","Manuelle","Dakar"
"1786652999-1017","https://www.gaaraas.com/electric_cars?_=1786646200315&button=&listing%5Bbrand_id%5D=&listing%5Bcar_type%5D=1&listing%5Bmaxprice%5D=160000001&listing%5Bminprice%5D=55309&page=49&utf8=%E2%9C%93","https://www.gaaraas.com/fr/vehicle_listings/annonce-renault-captur-dakar-dakar-33140","Renault Captur","Autre","2 500 000","2016","Manuelle","Dakar"
"1786653001-1018","https://www.gaaraas.com/electric_cars?_=1786646200315&button=&listing%5Bbrand_id%5D=&listing%5Bcar_type%5D=1&listing%5Bmaxprice%5D=160000001&listing%5Bminprice%5D=55309&page=49&utf8=%E2%9C%93","https://www.gaaraas.com/fr/vehicle_listings/annonce-renault-10-dakar-dakar-33142","Renault 10","Autre","2 500 000","2007","Manuelle","Dakar"
"1786653004-1019","https://www.gaaraas.com/electric_cars?_=1786646200315&button=&listing%5Bbrand_id%5D=&listing%5Bcar_type%5D=1&listing%5Bmaxprice%5D=160000001&listing%5Bminprice%5D=55309&page=49&utf8=%E2%9C%93","https://www.gaaraas.com/fr/vehicle_listings/annonce-ford-focus-dakar-dakar-33143","Ford Focus","2013","","56 500 km","Automatique","Dakar"
"1786653008-1020","https://www.gaaraas.com/electric_cars?_=1786646200315&button=&listing%5Bbrand_id%5D=&listing%5Bcar_type%5D=1&listing%5Bmaxprice%5D=160000001&listing%5Bminprice%5D=55309&page=49&utf8=%E2%9C%93","https://www.gaaraas.com/fr/vehicle_listings/annonce-peugeot-208-dakar-dakar-33144","Peugeot 208","2008","2 000 000","2 165 km","Manuelle","Dakar"
"1786653011-1021","https://www.gaaraas.com/electric_cars?_=1786646200315&button=&listing%5Bbrand_id%5D=&listing%5Bcar_type%5D=1&listing%5Bmaxprice%5D=160000001&listing%5Bminprice%5D=55309&page=49&utf8=%E2%9C%93","https://www.gaaraas.com/fr/vehicle_listings/annonce-peugeot-3008-dakar-dakar-33146","Peugeot 3008","Autre","3 500 000","2017","Manuelle","Dakar"
"1786653017-1022","https://www.gaaraas.com/electric_cars?_=1786646200315&button=&listing%5Bbrand_id%5D=&listing%5Bcar_type%5D=1&listing%5Bmaxprice%5D=160000001&listing%5Bminprice%5D=55309&page=49&utf8=%E2%9C%93","https://www.gaaraas.com/fr/vehicle_listings/annonce-nissan-rogue-dakar-dakar-33147","Nissan Rogue","Autre","2 500 000","2013","Manuelle","Dakar"
"1786653020-1023","https://www.gaaraas.com/electric_cars?_=1786646200315&button=&listing%5Bbrand_id%5D=&listing%5Bcar_type%5D=1&listing%5Bmaxprice%5D=160000001&listing%5Bminprice%5D=55309&page=49&utf8=%E2%9C%93","https://www.gaaraas.com/fr/vehicle_listings/annonce-ford-fiesta-dakar-dakar-33148","Ford Fiesta","Autre","2 600 000","2014","Automatique","Dakar"
"1786653023-1024","https://www.gaaraas.com/electric_cars?_=1786646200315&button=&listing%5Bbrand_id%5D=&listing%5Bcar_type%5D=1&listing%5Bmaxprice%5D=160000001&listing%5Bminprice%5D=55309&page=49&utf8=%E2%9C%93","https://www.gaaraas.com/fr/vehicle_listings/annonce-hyundai-avante-dakar-dakar-33149","Hyundai Avante","Autre","3 500 000","2012","Manuelle","Dakar"
"1786653025-1025","https://www.gaaraas.com/electric_cars?_=1786646200315&button=&listing%5Bbrand_id%5D=&listing%5Bcar_type%5D=1&listing%5Bmaxprice%5D=160000001&listing%5Bminprice%5D=55309&page=49&utf8=%E2%9C%93","https://www.gaaraas.com/fr/vehicle_listings/annonce-peugeot-3008-dakar-dakar-33151","Peugeot 3008","Autre","3 500 000","2016","Manuelle","Dakar"
"1786653028-1026","https://www.gaaraas.com/electric_cars?_=1786646200315&button=&listing%5Bbrand_id%5D=&listing%5Bcar_type%5D=1&listing%5Bmaxprice%5D=160000001&listing%5Bminprice%5D=55309&page=49&utf8=%E2%9C%93","https://www.gaaraas.com/fr/vehicle_listings/annonce-peugeot-3008-dakar-dakar-33152","Peugeot 3008","Autre","3 500 000","2009","Manuelle","Dakar"
"1786653031-1027","https://www.gaaraas.com/electric_cars?_=1786646200315&button=&listing%5Bbrand_id%5D=&listing%5Bcar_type%5D=1&listing%5Bmaxprice%5D=160000001&listing%5Bminprice%5D=55309&page=49&utf8=%E2%9C%93","https://www.gaaraas.com/fr/vehicle_listings/annonce-nissan-rogue-dakar-dakar-33153","Nissan Rogue","Autre","2 500 000","2008","Manuelle","Dakar"
"1786653034-1028","https://www.gaaraas.com/electric_cars?_=1786646200315&button=&listing%5Bbrand_id%5D=&listing%5Bcar_type%5D=1&listing%5Bmaxprice%5D=160000001&listing%5Bminprice%5D=55309&page=49&utf8=%E2%9C%93","https://www.gaaraas.com/fr/vehicle_listings/annonce-peugeot-3008-dakar-dakar-33154","Peugeot 3008","Autre","3 000 000","2009","Manuelle","Dakar"
"1786653042-1029","https://www.gaaraas.com/electric_cars?_=1786646200315&button=&listing%5Bbrand_id%5D=&listing%5Bcar_type%5D=1&listing%5Bmaxprice%5D=160000001&listing%5Bminprice%5D=55309&page=48&utf8=%E2%9C%93","https://www.gaaraas.com/fr/vehicle_listings/annonce-kia-carens-dakar-dakar-33155","Kia Carens","Autre","3 500 000","2016","Automatique","Dakar"
"1786653044-1030","https://www.gaaraas.com/electric_cars?_=1786646200315&button=&listing%5Bbrand_id%5D=&listing%5Bcar_type%5D=1&listing%5Bmaxprice%5D=160000001&listing%5Bminprice%5D=55309&page=48&utf8=%E2%9C%93","https://www.gaaraas.com/fr/vehicle_listings/annonce-hyundai-grandeur-dakar-dakar-33157","Hyundai Grandeur","Autre","5 800 000","2017","Automatique","Dakar"
"1786653054-1031","https://www.gaaraas.com/electric_cars?_=1786646200315&button=&listing%5Bbrand_id%5D=&listing%5Bcar_type%5D=1&listing%5Bmaxprice%5D=160000001&listing%5Bminprice%5D=55309&page=48&utf8=%E2%9C%93","https://www.gaaraas.com/fr/vehicle_listings/annonce-kia-rio-dakar-dakar-33158","Kia Rio","Autre","5 500 000","2017","Manuelle","Dakar"
"1786653057-1032","https://www.gaaraas.com/electric_cars?_=1786646200315&button=&listing%5Bbrand_id%5D=&listing%5Bcar_type%5D=1&listing%5Bmaxprice%5D=160000001&listing%5Bminprice%5D=55309&page=48&utf8=%E2%9C%93","https://www.gaaraas.com/fr/vehicle_listings/annonce-peugeot-202-dakar-dakar-33159","Peugeot 202","2016","4 800 000","3 210 km","Manuelle","Dakar"
"1786653060-1033","https://www.gaaraas.com/electric_cars?_=1786646200315&button=&listing%5Bbrand_id%5D=&listing%5Bcar_type%5D=1&listing%5Bmaxprice%5D=160000001&listing%5Bminprice%5D=55309&page=48&utf8=%E2%9C%93","https://www.gaaraas.com/fr/vehicle_listings/annonce-citroen-c4-dakar-dakar-33160","Citroen C4","2018","5 500 000","137 718 km","Manuelle","Dakar"
"1786653063-1034","https://www.gaaraas.com/electric_cars?_=1786646200315&button=&listing%5Bbrand_id%5D=&listing%5Bcar_type%5D=1&listing%5Bmaxprice%5D=160000001&listing%5Bminprice%5D=55309&page=48&utf8=%E2%9C%93","https://www.gaaraas.com/fr/vehicle_listings/annonce-bmw-1m-dakar-dakar-33161","BMW 1M","Noir","3 500 000","2014","Manuelle","Dakar"
"1786653066-1035","https://www.gaaraas.com/electric_cars?_=1786646200315&button=&listing%5Bbrand_id%5D=&listing%5Bcar_type%5D=1&listing%5Bmaxprice%5D=160000001&listing%5Bminprice%5D=55309&page=48&utf8=%E2%9C%93","https://www.gaaraas.com/fr/vehicle_listings/annonce-mazda-cx-5-dakar-dakar-33162","Mazda CX-5","Autre","6 700 000","2016","Manuelle","Dakar"
"1786653069-1036","https://www.gaaraas.com/electric_cars?_=1786646200315&button=&listing%5Bbrand_id%5D=&listing%5Bcar_type%5D=1&listing%5Bmaxprice%5D=160000001&listing%5Bminprice%5D=55309&page=48&utf8=%E2%9C%93","https://www.gaaraas.com/fr/vehicle_listings/annonce-citroen-cx-dakar-dakar-33163","Citroen CX","Autre","1 999 000","2016","Manuelle","Dakar"
"1786653077-1037","https://www.gaaraas.com/electric_cars?_=1786646200315&button=&listing%5Bbrand_id%5D=&listing%5Bcar_type%5D=1&listing%5Bmaxprice%5D=160000001&listing%5Bminprice%5D=55309&page=48&utf8=%E2%9C%93","https://www.gaaraas.com/fr/vehicle_listings/annonce-toyota-auris-dakar-dakar-33164","Toyota Auris","Autre","102 000 000","2014","Manuelle","Dakar"
"1786653079-1038","https://www.gaaraas.com/electric_cars?_=1786646200315&button=&listing%5Bbrand_id%5D=&listing%5Bcar_type%5D=1&listing%5Bmaxprice%5D=160000001&listing%5Bminprice%5D=55309&page=48&utf8=%E2%9C%93","https://www.gaaraas.com/fr/vehicle_listings/annonce-renault-megane-dakar-dakar-33165","Renault Megane","Autre","1 800 000","2012","Automatique","Dakar"
"1786653087-1039","https://www.gaaraas.com/electric_cars?_=1786646200315&button=&listing%5Bbrand_id%5D=&listing%5Bcar_type%5D=1&listing%5Bmaxprice%5D=160000001&listing%5Bminprice%5D=55309&page=48&utf8=%E2%9C%93","https://www.gaaraas.com/fr/vehicle_listings/annonce-mitsubishi-pajero-dakar-dakar-33166","Mitsubishi Pajero","2017","8 000 000","135 411 km","Automatique","Dakar"
"1786653091-1040","https://www.gaaraas.com/electric_cars?_=1786646200315&button=&listing%5Bbrand_id%5D=&listing%5Bcar_type%5D=1&listing%5Bmaxprice%5D=160000001&listing%5Bminprice%5D=55309&page=48&utf8=%E2%9C%93","https://www.gaaraas.com/fr/vehicle_listings/annonce-peugeot-308-dakar-dakar-33167","Peugeot 308","Autre","2 900 000","2017","Manuelle","Dakar"
"1786653094-1041","https://www.gaaraas.com/electric_cars?_=1786646200315&button=&listing%5Bbrand_id%5D=&listing%5Bcar_type%5D=1&listing%5Bmaxprice%5D=160000001&listing%5Bminprice%5D=55309&page=48&utf8=%E2%9C%93","https://www.gaaraas.com/fr/vehicle_listings/annonce-mazda-mazda-2-dakar-dakar-33169","Mazda Mazda 2","Autre","5 900 000","2016","Manuelle","Dakar"
"1786653097-1042","https://www.gaaraas.com/electric_cars?_=1786646200315&button=&listing%5Bbrand_id%5D=&listing%5Bcar_type%5D=1&listing%5Bmaxprice%5D=160000001&listing%5Bminprice%5D=55309&page=48&utf8=%E2%9C%93","https://www.gaaraas.com/fr/vehicle_listings/annonce-renault-kadjar-dakar-dakar-33170","Renault Kadjar","2019","5 500 000","72 721 km","Automatique","Dakar"
"1786653100-1043","https://www.gaaraas.com/electric_cars?_=1786646200315&button=&listing%5Bbrand_id%5D=&listing%5Bcar_type%5D=1&listing%5Bmaxprice%5D=160000001&listing%5Bminprice%5D=55309&page=48&utf8=%E2%9C%93","https://www.gaaraas.com/fr/vehicle_listings/annonce-mazda-5-dakar-dakar-33171","Mazda 5","Autre","3 500 000","2017","Automatique","Dakar"
"1786653103-1044","https://www.gaaraas.com/electric_cars?_=1786646200315&button=&listing%5Bbrand_id%5D=&listing%5Bcar_type%5D=1&listing%5Bmaxprice%5D=160000001&listing%5Bminprice%5D=55309&page=48&utf8=%E2%9C%93","https://www.gaaraas.com/fr/vehicle_listings/annonce-peugeot-208-dakar-dakar-33172","Peugeot 208","Autre","4 800 000","2018","Manuelle","Dakar"
"1786653105-1045","https://www.gaaraas.com/electric_cars?_=1786646200315&button=&listing%5Bbrand_id%5D=&listing%5Bcar_type%5D=1&listing%5Bmaxprice%5D=160000001&listing%5Bminprice%5D=55309&page=48&utf8=%E2%9C%93","https://www.gaaraas.com/fr/vehicle_listings/annonce-hyundai-elantra-dakar-dakar-33173","Hyundai Elantra","2014","","88 000 km","Automatique","Dakar"
"1786653108-1046","https://www.gaaraas.com/electric_cars?_=1786646200315&button=&listing%5Bbrand_id%5D=&listing%5Bcar_type%5D=1&listing%5Bmaxprice%5D=160000001&listing%5Bminprice%5D=55309&page=48&utf8=%E2%9C%93","https://www.gaaraas.com/fr/vehicle_listings/annonce-bmw-x6-matam-matam-33174","BMW X6","Bleu","2 222 222","2024","Manuelle","Matam"
"1786653111-1047","https://www.gaaraas.com/electric_cars?_=1786646200315&button=&listing%5Bbrand_id%5D=&listing%5Bcar_type%5D=1&listing%5Bmaxprice%5D=160000001&listing%5Bminprice%5D=55309&page=48&utf8=%E2%9C%93","https://www.gaaraas.com/fr/vehicle_listings/annonce-ford-edge-sel-dakar-dakar-33175","Ford Edge sel","2015","5 200 000","100 000 km","Automatique","Dakar"
"1786653119-1048","https://www.gaaraas.com/electric_cars?_=1786646200315&button=&listing%5Bbrand_id%5D=&listing%5Bcar_type%5D=1&listing%5Bmaxprice%5D=160000001&listing%5Bminprice%5D=55309&page=48&utf8=%E2%9C%93","https://www.gaaraas.com/fr/vehicle_listings/annonce-bmw-x4-dakar-dakar-33176","BMW X4","2015","10 800 000","128 000 km","Automatique","Dakar"
"1786653164-1049","https://www.gaaraas.com/electric_cars?_=1786646200315&button=&listing%5Bbrand_id%5D=&listing%5Bcar_type%5D=1&listing%5Bmaxprice%5D=160000001&listing%5Bminprice%5D=55309&page=47&utf8=%E2%9C%93","https://www.gaaraas.com/fr/vehicle_listings/annonce-mercedes-benz-glc-dakar-dakar-33177","Mercedes‒Benz GLC","2018","13 900 000","70 000 km","Automatique","Dakar"
"1786653170-1050","https://www.gaaraas.com/electric_cars?_=1786646200315&button=&listing%5Bbrand_id%5D=&listing%5Bcar_type%5D=1&listing%5Bmaxprice%5D=160000001&listing%5Bminprice%5D=55309&page=47&utf8=%E2%9C%93","https://www.gaaraas.com/fr/vehicle_listings/annonce-hyundai-sonata-dakar-dakar-33178","Hyundai Sonata","2017","5 700 000","98 000 km","Automatique","Dakar"
"1786653173-1051","https://www.gaaraas.com/electric_cars?_=1786646200315&button=&listing%5Bbrand_id%5D=&listing%5Bcar_type%5D=1&listing%5Bmaxprice%5D=160000001&listing%5Bminprice%5D=55309&page=47&utf8=%E2%9C%93","https://www.gaaraas.com/fr/vehicle_listings/annonce-kia-k7-dakar-dakar-33179","Kia K7","2017","9 200 000","80 000 km","Automatique","Dakar"
"1786653176-1052","https://www.gaaraas.com/electric_cars?_=1786646200315&button=&listing%5Bbrand_id%5D=&listing%5Bcar_type%5D=1&listing%5Bmaxprice%5D=160000001&listing%5Bminprice%5D=55309&page=47&utf8=%E2%9C%93","https://www.gaaraas.com/fr/vehicle_listings/annonce-toyota-rav-4-dakar-dakar-33181","Toyota Rav 4","2022","4 500 000","21 000 km","Automatique","Dakar"
"1786653179-1053","https://www.gaaraas.com/electric_cars?_=1786646200315&button=&listing%5Bbrand_id%5D=&listing%5Bcar_type%5D=1&listing%5Bmaxprice%5D=160000001&listing%5Bminprice%5D=55309&page=47&utf8=%E2%9C%93","https://www.gaaraas.com/fr/vehicle_listings/annonce-toyota-land-cruiser-dakar-dakar-33182","Toyota Land Cruiser","2023","2 800 000","28 000 km","Automatique","Dakar"
"1786653183-1054","https://www.gaaraas.com/electric_cars?_=1786646200315&button=&listing%5Bbrand_id%5D=&listing%5Bcar_type%5D=1&listing%5Bmaxprice%5D=160000001&listing%5Bminprice%5D=55309&page=47&utf8=%E2%9C%93","https://www.gaaraas.com/fr/vehicle_listings/annonce-hyundai-tucson-dakar-rufisque-33183","Hyundai Tucson","2019","","687 456 km","Automatique","Rufisque"
"1786653197-1055","https://www.gaaraas.com/electric_cars?_=1786646200315&button=&listing%5Bbrand_id%5D=&listing%5Bcar_type%5D=1&listing%5Bmaxprice%5D=160000001&listing%5Bminprice%5D=55309&page=47&utf8=%E2%9C%93","https://www.gaaraas.com/fr/vehicle_listings/annonce-hyundai-santa-fe-dakar-dakar-33184","Hyundai Santa Fe","2020","16 500 000","89 000 km","Automatique","Dakar"
"1786653200-1056","https://www.gaaraas.com/electric_cars?_=1786646200315&button=&listing%5Bbrand_id%5D=&listing%5Bcar_type%5D=1&listing%5Bmaxprice%5D=160000001&listing%5Bminprice%5D=55309&page=47&utf8=%E2%9C%93","https://www.gaaraas.com/fr/vehicle_listings/annonce-land-rover-range-rover-sport-dakar-dakar-33185","Land Rover Range Rover Sport","2024","65 000 000","26 000 km","Automatique","Dakar"
"1786653203-1057","https://www.gaaraas.com/electric_cars?_=1786646200315&button=&listing%5Bbrand_id%5D=&listing%5Bcar_type%5D=1&listing%5Bmaxprice%5D=160000001&listing%5Bminprice%5D=55309&page=47&utf8=%E2%9C%93","https://www.gaaraas.com/fr/vehicle_listings/annonce-toyota-highlander-dakar-dakar-33186","Toyota Highlander","2017","11 000 000","98 000 km","Automatique","Dakar"
"1786653205-1058","https://www.gaaraas.com/electric_cars?_=1786646200315&button=&listing%5Bbrand_id%5D=&listing%5Bcar_type%5D=1&listing%5Bmaxprice%5D=160000001&listing%5Bminprice%5D=55309&page=47&utf8=%E2%9C%93","https://www.gaaraas.com/fr/vehicle_listings/annonce-toyota-corolla-dakar-dakar-33188","Toyota Corolla","2023","2 230 000","12 000 km","Automatique","Dakar"
"1786653209-1059","https://www.gaaraas.com/electric_cars?_=1786646200315&button=&listing%5Bbrand_id%5D=&listing%5Bcar_type%5D=1&listing%5Bmaxprice%5D=160000001&listing%5Bminprice%5D=55309&page=47&utf8=%E2%9C%93","https://www.gaaraas.com/fr/vehicle_listings/annonce-toyota-land-cruiser-prado-dakar-dakar-33189","Toyota Land Cruiser Prado","2023","4 500 000","16 000 km","Automatique","Dakar"
"1786653211-1060","https://www.gaaraas.com/electric_cars?_=1786646200315&button=&listing%5Bbrand_id%5D=&listing%5Bcar_type%5D=1&listing%5Bmaxprice%5D=160000001&listing%5Bminprice%5D=55309&page=47&utf8=%E2%9C%93","https://www.gaaraas.com/fr/vehicle_listings/annonce-lexus-lx-dakar-dakar-33190","Lexus LX","2022","","25 000 km","Automatique","Dakar"
"1786653214-1061","https://www.gaaraas.com/electric_cars?_=1786646200315&button=&listing%5Bbrand_id%5D=&listing%5Bcar_type%5D=1&listing%5Bmaxprice%5D=160000001&listing%5Bminprice%5D=55309&page=47&utf8=%E2%9C%93","https://www.gaaraas.com/fr/vehicle_listings/annonce-peugeot-308-region-de-thies-thies-33191","Peugeot 308","2016","","0 km","Manuelle","Thiès"
"1786653218-1062","https://www.gaaraas.com/electric_cars?_=1786646200315&button=&listing%5Bbrand_id%5D=&listing%5Bcar_type%5D=1&listing%5Bmaxprice%5D=160000001&listing%5Bminprice%5D=55309&page=47&utf8=%E2%9C%93","https://www.gaaraas.com/fr/vehicle_listings/annonce-suzuki-baleno-dakar-dakar-33192","Suzuki Baleno","2020","4 700 000","164 800 km","Manuelle","Dakar"
"1786653221-1063","https://www.gaaraas.com/electric_cars?_=1786646200315&button=&listing%5Bbrand_id%5D=&listing%5Bcar_type%5D=1&listing%5Bmaxprice%5D=160000001&listing%5Bminprice%5D=55309&page=47&utf8=%E2%9C%93","https://www.gaaraas.com/fr/vehicle_listings/annonce-toyota-c-hr-dakar-dakar-33193","Toyota C-HR","2023","2 255 000","16 000 km","Automatique","Dakar"
"1786653224-1064","https://www.gaaraas.com/electric_cars?_=1786646200315&button=&listing%5Bbrand_id%5D=&listing%5Bcar_type%5D=1&listing%5Bmaxprice%5D=160000001&listing%5Bminprice%5D=55309&page=47&utf8=%E2%9C%93","https://www.gaaraas.com/fr/vehicle_listings/annonce-hyundai-elantra-dakar-dakar-33194","Hyundai Elantra","2018","4 600 000","102 000 km","Automatique","Dakar"
"1786653227-1065","https://www.gaaraas.com/electric_cars?_=1786646200315&button=&listing%5Bbrand_id%5D=&listing%5Bcar_type%5D=1&listing%5Bmaxprice%5D=160000001&listing%5Bminprice%5D=55309&page=47&utf8=%E2%9C%93","https://www.gaaraas.com/fr/vehicle_listings/annonce-toyota-aqua-dakar-dakar-33195","Toyota Aqua","2023","","24 000 km","Automatique","Dakar"
"1786653230-1066","https://www.gaaraas.com/electric_cars?_=1786646200315&button=&listing%5Bbrand_id%5D=&listing%5Bcar_type%5D=1&listing%5Bmaxprice%5D=160000001&listing%5Bminprice%5D=55309&page=47&utf8=%E2%9C%93","https://www.gaaraas.com/fr/vehicle_listings/annonce-hyundai-santa-fe-dakar-dakar-33196","Hyundai Santa Fe","2015","","200 000 km","Automatique","Dakar"
"1786653233-1067","https://www.gaaraas.com/electric_cars?_=1786646200315&button=&listing%5Bbrand_id%5D=&listing%5Bcar_type%5D=1&listing%5Bmaxprice%5D=160000001&listing%5Bminprice%5D=55309&page=47&utf8=%E2%9C%93","https://www.gaaraas.com/fr/vehicle_listings/annonce-ford-escape-diourbel-touba-33197","Ford Escape","Red","8 500 000","2017","Automatique","Touba"
"1786653239-1068","https://www.gaaraas.com/electric_cars?_=1786646200315&button=&listing%5Bbrand_id%5D=&listing%5Bcar_type%5D=1&listing%5Bmaxprice%5D=160000001&listing%5Bminprice%5D=55309&page=47&utf8=%E2%9C%93","https://www.gaaraas.com/fr/vehicle_listings/annonce-ford-escape-dakar-dakar-33198","Ford Escape","2015","4 700 000","102 000 km","Automatique","Dakar"
"1786653250-1069","https://www.gaaraas.com/electric_cars?_=1786646200315&button=&listing%5Bbrand_id%5D=&listing%5Bcar_type%5D=1&listing%5Bmaxprice%5D=160000001&listing%5Bminprice%5D=55309&page=46&utf8=%E2%9C%93","https://www.gaaraas.com/fr/vehicle_listings/annonce-renault-samsung-qm6-dakar-dakar-33199","Renault Samsung QM6","2018","8 700 000","78 000 km","Automatique","Dakar"
"1786653252-1070","https://www.gaaraas.com/electric_cars?_=1786646200315&button=&listing%5Bbrand_id%5D=&listing%5Bcar_type%5D=1&listing%5Bmaxprice%5D=160000001&listing%5Bminprice%5D=55309&page=46&utf8=%E2%9C%93","https://www.gaaraas.com/fr/vehicle_listings/annonce-toyota-land-cruiser-dakar-dakar-33200","Toyota Land Cruiser","2023","6 800 000","22 000 km","Automatique","Dakar"
"1786653256-1071","https://www.gaaraas.com/electric_cars?_=1786646200315&button=&listing%5Bbrand_id%5D=&listing%5Bcar_type%5D=1&listing%5Bmaxprice%5D=160000001&listing%5Bminprice%5D=55309&page=46&utf8=%E2%9C%93","https://www.gaaraas.com/fr/vehicle_listings/annonce-renault-symbol-dakar-dakar-33202","Renault Symbol","2016","","0 km","Automatique","Dakar"
"1786653259-1072","https://www.gaaraas.com/electric_cars?_=1786646200315&button=&listing%5Bbrand_id%5D=&listing%5Bcar_type%5D=1&listing%5Bmaxprice%5D=160000001&listing%5Bminprice%5D=55309&page=46&utf8=%E2%9C%93","https://www.gaaraas.com/fr/vehicle_listings/annonce-lexus-lx-dakar-dakar-33203","Lexus LX","2023","11 290 000","14 000 km","Automatique","Dakar"
"1786653262-1073","https://www.gaaraas.com/electric_cars?_=1786646200315&button=&listing%5Bbrand_id%5D=&listing%5Bcar_type%5D=1&listing%5Bmaxprice%5D=160000001&listing%5Bminprice%5D=55309&page=46&utf8=%E2%9C%93","https://www.gaaraas.com/fr/vehicle_listings/annonce-gmc-acadia-saint-louis-saint-louis-33204","GMC Acadia","Beige","13 000 000","2018","Automatique","Saint–Louis"
"1786653265-1074","https://www.gaaraas.com/electric_cars?_=1786646200315&button=&listing%5Bbrand_id%5D=&listing%5Bcar_type%5D=1&listing%5Bmaxprice%5D=160000001&listing%5Bminprice%5D=55309&page=46&utf8=%E2%9C%93","https://www.gaaraas.com/fr/vehicle_listings/annonce-mazda-cx-5-dakar-dakar-33205","Mazda CX-5","2018","10 500 000","70 000 km","Automatique","Dakar"
"1786653268-1075","https://www.gaaraas.com/electric_cars?_=1786646200315&button=&listing%5Bbrand_id%5D=&listing%5Bcar_type%5D=1&listing%5Bmaxprice%5D=160000001&listing%5Bminprice%5D=55309&page=46&utf8=%E2%9C%93","https://www.gaaraas.com/fr/vehicle_listings/annonce-mercedes-benz-glc-coupe-dakar-dakar-33206","Mercedes‒Benz GLC Coupe","2019","26 500 000","60 000 km","Automatique","Dakar"
"1786653272-1076","https://www.gaaraas.com/electric_cars?_=1786646200315&button=&listing%5Bbrand_id%5D=&listing%5Bcar_type%5D=1&listing%5Bmaxprice%5D=160000001&listing%5Bminprice%5D=55309&page=46&utf8=%E2%9C%93","https://www.gaaraas.com/fr/vehicle_listings/annonce-toyota-land-cruiser-prado-dakar-dakar-33207","Toyota Land Cruiser Prado","2020","39 999 999","85 000 km","Automatique","Dakar"
"1786653277-1077","https://www.gaaraas.com/electric_cars?_=1786646200315&button=&listing%5Bbrand_id%5D=&listing%5Bcar_type%5D=1&listing%5Bmaxprice%5D=160000001&listing%5Bminprice%5D=55309&page=46&utf8=%E2%9C%93","https://www.gaaraas.com/fr/vehicle_listings/annonce-peugeot-308-dakar-dakar-33208","Peugeot 308","2013","3 900 000","125 000 km","Manuelle","Dakar"
"1786653280-1078","https://www.gaaraas.com/electric_cars?_=1786646200315&button=&listing%5Bbrand_id%5D=&listing%5Bcar_type%5D=1&listing%5Bmaxprice%5D=160000001&listing%5Bminprice%5D=55309&page=46&utf8=%E2%9C%93","https://www.gaaraas.com/fr/vehicle_listings/annonce-hyundai-tucson-dakar-dakar-33209","Hyundai Tucson","2013","","197 000 km","Automatique","Dakar"
"1786653283-1079","https://www.gaaraas.com/electric_cars?_=1786646200315&button=&listing%5Bbrand_id%5D=&listing%5Bcar_type%5D=1&listing%5Bmaxprice%5D=160000001&listing%5Bminprice%5D=55309&page=46&utf8=%E2%9C%93","https://www.gaaraas.com/fr/vehicle_listings/annonce-volkswagen-golf-dakar-dakar-33210","Volkswagen Golf","2015","11 000 000","130 000 km","Automatique","Dakar"
"1786653286-1080","https://www.gaaraas.com/electric_cars?_=1786646200315&button=&listing%5Bbrand_id%5D=&listing%5Bcar_type%5D=1&listing%5Bmaxprice%5D=160000001&listing%5Bminprice%5D=55309&page=46&utf8=%E2%9C%93","https://www.gaaraas.com/fr/vehicle_listings/annonce-ford-focus-dakar-dakar-33211","Ford Focus","2013","","232 000 km","Automatique","Dakar"
"1786653289-1081","https://www.gaaraas.com/electric_cars?_=1786646200315&button=&listing%5Bbrand_id%5D=&listing%5Bcar_type%5D=1&listing%5Bmaxprice%5D=160000001&listing%5Bminprice%5D=55309&page=46&utf8=%E2%9C%93","https://www.gaaraas.com/fr/vehicle_listings/annonce-renault-scenic-iii-dakar-dakar-33212","Renault Scénic III","2013","2 500 000","150 000 km","Manuelle","Dakar"
"1786653292-1082","https://www.gaaraas.com/electric_cars?_=1786646200315&button=&listing%5Bbrand_id%5D=&listing%5Bcar_type%5D=1&listing%5Bmaxprice%5D=160000001&listing%5Bminprice%5D=55309&page=46&utf8=%E2%9C%93","https://www.gaaraas.com/fr/vehicle_listings/annonce-honda-cr-v-dakar-dakar-33214","Honda CR–V","2022","3 390 000","25 000 km","Automatique","Dakar"
"1786653295-1083","https://www.gaaraas.com/electric_cars?_=1786646200315&button=&listing%5Bbrand_id%5D=&listing%5Bcar_type%5D=1&listing%5Bmaxprice%5D=160000001&listing%5Bminprice%5D=55309&page=46&utf8=%E2%9C%93","https://www.gaaraas.com/fr/vehicle_listings/annonce-peugeot-3008-dakar-dakar-33215","Peugeot 3008","2016","6 000 000","100 000 km","Automatique","Dakar"
"1786653310-1084","https://www.gaaraas.com/electric_cars?_=1786646200315&button=&listing%5Bbrand_id%5D=&listing%5Bcar_type%5D=1&listing%5Bmaxprice%5D=160000001&listing%5Bminprice%5D=55309&page=46&utf8=%E2%9C%93","https://www.gaaraas.com/fr/vehicle_listings/annonce-toyota-land-cruiser-dakar-dakar-33216","Toyota Land Cruiser","2020","3 386 895","13 000 km","Automatique","Dakar"
"1786653326-1085","https://www.gaaraas.com/electric_cars?_=1786646200315&button=&listing%5Bbrand_id%5D=&listing%5Bcar_type%5D=1&listing%5Bmaxprice%5D=160000001&listing%5Bminprice%5D=55309&page=46&utf8=%E2%9C%93","https://www.gaaraas.com/fr/vehicle_listings/annonce-toyota-land-cruiser-fatick-guinguineo-33217","Toyota Land Cruiser","2018","3 386 895","10 528 km","Manuelle","Guinguineo"
"1786653330-1086","https://www.gaaraas.com/electric_cars?_=1786646200315&button=&listing%5Bbrand_id%5D=&listing%5Bcar_type%5D=1&listing%5Bmaxprice%5D=160000001&listing%5Bminprice%5D=55309&page=46&utf8=%E2%9C%93","https://www.gaaraas.com/fr/vehicle_listings/annonce-hyundai-veloster-dakar-dakar-33219","Hyundai Veloster","2013","","147 000 km","Automatique","Dakar"
"1786653334-1087","https://www.gaaraas.com/electric_cars?_=1786646200315&button=&listing%5Bbrand_id%5D=&listing%5Bcar_type%5D=1&listing%5Bmaxprice%5D=160000001&listing%5Bminprice%5D=55309&page=46&utf8=%E2%9C%93","https://www.gaaraas.com/fr/vehicle_listings/annonce-hyundai-veloster-dakar-dakar-33220","Hyundai Veloster","2013","","147 000 km","Automatique","Dakar"
"1786653358-1088","https://www.gaaraas.com/electric_cars?_=1786646200315&button=&listing%5Bbrand_id%5D=&listing%5Bcar_type%5D=1&listing%5Bmaxprice%5D=160000001&listing%5Bminprice%5D=55309&page=46&utf8=%E2%9C%93","https://www.gaaraas.com/fr/vehicle_listings/annonce-ford-ranger-dakar-dakar-33221","Ford Ranger","2022","3 950 000","27 000 km","Automatique","Dakar"
"1786653374-1089","https://www.gaaraas.com/electric_cars?_=1786646200315&button=&listing%5Bbrand_id%5D=&listing%5Bcar_type%5D=1&listing%5Bmaxprice%5D=160000001&listing%5Bminprice%5D=55309&page=45&utf8=%E2%9C%93","https://www.gaaraas.com/fr/vehicle_listings/annonce-mazda-cx-9-dakar-dakar-33222","Mazda CX-9","2023","10 500 000","132 000 km","Automatique","Dakar"
"1786653383-1090","https://www.gaaraas.com/electric_cars?_=1786646200315&button=&listing%5Bbrand_id%5D=&listing%5Bcar_type%5D=1&listing%5Bmaxprice%5D=160000001&listing%5Bminprice%5D=55309&page=45&utf8=%E2%9C%93","https://www.gaaraas.com/fr/vehicle_listings/annonce-citroen-c-elysee-dakar-dakar-33223","Citroen C-elysée","2019","4 500 000","98 200 km","Manuelle","Dakar"
"1786653394-1091","https://www.gaaraas.com/electric_cars?_=1786646200315&button=&listing%5Bbrand_id%5D=&listing%5Bcar_type%5D=1&listing%5Bmaxprice%5D=160000001&listing%5Bminprice%5D=55309&page=45&utf8=%E2%9C%93","https://www.gaaraas.com/fr/vehicle_listings/annonce-lexus-gx-dakar-dakar-33224","Lexus GX","2024","5 088 345","13 000 km","Automatique","Dakar"
"1786653401-1092","https://www.gaaraas.com/electric_cars?_=1786646200315&button=&listing%5Bbrand_id%5D=&listing%5Bcar_type%5D=1&listing%5Bmaxprice%5D=160000001&listing%5Bminprice%5D=55309&page=45&utf8=%E2%9C%93","https://www.gaaraas.com/fr/vehicle_listings/annonce-ford-focus-dakar-dakar-33225","Ford Focus","2010","1 800 000","203 582 km","Automatique","Dakar"
"1786653407-1093","https://www.gaaraas.com/electric_cars?_=1786646200315&button=&listing%5Bbrand_id%5D=&listing%5Bcar_type%5D=1&listing%5Bmaxprice%5D=160000001&listing%5Bminprice%5D=55309&page=45&utf8=%E2%9C%93","https://www.gaaraas.com/fr/vehicle_listings/annonce-ford-escape-dakar-damniadio-33226","Ford Escape","2014","","256 915 km","Automatique","Damniadio"
"1786653411-1094","https://www.gaaraas.com/electric_cars?_=1786646200315&button=&listing%5Bbrand_id%5D=&listing%5Bcar_type%5D=1&listing%5Bmaxprice%5D=160000001&listing%5Bminprice%5D=55309&page=45&utf8=%E2%9C%93","https://www.gaaraas.com/fr/vehicle_listings/annonce-ford-fusion-dakar-dakar-33227","Ford Fusion","2015","","157 235 km","Automatique","Dakar"
"1786653416-1095","https://www.gaaraas.com/electric_cars?_=1786646200315&button=&listing%5Bbrand_id%5D=&listing%5Bcar_type%5D=1&listing%5Bmaxprice%5D=160000001&listing%5Bminprice%5D=55309&page=45&utf8=%E2%9C%93","https://www.gaaraas.com/fr/vehicle_listings/annonce-hyundai-tucson-dakar-dakar-33229","Hyundai Tucson","2023","2 850 000","29 000 km","Automatique","Dakar"
"1786653422-1096","https://www.gaaraas.com/electric_cars?_=1786646200315&button=&listing%5Bbrand_id%5D=&listing%5Bcar_type%5D=1&listing%5Bmaxprice%5D=160000001&listing%5Bminprice%5D=55309&page=45&utf8=%E2%9C%93","https://www.gaaraas.com/fr/vehicle_listings/annonce-toyota-camry-dakar-dakar-33231","Toyota Camry","2024","3 435 000","16 000 km","Automatique","Dakar"
"1786653430-1097","https://www.gaaraas.com/electric_cars?_=1786646200315&button=&listing%5Bbrand_id%5D=&listing%5Bcar_type%5D=1&listing%5Bmaxprice%5D=160000001&listing%5Bminprice%5D=55309&page=45&utf8=%E2%9C%93","https://www.gaaraas.com/fr/vehicle_listings/annonce-chevrolet-cruze-dakar-dakar-33233","Chevrolet Cruze","2014","","50 000 km","Automatique","Dakar"
"1786653437-1098","https://www.gaaraas.com/electric_cars?_=1786646200315&button=&listing%5Bbrand_id%5D=&listing%5Bcar_type%5D=1&listing%5Bmaxprice%5D=160000001&listing%5Bminprice%5D=55309&page=45&utf8=%E2%9C%93","https://www.gaaraas.com/fr/vehicle_listings/annonce-renault-symbol-dakar-dakar-33234","Renault Symbol","2015","3 500 000","114 000 km","Manuelle","Dakar"
"1786653444-1099","https://www.gaaraas.com/electric_cars?_=1786646200315&button=&listing%5Bbrand_id%5D=&listing%5Bcar_type%5D=1&listing%5Bmaxprice%5D=160000001&listing%5Bminprice%5D=55309&page=45&utf8=%E2%9C%93","https://www.gaaraas.com/fr/vehicle_listings/annonce-toyota-yaris-dakar-dakar-33236","Toyota Yaris","2023","2 570 000","41 000 km","Automatique","Dakar"
"1786653455-1100","https://www.gaaraas.com/electric_cars?_=1786646200315&button=&listing%5Bbrand_id%5D=&listing%5Bcar_type%5D=1&listing%5Bmaxprice%5D=160000001&listing%5Bminprice%5D=55309&page=45&utf8=%E2%9C%93","https://www.gaaraas.com/fr/vehicle_listings/annonce-ford-focus-dakar-dakar-33237","Ford Focus","2013","","232 000 km","Manuelle","Dakar"
"1786653464-1101","https://www.gaaraas.com/electric_cars?_=1786646200315&button=&listing%5Bbrand_id%5D=&listing%5Bcar_type%5D=1&listing%5Bmaxprice%5D=160000001&listing%5Bminprice%5D=55309&page=45&utf8=%E2%9C%93","https://www.gaaraas.com/fr/vehicle_listings/annonce-bmw-x4-dakar-dakar-33238","BMW X4","2020","24 000 000","89 000 km","Automatique","Dakar"
"1786653474-1102","https://www.gaaraas.com/electric_cars?_=1786646200315&button=&listing%5Bbrand_id%5D=&listing%5Bcar_type%5D=1&listing%5Bmaxprice%5D=160000001&listing%5Bminprice%5D=55309&page=45&utf8=%E2%9C%93","https://www.gaaraas.com/fr/vehicle_listings/annonce-peugeot-3008-dakar-dakar-33239","Peugeot 3008","2018","13 500 000","98 000 km","Automatique","Dakar"
"1786653515-1103","https://www.gaaraas.com/electric_cars?_=1786646200315&button=&listing%5Bbrand_id%5D=&listing%5Bcar_type%5D=1&listing%5Bmaxprice%5D=160000001&listing%5Bminprice%5D=55309&page=45&utf8=%E2%9C%93","https://www.gaaraas.com/fr/vehicle_listings/annonce-kia-k7-dakar-dakar-33240","Kia K7","2018","9 000 000","79 000 km","Automatique","Dakar"
"1786653527-1104","https://www.gaaraas.com/electric_cars?_=1786646200315&button=&listing%5Bbrand_id%5D=&listing%5Bcar_type%5D=1&listing%5Bmaxprice%5D=160000001&listing%5Bminprice%5D=55309&page=45&utf8=%E2%9C%93","https://www.gaaraas.com/fr/vehicle_listings/annonce-renault-duster-dakar-dakar-33241","Renault Duster","2021","","111 000 km","Automatique","Dakar"
"1786653532-1105","https://www.gaaraas.com/electric_cars?_=1786646200315&button=&listing%5Bbrand_id%5D=&listing%5Bcar_type%5D=1&listing%5Bmaxprice%5D=160000001&listing%5Bminprice%5D=55309&page=45&utf8=%E2%9C%93","https://www.gaaraas.com/fr/vehicle_listings/annonce-kia-forte-dakar-dakar-33242","Kia Forte","White","","2016","Automatique","Dakar"
"1786653538-1106","https://www.gaaraas.com/electric_cars?_=1786646200315&button=&listing%5Bbrand_id%5D=&listing%5Bcar_type%5D=1&listing%5Bmaxprice%5D=160000001&listing%5Bminprice%5D=55309&page=45&utf8=%E2%9C%93","https://www.gaaraas.com/fr/vehicle_listings/annonce-toyota-rav4-dakar-dakar-33243","Toyota RAV4","2023","5 100 000","21 112 km","Automatique","Dakar"
"1786653544-1107","https://www.gaaraas.com/electric_cars?_=1786646200315&button=&listing%5Bbrand_id%5D=&listing%5Bcar_type%5D=1&listing%5Bmaxprice%5D=160000001&listing%5Bminprice%5D=55309&page=45&utf8=%E2%9C%93","https://www.gaaraas.com/fr/vehicle_listings/annonce-bmw-x5-dakar-dakar-33244","BMW X5","2008","","65 000 km","Automatique","Dakar"
"1786653578-1108","https://www.gaaraas.com/electric_cars?_=1786646200315&button=&listing%5Bbrand_id%5D=&listing%5Bcar_type%5D=1&listing%5Bmaxprice%5D=160000001&listing%5Bminprice%5D=55309&page=45&utf8=%E2%9C%93","https://www.gaaraas.com/fr/vehicle_listings/annonce-toyota-rav-4-dakar-dakar-33245","Toyota Rav 4","2015","","100 000 km","Automatique","Dakar"
"1786653636-1109","https://www.gaaraas.com/electric_cars?_=1786646200315&button=&listing%5Bbrand_id%5D=&listing%5Bcar_type%5D=1&listing%5Bmaxprice%5D=160000001&listing%5Bminprice%5D=55309&page=44&utf8=%E2%9C%93","https://www.gaaraas.com/fr/vehicle_listings/annonce-citroen-c4-diourbel-diourbel-33246","Citroen C4","2014","","142 431 km","Manuelle","Diourbel"
"1786653658-1110","https://www.gaaraas.com/electric_cars?_=1786646200315&button=&listing%5Bbrand_id%5D=&listing%5Bcar_type%5D=1&listing%5Bmaxprice%5D=160000001&listing%5Bminprice%5D=55309&page=44&utf8=%E2%9C%93","https://www.gaaraas.com/fr/vehicle_listings/annonce-byd-seagull-dakar-dakar-33248","BYD Seagull","White","2 839 000","2025","Automatique","Dakar"
"1786653696-1111","https://www.gaaraas.com/electric_cars?_=1786646200315&button=&listing%5Bbrand_id%5D=&listing%5Bcar_type%5D=1&listing%5Bmaxprice%5D=160000001&listing%5Bminprice%5D=55309&page=44&utf8=%E2%9C%93","https://www.gaaraas.com/fr/vehicle_listings/annonce-peugeot-2008-dakar-dakar-33250","Peugeot 2008","Rouge","","2016","Automatique","Dakar"
"1786653728-1112","https://www.gaaraas.com/electric_cars?_=1786646200315&button=&listing%5Bbrand_id%5D=&listing%5Bcar_type%5D=1&listing%5Bmaxprice%5D=160000001&listing%5Bminprice%5D=55309&page=44&utf8=%E2%9C%93","https://www.gaaraas.com/fr/vehicle_listings/annonce-mazda-cx-9-dakar-dakar-33251","Mazda CX-9","Gris","13 000 000","2018","Automatique","Dakar"
"1786653773-1113","https://www.gaaraas.com/electric_cars?_=1786646200315&button=&listing%5Bbrand_id%5D=&listing%5Bcar_type%5D=1&listing%5Bmaxprice%5D=160000001&listing%5Bminprice%5D=55309&page=44&utf8=%E2%9C%93","https://www.gaaraas.com/fr/vehicle_listings/annonce-toyota-hilux-dakar-dakar-33252","Toyota Hilux","Noir","15 000 000","2017","Automatique","Dakar"
"1786653826-1114","https://www.gaaraas.com/electric_cars?_=1786646200315&button=&listing%5Bbrand_id%5D=&listing%5Bcar_type%5D=1&listing%5Bmaxprice%5D=160000001&listing%5Bminprice%5D=55309&page=44&utf8=%E2%9C%93","https://www.gaaraas.com/fr/vehicle_listings/annonce-peugeot-2008-dakar-dakar-33253","Peugeot 2008","Bleu","6 500 000","2017","Manuelle","Dakar"
"1786653858-1115","https://www.gaaraas.com/electric_cars?_=1786646200315&button=&listing%5Bbrand_id%5D=&listing%5Bcar_type%5D=1&listing%5Bmaxprice%5D=160000001&listing%5Bminprice%5D=55309&page=44&utf8=%E2%9C%93","https://www.gaaraas.com/fr/vehicle_listings/annonce-nissan-rogue-dakar-dakar-33254","Nissan Rogue","Noir","6 950 000","2016","Automatique","Dakar"
"1786653898-1116","https://www.gaaraas.com/electric_cars?_=1786646200315&button=&listing%5Bbrand_id%5D=&listing%5Bcar_type%5D=1&listing%5Bmaxprice%5D=160000001&listing%5Bminprice%5D=55309&page=44&utf8=%E2%9C%93","https://www.gaaraas.com/fr/vehicle_listings/annonce-mazda-cx-9-dakar-dakar-33255","Mazda CX-9","2018","11 500 000","67 540 km","Automatique","Dakar"
"1786653927-1117","https://www.gaaraas.com/electric_cars?_=1786646200315&button=&listing%5Bbrand_id%5D=&listing%5Bcar_type%5D=1&listing%5Bmaxprice%5D=160000001&listing%5Bminprice%5D=55309&page=44&utf8=%E2%9C%93","https://www.gaaraas.com/fr/vehicle_listings/annonce-peugeot-4008-dakar-dakar-33256","Peugeot 4008","Rouge","9 200 000","2018","Automatique","Dakar"
"1786653958-1118","https://www.gaaraas.com/electric_cars?_=1786646200315&button=&listing%5Bbrand_id%5D=&listing%5Bcar_type%5D=1&listing%5Bmaxprice%5D=160000001&listing%5Bminprice%5D=55309&page=44&utf8=%E2%9C%93","https://www.gaaraas.com/fr/vehicle_listings/annonce-peugeot-308-gti-dakar-dakar-33257","Peugeot 308 GTi","Bleu","","2017","Automatique","Dakar"
"1786653979-1119","https://www.gaaraas.com/electric_cars?_=1786646200315&button=&listing%5Bbrand_id%5D=&listing%5Bcar_type%5D=1&listing%5Bmaxprice%5D=160000001&listing%5Bminprice%5D=55309&page=44&utf8=%E2%9C%93","https://www.gaaraas.com/fr/vehicle_listings/annonce-toyota-hilux-dakar-dakar-33258","Toyota Hilux","2024","5 100 000","35 000 km","Automatique","Dakar"
"1786654005-1120","https://www.gaaraas.com/electric_cars?_=1786646200315&button=&listing%5Bbrand_id%5D=&listing%5Bcar_type%5D=1&listing%5Bmaxprice%5D=160000001&listing%5Bminprice%5D=55309&page=44&utf8=%E2%9C%93","https://www.gaaraas.com/fr/vehicle_listings/annonce-peugeot-3008-dakar-dakar-33259","Peugeot 3008","2016","7 300 000","142 000 km","Automatique","Dakar"
"1786654042-1121","https://www.gaaraas.com/electric_cars?_=1786646200315&button=&listing%5Bbrand_id%5D=&listing%5Bcar_type%5D=1&listing%5Bmaxprice%5D=160000001&listing%5Bminprice%5D=55309&page=44&utf8=%E2%9C%93","https://www.gaaraas.com/fr/vehicle_listings/annonce-range-rover-range-rover-dakar-dakar-33260","Range Rover Range Rover","2020","17 800 000","71 000 km","Automatique","Dakar"
"1786654075-1122","https://www.gaaraas.com/electric_cars?_=1786646200315&button=&listing%5Bbrand_id%5D=&listing%5Bcar_type%5D=1&listing%5Bmaxprice%5D=160000001&listing%5Bminprice%5D=55309&page=44&utf8=%E2%9C%93","https://www.gaaraas.com/fr/vehicle_listings/annonce-hyundai-tucson-dakar-dakar-33261","Hyundai Tucson","2017","9 800 000","120 000 km","Automatique","Dakar"
"1786654097-1123","https://www.gaaraas.com/electric_cars?_=1786646200315&button=&listing%5Bbrand_id%5D=&listing%5Bcar_type%5D=1&listing%5Bmaxprice%5D=160000001&listing%5Bminprice%5D=55309&page=44&utf8=%E2%9C%93","https://www.gaaraas.com/fr/vehicle_listings/annonce-mercedes-benz-gle-dakar-dakar-33262","Mercedes‒Benz GLE","2018","25 000 000","50 000 km","Automatique","Dakar"
"1786654117-1124","https://www.gaaraas.com/electric_cars?_=1786646200315&button=&listing%5Bbrand_id%5D=&listing%5Bcar_type%5D=1&listing%5Bmaxprice%5D=160000001&listing%5Bminprice%5D=55309&page=44&utf8=%E2%9C%93","https://www.gaaraas.com/fr/vehicle_listings/annonce-toyota-rav4-dakar-dakar-33263","Toyota RAV4","2021","21 000 000","40 000 km","Automatique","Dakar"
"1786654159-1125","https://www.gaaraas.com/electric_cars?_=1786646200315&button=&listing%5Bbrand_id%5D=&listing%5Bcar_type%5D=1&listing%5Bmaxprice%5D=160000001&listing%5Bminprice%5D=55309&page=44&utf8=%E2%9C%93","https://www.gaaraas.com/fr/vehicle_listings/annonce-land-rover-range-rover-sport-dakar-dakar-33264","Land Rover Range Rover Sport","2017","19 550 000","99 000 km","Automatique","Dakar"
"1786654195-1126","https://www.gaaraas.com/electric_cars?_=1786646200315&button=&listing%5Bbrand_id%5D=&listing%5Bcar_type%5D=1&listing%5Bmaxprice%5D=160000001&listing%5Bminprice%5D=55309&page=44&utf8=%E2%9C%93","https://www.gaaraas.com/fr/vehicle_listings/annonce-bmw-x1-dakar-dakar-33266","BMW X1","2021","17 000 000","230 000 km","Automatique","Dakar"
"1786654228-1127","https://www.gaaraas.com/electric_cars?_=1786646200315&button=&listing%5Bbrand_id%5D=&listing%5Bcar_type%5D=1&listing%5Bmaxprice%5D=160000001&listing%5Bminprice%5D=55309&page=44&utf8=%E2%9C%93","https://www.gaaraas.com/fr/vehicle_listings/annonce-toyota-rav4-dakar-dakar-33267","Toyota RAV4","2016","","110 000 km","Automatique","Dakar"
"1786654265-1128","https://www.gaaraas.com/electric_cars?_=1786646200315&button=&listing%5Bbrand_id%5D=&listing%5Bcar_type%5D=1&listing%5Bmaxprice%5D=160000001&listing%5Bminprice%5D=55309&page=44&utf8=%E2%9C%93","https://www.gaaraas.com/fr/vehicle_listings/annonce-ford-f150-dakar-dakar-33268","Ford F150","2023","5 120 000","42 000 km","Automatique","Dakar"
"1786654334-1129","https://www.gaaraas.com/electric_cars?_=1786646200315&button=&listing%5Bbrand_id%5D=&listing%5Bcar_type%5D=1&listing%5Bmaxprice%5D=160000001&listing%5Bminprice%5D=55309&page=43&utf8=%E2%9C%93","https://www.gaaraas.com/fr/vehicle_listings/annonce-chevrolet-equinox-dakar-dakar-33269","Chevrolet Equinox","2014","2 350 000","180 000 km","Automatique","Dakar"
"1786654367-1130","https://www.gaaraas.com/electric_cars?_=1786646200315&button=&listing%5Bbrand_id%5D=&listing%5Bcar_type%5D=1&listing%5Bmaxprice%5D=160000001&listing%5Bminprice%5D=55309&page=43&utf8=%E2%9C%93","https://www.gaaraas.com/fr/vehicle_listings/annonce-kia-sportage-dakar-dakar-33270","Kia Sportage","2016","5 450 000","114 000 km","Automatique","Dakar"
"1786654398-1131","https://www.gaaraas.com/electric_cars?_=1786646200315&button=&listing%5Bbrand_id%5D=&listing%5Bcar_type%5D=1&listing%5Bmaxprice%5D=160000001&listing%5Bminprice%5D=55309&page=43&utf8=%E2%9C%93","https://www.gaaraas.com/fr/vehicle_listings/annonce-mitsubishi-outlander-dakar-dakar-33271","Mitsubishi Outlander","2012","","163 000 km","Automatique","Dakar"
"1786654440-1132","https://www.gaaraas.com/electric_cars?_=1786646200315&button=&listing%5Bbrand_id%5D=&listing%5Bcar_type%5D=1&listing%5Bmaxprice%5D=160000001&listing%5Bminprice%5D=55309&page=43&utf8=%E2%9C%93","https://www.gaaraas.com/fr/vehicle_listings/annonce-nissan-rogue-dakar-dakar-33273","Nissan Rogue","2016","","97 345 km","Automatique","Dakar"
"1786654535-1133","https://www.gaaraas.com/electric_cars?_=1786646200315&button=&listing%5Bbrand_id%5D=&listing%5Bcar_type%5D=1&listing%5Bmaxprice%5D=160000001&listing%5Bminprice%5D=55309&page=43&utf8=%E2%9C%93","https://www.gaaraas.com/fr/vehicle_listings/annonce-chevrolet-malibu-dakar-dakar-33275","Chevrolet Malibu","2016","4 300 000","0 km","Automatique","Dakar"
"1786654554-1134","https://www.gaaraas.com/electric_cars?_=1786646200315&button=&listing%5Bbrand_id%5D=&listing%5Bcar_type%5D=1&listing%5Bmaxprice%5D=160000001&listing%5Bminprice%5D=55309&page=43&utf8=%E2%9C%93","https://www.gaaraas.com/fr/vehicle_listings/annonce-chevrolet-silverado-dakar-dakar-33276","Chevrolet Silverado","2023","5 700 000","33 000 km","Automatique","Dakar"
"1786654567-1135","https://www.gaaraas.com/electric_cars?_=1786646200315&button=&listing%5Bbrand_id%5D=&listing%5Bcar_type%5D=1&listing%5Bmaxprice%5D=160000001&listing%5Bminprice%5D=55309&page=43&utf8=%E2%9C%93","https://www.gaaraas.com/fr/vehicle_listings/annonce-dodge-ram-dakar-dakar-33277","Dodge RAM","2023","4 575 000","34 000 km","Automatique","Dakar"
"1786654573-1136","https://www.gaaraas.com/electric_cars?_=1786646200315&button=&listing%5Bbrand_id%5D=&listing%5Bcar_type%5D=1&listing%5Bmaxprice%5D=160000001&listing%5Bminprice%5D=55309&page=43&utf8=%E2%9C%93","https://www.gaaraas.com/fr/vehicle_listings/annonce-chevlolet-spin-dakar-dakar-33278","Chevlolet Spin","2012","2 200 000","130 000 km","Automatique","Dakar"
"1786654603-1137","https://www.gaaraas.com/electric_cars?_=1786646200315&button=&listing%5Bbrand_id%5D=&listing%5Bcar_type%5D=1&listing%5Bmaxprice%5D=160000001&listing%5Bminprice%5D=55309&page=43&utf8=%E2%9C%93","https://www.gaaraas.com/fr/vehicle_listings/annonce-peugeot-2008-bluehdi-dakar-dakar-33279","Peugeot 2008 bluehdi","2017","7 200 000","105 700 km","Automatique","Dakar"
"1786654626-1138","https://www.gaaraas.com/electric_cars?_=1786646200315&button=&listing%5Bbrand_id%5D=&listing%5Bcar_type%5D=1&listing%5Bmaxprice%5D=160000001&listing%5Bminprice%5D=55309&page=43&utf8=%E2%9C%93","https://www.gaaraas.com/fr/vehicle_listings/annonce-ford-ranger-north-america-dakar-dakar-33280","Ford Ranger (North America)","2019","","43 000 km","Automatique","Dakar"
"1786654657-1139","https://www.gaaraas.com/electric_cars?_=1786646200315&button=&listing%5Bbrand_id%5D=&listing%5Bcar_type%5D=1&listing%5Bmaxprice%5D=160000001&listing%5Bminprice%5D=55309&page=43&utf8=%E2%9C%93","https://www.gaaraas.com/fr/vehicle_listings/annonce-toyota-hiace-dakar-dakar-33281","Toyota Hiace","2023","3 110 000","42 000 km","Automatique","Dakar"
"1786654666-1140","https://www.gaaraas.com/electric_cars?_=1786646200315&button=&listing%5Bbrand_id%5D=&listing%5Bcar_type%5D=1&listing%5Bmaxprice%5D=160000001&listing%5Bminprice%5D=55309&page=43&utf8=%E2%9C%93","https://www.gaaraas.com/fr/vehicle_listings/annonce-suzuki-s-presso-dakar-dakar-33282","Suzuki S-presso","2021","4 000 000","59 610 km","Manuelle","Dakar"
"1786654693-1141","https://www.gaaraas.com/electric_cars?_=1786646200315&button=&listing%5Bbrand_id%5D=&listing%5Bcar_type%5D=1&listing%5Bmaxprice%5D=160000001&listing%5Bminprice%5D=55309&page=43&utf8=%E2%9C%93","https://www.gaaraas.com/fr/vehicle_listings/annonce-ford-escape-dakar-dakar-33283","Ford Escape","2013","","122 000 km","Automatique","Dakar"
"1786654724-1142","https://www.gaaraas.com/electric_cars?_=1786646200315&button=&listing%5Bbrand_id%5D=&listing%5Bcar_type%5D=1&listing%5Bmaxprice%5D=160000001&listing%5Bminprice%5D=55309&page=43&utf8=%E2%9C%93","https://www.gaaraas.com/fr/vehicle_listings/annonce-kia-sportage-dakar-dakar-33284","Kia Sportage","Autre","10 500 000","2019","Automatique","Dakar"
"1786654747-1143","https://www.gaaraas.com/electric_cars?_=1786646200315&button=&listing%5Bbrand_id%5D=&listing%5Bcar_type%5D=1&listing%5Bmaxprice%5D=160000001&listing%5Bminprice%5D=55309&page=43&utf8=%E2%9C%93","https://www.gaaraas.com/fr/vehicle_listings/annonce-toyota-verosa-dakar-dakar-33285","Toyota Verosa","Autre","20 000 000","2011","Manuelle","Dakar"
"1786654775-1144","https://www.gaaraas.com/electric_cars?_=1786646200315&button=&listing%5Bbrand_id%5D=&listing%5Bcar_type%5D=1&listing%5Bmaxprice%5D=160000001&listing%5Bminprice%5D=55309&page=43&utf8=%E2%9C%93","https://www.gaaraas.com/fr/vehicle_listings/annonce-dodge-caravan-dakar-dakar-33286","Dodge Caravan","Autre","2 200 000","2009","Manuelle","Dakar"
"1786654793-1145","https://www.gaaraas.com/electric_cars?_=1786646200315&button=&listing%5Bbrand_id%5D=&listing%5Bcar_type%5D=1&listing%5Bmaxprice%5D=160000001&listing%5Bminprice%5D=55309&page=43&utf8=%E2%9C%93","https://www.gaaraas.com/fr/vehicle_listings/annonce-toyota-4runner-dakar-dakar-33288","Toyota 4Runner","Autre","4 800 000","2012","Manuelle","Dakar"
"1786654796-1146","https://www.gaaraas.com/electric_cars?_=1786646200315&button=&listing%5Bbrand_id%5D=&listing%5Bcar_type%5D=1&listing%5Bmaxprice%5D=160000001&listing%5Bminprice%5D=55309&page=43&utf8=%E2%9C%93","https://www.gaaraas.com/fr/vehicle_listings/annonce-mitsubishi-pajero-pinin-dakar-dakar-33289","Mitsubishi Pajero Pinin","Autre","4 800 000","2013","Manuelle","Dakar"
"1786654800-1147","https://www.gaaraas.com/electric_cars?_=1786646200315&button=&listing%5Bbrand_id%5D=&listing%5Bcar_type%5D=1&listing%5Bmaxprice%5D=160000001&listing%5Bminprice%5D=55309&page=43&utf8=%E2%9C%93","https://www.gaaraas.com/fr/vehicle_listings/annonce-peugeot-108-dakar-dakar-33290","Peugeot 108","Autre","3 500 000","2016","Automatique","Dakar"
"1786654863-1148","https://www.gaaraas.com/electric_cars?_=1786646200315&button=&listing%5Bbrand_id%5D=&listing%5Bcar_type%5D=1&listing%5Bmaxprice%5D=160000001&listing%5Bminprice%5D=55309&page=42&utf8=%E2%9C%93","https://www.gaaraas.com/fr/vehicle_listings/annonce-renault-kangoo-dakar-dakar-33291","Renault Kangoo","2017","4 500 000","2 560 km","Automatique","Dakar"
"1786654883-1149","https://www.gaaraas.com/electric_cars?_=1786646200315&button=&listing%5Bbrand_id%5D=&listing%5Bcar_type%5D=1&listing%5Bmaxprice%5D=160000001&listing%5Bminprice%5D=55309&page=42&utf8=%E2%9C%93","https://www.gaaraas.com/fr/vehicle_listings/annonce-peugeot-208-dakar-dakar-33293","Peugeot 208","2009","2 500 000","2 543 km","Manuelle","Dakar"
"1786654908-1150","https://www.gaaraas.com/electric_cars?_=1786646200315&button=&listing%5Bbrand_id%5D=&listing%5Bcar_type%5D=1&listing%5Bmaxprice%5D=160000001&listing%5Bminprice%5D=55309&page=42&utf8=%E2%9C%93","https://www.gaaraas.com/fr/vehicle_listings/annonce-ford-focus-dakar-dakar-33294","Ford Focus","2015","2 450 000","3 240 km","Manuelle","Dakar"
"1786654939-1151","https://www.gaaraas.com/electric_cars?_=1786646200315&button=&listing%5Bbrand_id%5D=&listing%5Bcar_type%5D=1&listing%5Bmaxprice%5D=160000001&listing%5Bminprice%5D=55309&page=42&utf8=%E2%9C%93","https://www.gaaraas.com/fr/vehicle_listings/annonce-citroen-c3-dakar-dakar-33295","Citroen C3","Autre","2 250 000","2018","Manuelle","Dakar"
"1786654969-1152","https://www.gaaraas.com/electric_cars?_=1786646200315&button=&listing%5Bbrand_id%5D=&listing%5Bcar_type%5D=1&listing%5Bmaxprice%5D=160000001&listing%5Bminprice%5D=55309&page=42&utf8=%E2%9C%93","https://www.gaaraas.com/fr/vehicle_listings/annonce-citroen-c3-dakar-dakar-33296","Citroen C3","Autre","2 850 000","2011","Manuelle","Dakar"
"1786654973-1153","https://www.gaaraas.com/electric_cars?_=1786646200315&button=&listing%5Bbrand_id%5D=&listing%5Bcar_type%5D=1&listing%5Bmaxprice%5D=160000001&listing%5Bminprice%5D=55309&page=42&utf8=%E2%9C%93","https://www.gaaraas.com/fr/vehicle_listings/annonce-chevrolet-trax-dakar-dakar-33298","Chevrolet Trax","2012","3 000 000","3 432 km","Automatique","Dakar"
"1786654976-1154","https://www.gaaraas.com/electric_cars?_=1786646200315&button=&listing%5Bbrand_id%5D=&listing%5Bcar_type%5D=1&listing%5Bmaxprice%5D=160000001&listing%5Bminprice%5D=55309&page=42&utf8=%E2%9C%93","https://www.gaaraas.com/fr/vehicle_listings/annonce-renault-symbol-dakar-dakar-33300","Renault Symbol","2018","","134 000 km","Manuelle","Dakar"
"1786654979-1155","https://www.gaaraas.com/electric_cars?_=1786646200315&button=&listing%5Bbrand_id%5D=&listing%5Bcar_type%5D=1&listing%5Bmaxprice%5D=160000001&listing%5Bminprice%5D=55309&page=42&utf8=%E2%9C%93","https://www.gaaraas.com/fr/vehicle_listings/annonce-nissan-sentra-dakar-dakar-33301","Nissan Sentra","2018","3 950 000","119 000 km","Automatique","Dakar"
"1786654981-1156","https://www.gaaraas.com/electric_cars?_=1786646200315&button=&listing%5Bbrand_id%5D=&listing%5Bcar_type%5D=1&listing%5Bmaxprice%5D=160000001&listing%5Bminprice%5D=55309&page=42&utf8=%E2%9C%93","https://www.gaaraas.com/fr/vehicle_listings/annonce-citroen-c4picasso-dakar-dakar-33302","Citroen C4picasso","2016","4 000 000","150 000 km","Manuelle","Dakar"
"1786654984-1157","https://www.gaaraas.com/electric_cars?_=1786646200315&button=&listing%5Bbrand_id%5D=&listing%5Bcar_type%5D=1&listing%5Bmaxprice%5D=160000001&listing%5Bminprice%5D=55309&page=42&utf8=%E2%9C%93","https://www.gaaraas.com/fr/vehicle_listings/annonce-toyota-corolla-cross-dakar-dakar-33304","Toyota Corolla Cross","2024","3 990 000","15 000 km","Automatique","Dakar"
"1786654987-1158","https://www.gaaraas.com/electric_cars?_=1786646200315&button=&listing%5Bbrand_id%5D=&listing%5Bcar_type%5D=1&listing%5Bmaxprice%5D=160000001&listing%5Bminprice%5D=55309&page=42&utf8=%E2%9C%93","https://www.gaaraas.com/fr/vehicle_listings/annonce-renault-symbole-dakar-dakar-33307","Renault Symbole","2018","4 000 000","100 900 km","Automatique","Dakar"
"1786655013-1159","https://www.gaaraas.com/electric_cars?_=1786646200315&button=&listing%5Bbrand_id%5D=&listing%5Bcar_type%5D=1&listing%5Bmaxprice%5D=160000001&listing%5Bminprice%5D=55309&page=42&utf8=%E2%9C%93","https://www.gaaraas.com/fr/vehicle_listings/annonce-mazda-cx3-dakar-dakar-33308","Mazda Cx3","Rouge","5 400 000","2016","Automatique","Dakar"
"1786655041-1160","https://www.gaaraas.com/electric_cars?_=1786646200315&button=&listing%5Bbrand_id%5D=&listing%5Bcar_type%5D=1&listing%5Bmaxprice%5D=160000001&listing%5Bminprice%5D=55309&page=42&utf8=%E2%9C%93","https://www.gaaraas.com/fr/vehicle_listings/annonce-zotye-t600-dakar-dakar-33309","Zotye T600","2018","","83 000 km","Automatique","Dakar"
"1786655064-1161","https://www.gaaraas.com/electric_cars?_=1786646200315&button=&listing%5Bbrand_id%5D=&listing%5Bcar_type%5D=1&listing%5Bmaxprice%5D=160000001&listing%5Bminprice%5D=55309&page=42&utf8=%E2%9C%93","https://www.gaaraas.com/fr/vehicle_listings/annonce-kia-sportage-dakar-dakar-33310","Kia Sportage","2024","3 372 000","15 000 km","Automatique","Dakar"
"1786655082-1162","https://www.gaaraas.com/electric_cars?_=1786646200315&button=&listing%5Bbrand_id%5D=&listing%5Bcar_type%5D=1&listing%5Bmaxprice%5D=160000001&listing%5Bminprice%5D=55309&page=42&utf8=%E2%9C%93","https://www.gaaraas.com/fr/vehicle_listings/annonce-renault-qm3-dakar-dakar-33311","Renault Qm3","2017","6 800 000","80 800 km","Automatique","Dakar"
"1786655088-1163","https://www.gaaraas.com/electric_cars?_=1786646200315&button=&listing%5Bbrand_id%5D=&listing%5Bcar_type%5D=1&listing%5Bmaxprice%5D=160000001&listing%5Bminprice%5D=55309&page=42&utf8=%E2%9C%93","https://www.gaaraas.com/fr/vehicle_listings/annonce-jaguar-f-pace-dakar-dakar-33314","Jaguar F-Pace","2017","","95 000 km","Automatique","Dakar"
"1786655090-1164","https://www.gaaraas.com/electric_cars?_=1786646200315&button=&listing%5Bbrand_id%5D=&listing%5Bcar_type%5D=1&listing%5Bmaxprice%5D=160000001&listing%5Bminprice%5D=55309&page=42&utf8=%E2%9C%93","https://www.gaaraas.com/fr/vehicle_listings/annonce-renault-qm6-dakar-dakar-33315","Renault Qm6","2018","11 000 000","85 600 km","Automatique","Dakar"
"1786655093-1165","https://www.gaaraas.com/electric_cars?_=1786646200315&button=&listing%5Bbrand_id%5D=&listing%5Bcar_type%5D=1&listing%5Bmaxprice%5D=160000001&listing%5Bminprice%5D=55309&page=42&utf8=%E2%9C%93","https://www.gaaraas.com/fr/vehicle_listings/annonce-toyota-prado-dakar-dakar-33316","Toyota Prado","2006","","287 872 km","Automatique","Dakar"
"1786655096-1166","https://www.gaaraas.com/electric_cars?_=1786646200315&button=&listing%5Bbrand_id%5D=&listing%5Bcar_type%5D=1&listing%5Bmaxprice%5D=160000001&listing%5Bminprice%5D=55309&page=42&utf8=%E2%9C%93","https://www.gaaraas.com/fr/vehicle_listings/annonce-honda-civic-dakar-dakar-33317","Honda Civic","2011","1 500 000","154 000 km","Automatique","Dakar"
"1786655099-1167","https://www.gaaraas.com/electric_cars?_=1786646200315&button=&listing%5Bbrand_id%5D=&listing%5Bcar_type%5D=1&listing%5Bmaxprice%5D=160000001&listing%5Bminprice%5D=55309&page=42&utf8=%E2%9C%93","https://www.gaaraas.com/fr/vehicle_listings/annonce-hyundai-sonata-dakar-dakar-33318","Hyundai Sonata","2013","","100 000 km","Automatique","Dakar"
"1786655105-1168","https://www.gaaraas.com/electric_cars?_=1786646200315&button=&listing%5Bbrand_id%5D=&listing%5Bcar_type%5D=1&listing%5Bmaxprice%5D=160000001&listing%5Bminprice%5D=55309&page=41&utf8=%E2%9C%93","https://www.gaaraas.com/fr/vehicle_listings/annonce-opel-astra-dakar-dakar-33319","Opel Astra","2013","","100 000 km","Manuelle","Dakar"
"1786655112-1169","https://www.gaaraas.com/electric_cars?_=1786646200315&button=&listing%5Bbrand_id%5D=&listing%5Bcar_type%5D=1&listing%5Bmaxprice%5D=160000001&listing%5Bminprice%5D=55309&page=41&utf8=%E2%9C%93","https://www.gaaraas.com/fr/vehicle_listings/annonce-toyota-land-cruiser-dakar-dakar-33320","Toyota Land Cruiser","2024","3 930 000","22 000 km","Automatique","Dakar"
"1786655116-1170","https://www.gaaraas.com/electric_cars?_=1786646200315&button=&listing%5Bbrand_id%5D=&listing%5Bcar_type%5D=1&listing%5Bmaxprice%5D=160000001&listing%5Bminprice%5D=55309&page=41&utf8=%E2%9C%93","https://www.gaaraas.com/fr/vehicle_listings/annonce-ford-explorer-dakar-dakar-33322","Ford Explorer","2016","","80 000 km","Automatique","Dakar"
"1786655119-1171","https://www.gaaraas.com/electric_cars?_=1786646200315&button=&listing%5Bbrand_id%5D=&listing%5Bcar_type%5D=1&listing%5Bmaxprice%5D=160000001&listing%5Bminprice%5D=55309&page=41&utf8=%E2%9C%93","https://www.gaaraas.com/fr/vehicle_listings/annonce-toyota-coaster-dakar-dakar-33323","Toyota Coaster","2022","2 810 000","42 000 km","Automatique","Dakar"
"1786655121-1172","https://www.gaaraas.com/electric_cars?_=1786646200315&button=&listing%5Bbrand_id%5D=&listing%5Bcar_type%5D=1&listing%5Bmaxprice%5D=160000001&listing%5Bminprice%5D=55309&page=41&utf8=%E2%9C%93","https://www.gaaraas.com/fr/vehicle_listings/annonce-hyundai-elantra-dakar-dakar-33324","Hyundai Elantra","2019","5 300 000","85 000 km","Automatique","Dakar"
"1786655124-1173","https://www.gaaraas.com/electric_cars?_=1786646200315&button=&listing%5Bbrand_id%5D=&listing%5Bcar_type%5D=1&listing%5Bmaxprice%5D=160000001&listing%5Bminprice%5D=55309&page=41&utf8=%E2%9C%93","https://www.gaaraas.com/fr/vehicle_listings/annonce-ford-escape-dakar-dakar-33325","Ford Escape","2018","5 200 000","30 000 km","Automatique","Dakar"
"1786655127-1174","https://www.gaaraas.com/electric_cars?_=1786646200315&button=&listing%5Bbrand_id%5D=&listing%5Bcar_type%5D=1&listing%5Bmaxprice%5D=160000001&listing%5Bminprice%5D=55309&page=41&utf8=%E2%9C%93","https://www.gaaraas.com/fr/vehicle_listings/annonce-mazda-cx-5-dakar-dakar-33326","Mazda CX-5","2016","8 300 000","10 000 km","Automatique","Dakar"
"1786655130-1175","https://www.gaaraas.com/electric_cars?_=1786646200315&button=&listing%5Bbrand_id%5D=&listing%5Bcar_type%5D=1&listing%5Bmaxprice%5D=160000001&listing%5Bminprice%5D=55309&page=41&utf8=%E2%9C%93","https://www.gaaraas.com/fr/vehicle_listings/annonce-hyundai-tucson-dakar-dakar-33327","Hyundai Tucson","2016","7 600 000","80 000 km","Automatique","Dakar"
"1786655133-1176","https://www.gaaraas.com/electric_cars?_=1786646200315&button=&listing%5Bbrand_id%5D=&listing%5Bcar_type%5D=1&listing%5Bmaxprice%5D=160000001&listing%5Bminprice%5D=55309&page=41&utf8=%E2%9C%93","https://www.gaaraas.com/fr/vehicle_listings/annonce-renault-15-dakar-dakar-33328","Renault 15","2017","10 500 000","30 000 km","Automatique","Dakar"
"1786655137-1177","https://www.gaaraas.com/electric_cars?_=1786646200315&button=&listing%5Bbrand_id%5D=&listing%5Bcar_type%5D=1&listing%5Bmaxprice%5D=160000001&listing%5Bminprice%5D=55309&page=41&utf8=%E2%9C%93","https://www.gaaraas.com/fr/vehicle_listings/annonce-toyota-prado-dakar-dakar-33329","Toyota Prado","2020","2 900 000","80 000 km","Automatique","Dakar"
"1786655140-1178","https://www.gaaraas.com/electric_cars?_=1786646200315&button=&listing%5Bbrand_id%5D=&listing%5Bcar_type%5D=1&listing%5Bmaxprice%5D=160000001&listing%5Bminprice%5D=55309&page=41&utf8=%E2%9C%93","https://www.gaaraas.com/fr/vehicle_listings/annonce-toyota-hilux-dakar-dakar-33330","Toyota Hilux","2018","24 000 000","100 000 km","Automatique","Dakar"
"1786655143-1179","https://www.gaaraas.com/electric_cars?_=1786646200315&button=&listing%5Bbrand_id%5D=&listing%5Bcar_type%5D=1&listing%5Bmaxprice%5D=160000001&listing%5Bminprice%5D=55309&page=41&utf8=%E2%9C%93","https://www.gaaraas.com/fr/vehicle_listings/annonce-hyundai-elantra-dakar-dakar-33331","Hyundai Elantra","2017","4 800 000","130 000 km","Automatique","Dakar"
"1786655149-1180","https://www.gaaraas.com/electric_cars?_=1786646200315&button=&listing%5Bbrand_id%5D=&listing%5Bcar_type%5D=1&listing%5Bmaxprice%5D=160000001&listing%5Bminprice%5D=55309&page=41&utf8=%E2%9C%93","https://www.gaaraas.com/fr/vehicle_listings/annonce-kia-sorento-dakar-dakar-33332","Kia Sorento","2016","7 850 000","184 589 km","Automatique","Dakar"
"1786655170-1181","https://www.gaaraas.com/electric_cars?_=1786646200315&button=&listing%5Bbrand_id%5D=&listing%5Bcar_type%5D=1&listing%5Bmaxprice%5D=160000001&listing%5Bminprice%5D=55309&page=41&utf8=%E2%9C%93","https://www.gaaraas.com/fr/vehicle_listings/annonce-hyundai-elantra-dakar-dakar-33333","Hyundai Elantra","2019","5 300 000","85 000 km","Automatique","Dakar"
"1786655189-1182","https://www.gaaraas.com/electric_cars?_=1786646200315&button=&listing%5Bbrand_id%5D=&listing%5Bcar_type%5D=1&listing%5Bmaxprice%5D=160000001&listing%5Bminprice%5D=55309&page=41&utf8=%E2%9C%93","https://www.gaaraas.com/fr/vehicle_listings/annonce-toyota-rav-4-dakar-dakar-33334","Toyota Rav 4","2010","5 300 000","123 525 km","Manuelle","Dakar"
"1786655201-1183","https://www.gaaraas.com/electric_cars?_=1786646200315&button=&listing%5Bbrand_id%5D=&listing%5Bcar_type%5D=1&listing%5Bmaxprice%5D=160000001&listing%5Bminprice%5D=55309&page=41&utf8=%E2%9C%93","https://www.gaaraas.com/fr/vehicle_listings/annonce-bmw-x5-dakar-dakar-33336","BMW X5","2013","7 000 000","88 000 km","Automatique","Dakar"
"1786655232-1184","https://www.gaaraas.com/electric_cars?_=1786646200315&button=&listing%5Bbrand_id%5D=&listing%5Bcar_type%5D=1&listing%5Bmaxprice%5D=160000001&listing%5Bminprice%5D=55309&page=41&utf8=%E2%9C%93","https://www.gaaraas.com/fr/vehicle_listings/annonce-ford-fusion-dakar-dakar-33337","Ford Fusion","2016","3 700 000","10 000 km","Automatique","Dakar"
"1786655248-1185","https://www.gaaraas.com/electric_cars?_=1786646200315&button=&listing%5Bbrand_id%5D=&listing%5Bcar_type%5D=1&listing%5Bmaxprice%5D=160000001&listing%5Bminprice%5D=55309&page=41&utf8=%E2%9C%93","https://www.gaaraas.com/fr/vehicle_listings/annonce-toyota-avensis-dakar-dakar-33338","Toyota Avensis","2009","3 500 000","30 000 km","Automatique","Dakar"
"1786655278-1186","https://www.gaaraas.com/electric_cars?_=1786646200315&button=&listing%5Bbrand_id%5D=&listing%5Bcar_type%5D=1&listing%5Bmaxprice%5D=160000001&listing%5Bminprice%5D=55309&page=41&utf8=%E2%9C%93","https://www.gaaraas.com/fr/vehicle_listings/annonce-ford-explorer-dakar-dakar-33339","Ford Explorer","2014","5 900 000","10 000 km","Automatique","Dakar"
"1786655309-1187","https://www.gaaraas.com/electric_cars?_=1786646200315&button=&listing%5Bbrand_id%5D=&listing%5Bcar_type%5D=1&listing%5Bmaxprice%5D=160000001&listing%5Bminprice%5D=55309&page=41&utf8=%E2%9C%93","https://www.gaaraas.com/fr/vehicle_listings/annonce-hyundai-santa-fe-dakar-dakar-33340","Hyundai Santa Fe","2019","12 000 000","114 258 km","Automatique","Dakar"
"1786655355-1188","https://www.gaaraas.com/electric_cars?_=1786646200315&button=&listing%5Bbrand_id%5D=&listing%5Bcar_type%5D=1&listing%5Bmaxprice%5D=160000001&listing%5Bminprice%5D=55309&page=40&utf8=%E2%9C%93","https://www.gaaraas.com/fr/vehicle_listings/annonce-mazda-cx-3-dakar-dakar-33341","Mazda CX-3","2018","6 700 000","184 589 km","Automatique","Dakar"
"1786655363-1189","https://www.gaaraas.com/electric_cars?_=1786646200315&button=&listing%5Bbrand_id%5D=&listing%5Bcar_type%5D=1&listing%5Bmaxprice%5D=160000001&listing%5Bminprice%5D=55309&page=40&utf8=%E2%9C%93","https://www.gaaraas.com/fr/vehicle_listings/annonce-nissan-altima-dakar-dakar-33342","Nissan Altima","2017","5 900 000","88 458 km","Automatique","Dakar"
"1786655366-1190","https://www.gaaraas.com/electric_cars?_=1786646200315&button=&listing%5Bbrand_id%5D=&listing%5Bcar_type%5D=1&listing%5Bmaxprice%5D=160000001&listing%5Bminprice%5D=55309&page=40&utf8=%E2%9C%93","https://www.gaaraas.com/fr/vehicle_listings/annonce-bmw-x3-dakar-dakar-33343","BMW X3","2017","11 800 000","128 589 km","Automatique","Dakar"
"1786655368-1191","https://www.gaaraas.com/electric_cars?_=1786646200315&button=&listing%5Bbrand_id%5D=&listing%5Bcar_type%5D=1&listing%5Bmaxprice%5D=160000001&listing%5Bminprice%5D=55309&page=40&utf8=%E2%9C%93","https://www.gaaraas.com/fr/vehicle_listings/annonce-citroen-c4-dakar-dakar-33344","Citroen C4","2016","5 750 000","80 000 km","Manuelle","Dakar"
"1786655371-1192","https://www.gaaraas.com/electric_cars?_=1786646200315&button=&listing%5Bbrand_id%5D=&listing%5Bcar_type%5D=1&listing%5Bmaxprice%5D=160000001&listing%5Bminprice%5D=55309&page=40&utf8=%E2%9C%93","https://www.gaaraas.com/fr/vehicle_listings/annonce-toyota-hilux-dakar-dakar-33346","Toyota Hilux","2022","17 500 000","67 200 km","Automatique","Dakar"
"1786655376-1193","https://www.gaaraas.com/electric_cars?_=1786646200315&button=&listing%5Bbrand_id%5D=&listing%5Bcar_type%5D=1&listing%5Bmaxprice%5D=160000001&listing%5Bminprice%5D=55309&page=40&utf8=%E2%9C%93","https://www.gaaraas.com/fr/vehicle_listings/annonce-kia-sportage-dakar-dakar-33347","Kia Sportage","2017","8 500 000","96 000 km","Automatique","Dakar"
"1786655384-1194","https://www.gaaraas.com/electric_cars?_=1786646200315&button=&listing%5Bbrand_id%5D=&listing%5Bcar_type%5D=1&listing%5Bmaxprice%5D=160000001&listing%5Bminprice%5D=55309&page=40&utf8=%E2%9C%93","https://www.gaaraas.com/fr/vehicle_listings/annonce-mitsubishi-dingo-dakar-dakar-33348","Mitsubishi Dingo","2019","11 000 000","129 000 km","Automatique","Dakar"
"1786655401-1195","https://www.gaaraas.com/electric_cars?_=1786646200315&button=&listing%5Bbrand_id%5D=&listing%5Bcar_type%5D=1&listing%5Bmaxprice%5D=160000001&listing%5Bminprice%5D=55309&page=40&utf8=%E2%9C%93","https://www.gaaraas.com/fr/vehicle_listings/annonce-renault-clio-dakar-dakar-33349","Renault Clio","2016","3 800 000","114 258 km","Automatique","Dakar"
"1786655411-1196","https://www.gaaraas.com/electric_cars?_=1786646200315&button=&listing%5Bbrand_id%5D=&listing%5Bcar_type%5D=1&listing%5Bmaxprice%5D=160000001&listing%5Bminprice%5D=55309&page=40&utf8=%E2%9C%93","https://www.gaaraas.com/fr/vehicle_listings/annonce-hyundai-eon-dakar-dakar-33350","Hyundai EON","2013","3 900 000","184 589 km","Automatique","Dakar"
"1786655419-1197","https://www.gaaraas.com/electric_cars?_=1786646200315&button=&listing%5Bbrand_id%5D=&listing%5Bcar_type%5D=1&listing%5Bmaxprice%5D=160000001&listing%5Bminprice%5D=55309&page=40&utf8=%E2%9C%93","https://www.gaaraas.com/fr/vehicle_listings/annonce-nissan-versa-dakar-dakar-33351","Nissan Versa","2020","2 950 000","80 000 km","Automatique","Dakar"
"1786655422-1198","https://www.gaaraas.com/electric_cars?_=1786646200315&button=&listing%5Bbrand_id%5D=&listing%5Bcar_type%5D=1&listing%5Bmaxprice%5D=160000001&listing%5Bminprice%5D=55309&page=40&utf8=%E2%9C%93","https://www.gaaraas.com/fr/vehicle_listings/annonce-peugeot-3008-dakar-dakar-33352","Peugeot 3008","2018","11 700 000","89 000 km","Automatique","Dakar"
"1786655429-1199","https://www.gaaraas.com/electric_cars?_=1786646200315&button=&listing%5Bbrand_id%5D=&listing%5Bcar_type%5D=1&listing%5Bmaxprice%5D=160000001&listing%5Bminprice%5D=55309&page=40&utf8=%E2%9C%93","https://www.gaaraas.com/fr/vehicle_listings/annonce-kia-sportage-dakar-dakar-33353","Kia Sportage","2017","8 700 000","83 900 km","Automatique","Dakar"
"1786655436-1200","https://www.gaaraas.com/electric_cars?_=1786646200315&button=&listing%5Bbrand_id%5D=&listing%5Bcar_type%5D=1&listing%5Bmaxprice%5D=160000001&listing%5Bminprice%5D=55309&page=40&utf8=%E2%9C%93","https://www.gaaraas.com/fr/vehicle_listings/annonce-jeep-compass-dakar-dakar-33354","Jeep Compass","2018","","150 000 km","Automatique","Dakar"
"1786655441-1201","https://www.gaaraas.com/electric_cars?_=1786646200315&button=&listing%5Bbrand_id%5D=&listing%5Bcar_type%5D=1&listing%5Bmaxprice%5D=160000001&listing%5Bminprice%5D=55309&page=40&utf8=%E2%9C%93","https://www.gaaraas.com/fr/vehicle_listings/annonce-ford-fusion-dakar-rufisque-33355","Ford Fusion","Noir","","2015","Automatique","Rufisque"
"1786655446-1202","https://www.gaaraas.com/electric_cars?_=1786646200315&button=&listing%5Bbrand_id%5D=&listing%5Bcar_type%5D=1&listing%5Bmaxprice%5D=160000001&listing%5Bminprice%5D=55309&page=40&utf8=%E2%9C%93","https://www.gaaraas.com/fr/vehicle_listings/annonce-renault-samsung-sm6-dakar-dakar-33356","Renault Samsung Sm6","2017","","0 km","Automatique","Dakar"
"1786655453-1203","https://www.gaaraas.com/electric_cars?_=1786646200315&button=&listing%5Bbrand_id%5D=&listing%5Bcar_type%5D=1&listing%5Bmaxprice%5D=160000001&listing%5Bminprice%5D=55309&page=40&utf8=%E2%9C%93","https://www.gaaraas.com/fr/vehicle_listings/annonce-hyundai-elantra-dakar-dakar-33357","Hyundai Elantra","2015","","100 000 km","Automatique","Dakar"
"1786655462-1204","https://www.gaaraas.com/electric_cars?_=1786646200315&button=&listing%5Bbrand_id%5D=&listing%5Bcar_type%5D=1&listing%5Bmaxprice%5D=160000001&listing%5Bminprice%5D=55309&page=40&utf8=%E2%9C%93","https://www.gaaraas.com/fr/vehicle_listings/annonce-peugeot-3008-dakar-dakar-33358","Peugeot 3008","2016","","980 000 km","Automatique","Dakar"
"1786655469-1205","https://www.gaaraas.com/electric_cars?_=1786646200315&button=&listing%5Bbrand_id%5D=&listing%5Bcar_type%5D=1&listing%5Bmaxprice%5D=160000001&listing%5Bminprice%5D=55309&page=40&utf8=%E2%9C%93","https://www.gaaraas.com/fr/vehicle_listings/annonce-ssangyong-tivoli-dakar-dakar-33359","SsangYong Tivoli","2017","7 000 000","116 000 km","Automatique","Dakar"
"1786655475-1206","https://www.gaaraas.com/electric_cars?_=1786646200315&button=&listing%5Bbrand_id%5D=&listing%5Bcar_type%5D=1&listing%5Bmaxprice%5D=160000001&listing%5Bminprice%5D=55309&page=40&utf8=%E2%9C%93","https://www.gaaraas.com/fr/vehicle_listings/annonce-hyundai-solaris-dakar-dakar-33360","Hyundai Solaris","2017","","800 000 km","Automatique","Dakar"
"1786655479-1207","https://www.gaaraas.com/electric_cars?_=1786646200315&button=&listing%5Bbrand_id%5D=&listing%5Bcar_type%5D=1&listing%5Bmaxprice%5D=160000001&listing%5Bminprice%5D=55309&page=40&utf8=%E2%9C%93","https://www.gaaraas.com/fr/vehicle_listings/annonce-renault-samsung-qm6-dakar-dakar-33361","Renault Samsung QM6","2017","9 950 000","0 km","Automatique","Dakar"
"1786655488-1208","https://www.gaaraas.com/electric_cars?_=1786646200315&button=&listing%5Bbrand_id%5D=&listing%5Bcar_type%5D=1&listing%5Bmaxprice%5D=160000001&listing%5Bminprice%5D=55309&page=39&utf8=%E2%9C%93","https://www.gaaraas.com/fr/vehicle_listings/annonce-citroen-c4picasso-dakar-dakar-33363","Citroen C4picasso","2017","","100 000 km","Automatique","Dakar"
"1786655491-1209","https://www.gaaraas.com/electric_cars?_=1786646200315&button=&listing%5Bbrand_id%5D=&listing%5Bcar_type%5D=1&listing%5Bmaxprice%5D=160000001&listing%5Bminprice%5D=55309&page=39&utf8=%E2%9C%93","https://www.gaaraas.com/fr/vehicle_listings/annonce-renault-samsung-qm3-dakar-dakar-33364","Renault Samsung Qm3","2016","","990 000 km","Automatique","Dakar"
"1786655494-1210","https://www.gaaraas.com/electric_cars?_=1786646200315&button=&listing%5Bbrand_id%5D=&listing%5Bcar_type%5D=1&listing%5Bmaxprice%5D=160000001&listing%5Bminprice%5D=55309&page=39&utf8=%E2%9C%93","https://www.gaaraas.com/fr/vehicle_listings/annonce-citroen-c-elysee-dakar-dakar-33365","Citroen C-elysée","2019","4 500 000","98 200 km","Manuelle","Dakar"
"1786655497-1211","https://www.gaaraas.com/electric_cars?_=1786646200315&button=&listing%5Bbrand_id%5D=&listing%5Bcar_type%5D=1&listing%5Bmaxprice%5D=160000001&listing%5Bminprice%5D=55309&page=39&utf8=%E2%9C%93","https://www.gaaraas.com/fr/vehicle_listings/annonce-hyundai-santa-fe-dakar-dakar-33366","Hyundai Santa Fe","2016","10 500 000","73 027 km","Automatique","Dakar"
"1786655505-1212","https://www.gaaraas.com/electric_cars?_=1786646200315&button=&listing%5Bbrand_id%5D=&listing%5Bcar_type%5D=1&listing%5Bmaxprice%5D=160000001&listing%5Bminprice%5D=55309&page=39&utf8=%E2%9C%93","https://www.gaaraas.com/fr/vehicle_listings/annonce-renault-duster-dakar-dakar-33367","Renault Duster","2021","6 500 000","145 400 km","Automatique","Dakar"
"1786655514-1213","https://www.gaaraas.com/electric_cars?_=1786646200315&button=&listing%5Bbrand_id%5D=&listing%5Bcar_type%5D=1&listing%5Bmaxprice%5D=160000001&listing%5Bminprice%5D=55309&page=39&utf8=%E2%9C%93","https://www.gaaraas.com/fr/vehicle_listings/annonce-volkswagen-golf-dakar-dakar-33368","Volkswagen Golf","2021","","28 000 km","Automatique","Dakar"
"1786655519-1214","https://www.gaaraas.com/electric_cars?_=1786646200315&button=&listing%5Bbrand_id%5D=&listing%5Bcar_type%5D=1&listing%5Bmaxprice%5D=160000001&listing%5Bminprice%5D=55309&page=39&utf8=%E2%9C%93","https://www.gaaraas.com/fr/vehicle_listings/annonce-mercedes-benz-e200-region-de-thies-thies-33369","Mercedes-Benz E200","2016","","100 000 km","Automatique","Thiès"
"1786655523-1215","https://www.gaaraas.com/electric_cars?_=1786646200315&button=&listing%5Bbrand_id%5D=&listing%5Bcar_type%5D=1&listing%5Bmaxprice%5D=160000001&listing%5Bminprice%5D=55309&page=39&utf8=%E2%9C%93","https://www.gaaraas.com/fr/vehicle_listings/annonce-chevrolet-spark-dakar-dakar-33370","Chevrolet Spark","2014","2 700 000","341 806 km","Automatique","Dakar"
"1786655526-1216","https://www.gaaraas.com/electric_cars?_=1786646200315&button=&listing%5Bbrand_id%5D=&listing%5Bcar_type%5D=1&listing%5Bmaxprice%5D=160000001&listing%5Bminprice%5D=55309&page=39&utf8=%E2%9C%93","https://www.gaaraas.com/fr/vehicle_listings/annonce-mercedes-benz-e-class-region-de-thies-thies-33371","Mercedes‒Benz E–Class","2016","","100 000 km","Automatique","Thiès"
"1786655528-1217","https://www.gaaraas.com/electric_cars?_=1786646200315&button=&listing%5Bbrand_id%5D=&listing%5Bcar_type%5D=1&listing%5Bmaxprice%5D=160000001&listing%5Bminprice%5D=55309&page=39&utf8=%E2%9C%93","https://www.gaaraas.com/fr/vehicle_listings/annonce-fiat-900t-dakar-dakar-33372","Fiat 900T","2021","8 350 000","37 000 km","Manuelle","Dakar"
"1786655531-1218","https://www.gaaraas.com/electric_cars?_=1786646200315&button=&listing%5Bbrand_id%5D=&listing%5Bcar_type%5D=1&listing%5Bmaxprice%5D=160000001&listing%5Bminprice%5D=55309&page=39&utf8=%E2%9C%93","https://www.gaaraas.com/fr/vehicle_listings/annonce-kia-sorento-thies-mbour-33374","Kia Sorento","2017","3 000 000","129 640 km","Automatique","Mbour"
"1786655558-1219","https://www.gaaraas.com/electric_cars?_=1786646200315&button=&listing%5Bbrand_id%5D=&listing%5Bcar_type%5D=1&listing%5Bmaxprice%5D=160000001&listing%5Bminprice%5D=55309&page=39&utf8=%E2%9C%93","https://www.gaaraas.com/fr/vehicle_listings/annonce-ssangyong-tivoli-dakar-dakar-33375","SsangYong Tivoli","2016","6 300 000","0 km","Automatique","Dakar"
"1786655568-1220","https://www.gaaraas.com/electric_cars?_=1786646200315&button=&listing%5Bbrand_id%5D=&listing%5Bcar_type%5D=1&listing%5Bmaxprice%5D=160000001&listing%5Bminprice%5D=55309&page=39&utf8=%E2%9C%93","https://www.gaaraas.com/fr/vehicle_listings/annonce-peugeot-407-saint-louis-saint-louis-33376","Peugeot 407","2006","3 000 000","380 000 km","Manuelle","Saint–Louis"
"1786655574-1221","https://www.gaaraas.com/electric_cars?_=1786646200315&button=&listing%5Bbrand_id%5D=&listing%5Bcar_type%5D=1&listing%5Bmaxprice%5D=160000001&listing%5Bminprice%5D=55309&page=39&utf8=%E2%9C%93","https://www.gaaraas.com/fr/vehicle_listings/annonce-kia-sportage-dakar-dakar-33377","Kia Sportage","2013","4 750 000","119 000 km","Automatique","Dakar"
"1786655577-1222","https://www.gaaraas.com/electric_cars?_=1786646200315&button=&listing%5Bbrand_id%5D=&listing%5Bcar_type%5D=1&listing%5Bmaxprice%5D=160000001&listing%5Bminprice%5D=55309&page=39&utf8=%E2%9C%93","https://www.gaaraas.com/fr/vehicle_listings/annonce-toyota-aygo-dakar-dakar-33383","Toyota Aygo","2008","","174 000 km","Manuelle","Dakar"
"1786655583-1223","https://www.gaaraas.com/electric_cars?_=1786646200315&button=&listing%5Bbrand_id%5D=&listing%5Bcar_type%5D=1&listing%5Bmaxprice%5D=160000001&listing%5Bminprice%5D=55309&page=39&utf8=%E2%9C%93","https://www.gaaraas.com/fr/vehicle_listings/annonce-peugeot-3008-dakar-dakar-33386","Peugeot 3008","2018","12 500 000","89 000 km","Automatique","Dakar"
"1786655587-1224","https://www.gaaraas.com/electric_cars?_=1786646200315&button=&listing%5Bbrand_id%5D=&listing%5Bcar_type%5D=1&listing%5Bmaxprice%5D=160000001&listing%5Bminprice%5D=55309&page=39&utf8=%E2%9C%93","https://www.gaaraas.com/fr/vehicle_listings/annonce-nissan-murano-region-de-thies-thies-33387","Nissan Murano","2017","","154 000 km","Automatique","Thiès"
"1786655590-1225","https://www.gaaraas.com/electric_cars?_=1786646200315&button=&listing%5Bbrand_id%5D=&listing%5Bcar_type%5D=1&listing%5Bmaxprice%5D=160000001&listing%5Bminprice%5D=55309&page=39&utf8=%E2%9C%93","https://www.gaaraas.com/fr/vehicle_listings/annonce-nissan-100nx-dakar-dakar-33388","Nissan 100NX","Blanc","7 700 000","2018","Automatique","Dakar"
"1786655593-1226","https://www.gaaraas.com/electric_cars?_=1786646200315&button=&listing%5Bbrand_id%5D=&listing%5Bcar_type%5D=1&listing%5Bmaxprice%5D=160000001&listing%5Bminprice%5D=55309&page=39&utf8=%E2%9C%93","https://www.gaaraas.com/fr/vehicle_listings/annonce-dacia-lodgy-dakar-damniadio-33389","Dacia Lodgy","2018","","100 000 km","Manuelle","Damniadio"
"1786655598-1227","https://www.gaaraas.com/electric_cars?_=1786646200315&button=&listing%5Bbrand_id%5D=&listing%5Bcar_type%5D=1&listing%5Bmaxprice%5D=160000001&listing%5Bminprice%5D=55309&page=39&utf8=%E2%9C%93","https://www.gaaraas.com/fr/vehicle_listings/annonce-lexus-lx-diourbel-bambey-33390","Lexus LX","2023","","16 000 km","Automatique","Bambey"
"1786655605-1228","https://www.gaaraas.com/electric_cars?_=1786646200315&button=&listing%5Bbrand_id%5D=&listing%5Bcar_type%5D=1&listing%5Bmaxprice%5D=160000001&listing%5Bminprice%5D=55309&page=38&utf8=%E2%9C%93","https://www.gaaraas.com/fr/vehicle_listings/annonce-peugeot-2008-bluehdi-dakar-dakar-33391","Peugeot 2008 bluehdi","2016","7 000 000","97 700 km","Automatique","Dakar"
"1786655608-1229","https://www.gaaraas.com/electric_cars?_=1786646200315&button=&listing%5Bbrand_id%5D=&listing%5Bcar_type%5D=1&listing%5Bmaxprice%5D=160000001&listing%5Bminprice%5D=55309&page=38&utf8=%E2%9C%93","https://www.gaaraas.com/fr/vehicle_listings/annonce-peugeot-2008-dakar-dakar-33392","Peugeot 2008","2018","6 200 000","92 000 km","Automatique","Dakar"
"1786655610-1230","https://www.gaaraas.com/electric_cars?_=1786646200315&button=&listing%5Bbrand_id%5D=&listing%5Bcar_type%5D=1&listing%5Bmaxprice%5D=160000001&listing%5Bminprice%5D=55309&page=38&utf8=%E2%9C%93","https://www.gaaraas.com/fr/vehicle_listings/annonce-hyundai-elantra-dakar-dakar-33393","Hyundai Elantra","2016","44 500 000","112 000 km","Automatique","Dakar"
"1786655612-1231","https://www.gaaraas.com/electric_cars?_=1786646200315&button=&listing%5Bbrand_id%5D=&listing%5Bcar_type%5D=1&listing%5Bmaxprice%5D=160000001&listing%5Bminprice%5D=55309&page=38&utf8=%E2%9C%93","https://www.gaaraas.com/fr/vehicle_listings/annonce-mercedes-benz-c-classe-dakar-dakar-33394","Mercedes-Benz C-Classe","2013","","151 270 km","Automatique","Dakar"
"1786655617-1232","https://www.gaaraas.com/electric_cars?_=1786646200315&button=&listing%5Bbrand_id%5D=&listing%5Bcar_type%5D=1&listing%5Bmaxprice%5D=160000001&listing%5Bminprice%5D=55309&page=38&utf8=%E2%9C%93","https://www.gaaraas.com/fr/vehicle_listings/annonce-renault-symbole-dakar-dakar-33395","Renault Symbole","2017","4 500 000","71 681 km","Manuelle","Dakar"
"1786655620-1233","https://www.gaaraas.com/electric_cars?_=1786646200315&button=&listing%5Bbrand_id%5D=&listing%5Bcar_type%5D=1&listing%5Bmaxprice%5D=160000001&listing%5Bminprice%5D=55309&page=38&utf8=%E2%9C%93","https://www.gaaraas.com/fr/vehicle_listings/annonce-renault-qm3-dakar-dakar-33397","Renault Qm3","2016","7 000 000","81 511 km","Automatique","Dakar"
"1786655623-1234","https://www.gaaraas.com/electric_cars?_=1786646200315&button=&listing%5Bbrand_id%5D=&listing%5Bcar_type%5D=1&listing%5Bmaxprice%5D=160000001&listing%5Bminprice%5D=55309&page=38&utf8=%E2%9C%93","https://www.gaaraas.com/fr/vehicle_listings/annonce-kia-sportage-dakar-dakar-33398","Kia Sportage","2016","9 500 000","79 511 km","Automatique","Dakar"
"1786655625-1235","https://www.gaaraas.com/electric_cars?_=1786646200315&button=&listing%5Bbrand_id%5D=&listing%5Bcar_type%5D=1&listing%5Bmaxprice%5D=160000001&listing%5Bminprice%5D=55309&page=38&utf8=%E2%9C%93","https://www.gaaraas.com/fr/vehicle_listings/annonce-hyundai-elantra-dakar-dakar-33400","Hyundai Elantra","2016","4 450 000","112 000 km","Automatique","Dakar"
"1786655628-1236","https://www.gaaraas.com/electric_cars?_=1786646200315&button=&listing%5Bbrand_id%5D=&listing%5Bcar_type%5D=1&listing%5Bmaxprice%5D=160000001&listing%5Bminprice%5D=55309&page=38&utf8=%E2%9C%93","https://www.gaaraas.com/fr/vehicle_listings/annonce-renault-clio-matam-matam-33401","Renault Clio","2014","","90 000 km","Manuelle","Matam"
"1786655630-1237","https://www.gaaraas.com/electric_cars?_=1786646200315&button=&listing%5Bbrand_id%5D=&listing%5Bcar_type%5D=1&listing%5Bmaxprice%5D=160000001&listing%5Bminprice%5D=55309&page=38&utf8=%E2%9C%93","https://www.gaaraas.com/fr/vehicle_listings/annonce-hyundai-santa-fe-dakar-rufisque-33402","Hyundai Santa Fe","2018","","148 800 km","Automatique","Rufisque"
"1786655633-1238","https://www.gaaraas.com/electric_cars?_=1786646200315&button=&listing%5Bbrand_id%5D=&listing%5Bcar_type%5D=1&listing%5Bmaxprice%5D=160000001&listing%5Bminprice%5D=55309&page=38&utf8=%E2%9C%93","https://www.gaaraas.com/fr/vehicle_listings/annonce-toyota-fortuner-dakar-dakar-33403","Toyota Fortuner","2022","2 800 000","42 000 km","Automatique","Dakar"
"1786655635-1239","https://www.gaaraas.com/electric_cars?_=1786646200315&button=&listing%5Bbrand_id%5D=&listing%5Bcar_type%5D=1&listing%5Bmaxprice%5D=160000001&listing%5Bminprice%5D=55309&page=38&utf8=%E2%9C%93","https://www.gaaraas.com/fr/vehicle_listings/annonce-hyundai-tucson-dakar-dakar-33404","Hyundai Tucson","2015","","69 000 km","Automatique","Dakar"
"1786655638-1240","https://www.gaaraas.com/electric_cars?_=1786646200315&button=&listing%5Bbrand_id%5D=&listing%5Bcar_type%5D=1&listing%5Bmaxprice%5D=160000001&listing%5Bminprice%5D=55309&page=38&utf8=%E2%9C%93","https://www.gaaraas.com/fr/vehicle_listings/annonce-ford-fusion-dakar-dakar-33405","Ford Fusion","2011","","100 000 km","Automatique","Dakar"
"1786655641-1241","https://www.gaaraas.com/electric_cars?_=1786646200315&button=&listing%5Bbrand_id%5D=&listing%5Bcar_type%5D=1&listing%5Bmaxprice%5D=160000001&listing%5Bminprice%5D=55309&page=38&utf8=%E2%9C%93","https://www.gaaraas.com/fr/vehicle_listings/annonce-toyota-land-cruiser-dakar-dakar-33406","Toyota Land Cruiser","2018","3 640 000","85 000 km","Automatique","Dakar"
"1786655643-1242","https://www.gaaraas.com/electric_cars?_=1786646200315&button=&listing%5Bbrand_id%5D=&listing%5Bcar_type%5D=1&listing%5Bmaxprice%5D=160000001&listing%5Bminprice%5D=55309&page=38&utf8=%E2%9C%93","https://www.gaaraas.com/fr/vehicle_listings/annonce-peugeot-308-region-de-thies-thies-33407","Peugeot 308","Noir","","2016","Manuelle","Thiès"
"1786655646-1243","https://www.gaaraas.com/electric_cars?_=1786646200315&button=&listing%5Bbrand_id%5D=&listing%5Bcar_type%5D=1&listing%5Bmaxprice%5D=160000001&listing%5Bminprice%5D=55309&page=38&utf8=%E2%9C%93","https://www.gaaraas.com/fr/vehicle_listings/annonce-ford-focus-dakar-dakar-33408","Ford Focus","2014","2 400 000","114 000 km","Automatique","Dakar"
"1786655648-1244","https://www.gaaraas.com/electric_cars?_=1786646200315&button=&listing%5Bbrand_id%5D=&listing%5Bcar_type%5D=1&listing%5Bmaxprice%5D=160000001&listing%5Bminprice%5D=55309&page=38&utf8=%E2%9C%93","https://www.gaaraas.com/fr/vehicle_listings/annonce-ford-focus-dakar-dakar-33410","Ford Focus","2014","2 400 000","114 000 km","Automatique","Dakar"
"1786655651-1245","https://www.gaaraas.com/electric_cars?_=1786646200315&button=&listing%5Bbrand_id%5D=&listing%5Bcar_type%5D=1&listing%5Bmaxprice%5D=160000001&listing%5Bminprice%5D=55309&page=38&utf8=%E2%9C%93","https://www.gaaraas.com/fr/vehicle_listings/annonce-toyota-rav4-saint-louis-richard-toll-33411","Toyota RAV4","2008","5 500 000","197 000 km","Manuelle","Richard Toll"
"1786655653-1246","https://www.gaaraas.com/electric_cars?_=1786646200315&button=&listing%5Bbrand_id%5D=&listing%5Bcar_type%5D=1&listing%5Bmaxprice%5D=160000001&listing%5Bminprice%5D=55309&page=38&utf8=%E2%9C%93","https://www.gaaraas.com/fr/vehicle_listings/annonce-toyota-rav4-dakar-dakar-33412","Toyota RAV4","2022","","40 433 km","Automatique","Dakar"
"1786655656-1247","https://www.gaaraas.com/electric_cars?_=1786646200315&button=&listing%5Bbrand_id%5D=&listing%5Bcar_type%5D=1&listing%5Bmaxprice%5D=160000001&listing%5Bminprice%5D=55309&page=38&utf8=%E2%9C%93","https://www.gaaraas.com/fr/vehicle_listings/annonce-lexus-rx-350-dakar-dakar-33413","Lexus RX 350","2023","3 936 000","29 000 km","Automatique","Dakar"
"1786655661-1248","https://www.gaaraas.com/electric_cars?_=1786646200315&button=&listing%5Bbrand_id%5D=&listing%5Bcar_type%5D=1&listing%5Bmaxprice%5D=160000001&listing%5Bminprice%5D=55309&page=37&utf8=%E2%9C%93","https://www.gaaraas.com/fr/vehicle_listings/annonce-peugeot-307-region-de-thies-thies-33414","Peugeot 307","2006","2 600 000","300 000 km","Manuelle","Thiès"
"1786655663-1249","https://www.gaaraas.com/electric_cars?_=1786646200315&button=&listing%5Bbrand_id%5D=&listing%5Bcar_type%5D=1&listing%5Bmaxprice%5D=160000001&listing%5Bminprice%5D=55309&page=37&utf8=%E2%9C%93","https://www.gaaraas.com/fr/vehicle_listings/annonce-jac-js2-dakar-dakar-33415","JAC Js2","Blanc","10 000 000","2025","Manuelle","Dakar"
"1786655667-1250","https://www.gaaraas.com/electric_cars?_=1786646200315&button=&listing%5Bbrand_id%5D=&listing%5Bcar_type%5D=1&listing%5Bmaxprice%5D=160000001&listing%5Bminprice%5D=55309&page=37&utf8=%E2%9C%93","https://www.gaaraas.com/fr/vehicle_listings/annonce-renault-qm3-dakar-dakar-33416","Renault Qm3","2017","7 000 000","70 500 km","Automatique","Dakar"
"1786655670-1251","https://www.gaaraas.com/electric_cars?_=1786646200315&button=&listing%5Bbrand_id%5D=&listing%5Bcar_type%5D=1&listing%5Bmaxprice%5D=160000001&listing%5Bminprice%5D=55309&page=37&utf8=%E2%9C%93","https://www.gaaraas.com/fr/vehicle_listings/annonce-nissan-sentra-dakar-dakar-33417","Nissan Sentra","2016","","140 000 km","Automatique","Dakar"
"1786655673-1252","https://www.gaaraas.com/electric_cars?_=1786646200315&button=&listing%5Bbrand_id%5D=&listing%5Bcar_type%5D=1&listing%5Bmaxprice%5D=160000001&listing%5Bminprice%5D=55309&page=37&utf8=%E2%9C%93","https://www.gaaraas.com/fr/vehicle_listings/annonce-ford-mustang-dakar-rufisque-33418","FORD MUSTANG","2013","","213 000 km","Automatique","Rufisque"
"1786655684-1253","https://www.gaaraas.com/electric_cars?_=1786646200315&button=&listing%5Bbrand_id%5D=&listing%5Bcar_type%5D=1&listing%5Bmaxprice%5D=160000001&listing%5Bminprice%5D=55309&page=37&utf8=%E2%9C%93","https://www.gaaraas.com/fr/vehicle_listings/annonce-citroen-jumpy-dakar-dakar-33419","Citroen Jumpy","2018","","138 000 km","Manuelle","Dakar"
"1786655696-1254","https://www.gaaraas.com/electric_cars?_=1786646200315&button=&listing%5Bbrand_id%5D=&listing%5Bcar_type%5D=1&listing%5Bmaxprice%5D=160000001&listing%5Bminprice%5D=55309&page=37&utf8=%E2%9C%93","https://www.gaaraas.com/fr/vehicle_listings/annonce-toyota-highlander-dakar-dakar-33421","Toyota Highlander","2021","3 360 000","72 000 km","Automatique","Dakar"
"1786655706-1255","https://www.gaaraas.com/electric_cars?_=1786646200315&button=&listing%5Bbrand_id%5D=&listing%5Bcar_type%5D=1&listing%5Bmaxprice%5D=160000001&listing%5Bminprice%5D=55309&page=37&utf8=%E2%9C%93","https://www.gaaraas.com/fr/vehicle_listings/annonce-mitsubishi-l200-dakar-dakar-33423","Mitsubishi L200","2022","2 795 000","76 000 km","Automatique","Dakar"
"1786655713-1256","https://www.gaaraas.com/electric_cars?_=1786646200315&button=&listing%5Bbrand_id%5D=&listing%5Bcar_type%5D=1&listing%5Bmaxprice%5D=160000001&listing%5Bminprice%5D=55309&page=37&utf8=%E2%9C%93","https://www.gaaraas.com/fr/vehicle_listings/annonce-hyundai-tucson-dakar-dakar-33425","Hyundai Tucson","2016","","170 000 km","Automatique","Dakar"
"1786655721-1257","https://www.gaaraas.com/electric_cars?_=1786646200315&button=&listing%5Bbrand_id%5D=&listing%5Bcar_type%5D=1&listing%5Bmaxprice%5D=160000001&listing%5Bminprice%5D=55309&page=37&utf8=%E2%9C%93","https://www.gaaraas.com/fr/vehicle_listings/annonce-kia-sportage-dakar-dakar-33426","Kia Sportage","2018","","150 000 km","Automatique","Dakar"
"1786655725-1258","https://www.gaaraas.com/electric_cars?_=1786646200315&button=&listing%5Bbrand_id%5D=&listing%5Bcar_type%5D=1&listing%5Bmaxprice%5D=160000001&listing%5Bminprice%5D=55309&page=37&utf8=%E2%9C%93","https://www.gaaraas.com/fr/vehicle_listings/annonce-hyundai-santa-fe-dakar-dakar-33427","Hyundai Santa Fe","2014","5 500 000","130 000 km","Automatique","Dakar"
"1786655729-1259","https://www.gaaraas.com/electric_cars?_=1786646200315&button=&listing%5Bbrand_id%5D=&listing%5Bcar_type%5D=1&listing%5Bmaxprice%5D=160000001&listing%5Bminprice%5D=55309&page=37&utf8=%E2%9C%93","https://www.gaaraas.com/fr/vehicle_listings/annonce-nissan-juke-dakar-dakar-33428","Nissan Juke","2013","3 850 000","120 000 km","Automatique","Dakar"
"1786655752-1260","https://www.gaaraas.com/electric_cars?_=1786646200315&button=&listing%5Bbrand_id%5D=&listing%5Bcar_type%5D=1&listing%5Bmaxprice%5D=160000001&listing%5Bminprice%5D=55309&page=37&utf8=%E2%9C%93","https://www.gaaraas.com/fr/vehicle_listings/annonce-nissan-x-trail-dakar-dakar-33429","Nissan X–Trail","2022","2 520 000","35 000 km","Automatique","Dakar"
"1786655775-1261","https://www.gaaraas.com/electric_cars?_=1786646200315&button=&listing%5Bbrand_id%5D=&listing%5Bcar_type%5D=1&listing%5Bmaxprice%5D=160000001&listing%5Bminprice%5D=55309&page=37&utf8=%E2%9C%93","https://www.gaaraas.com/fr/vehicle_listings/annonce-ford-focus-dakar-dakar-33431","Ford Focus","Autre","2 800 000","2016","Manuelle","Dakar"
"1786655789-1262","https://www.gaaraas.com/electric_cars?_=1786646200315&button=&listing%5Bbrand_id%5D=&listing%5Bcar_type%5D=1&listing%5Bmaxprice%5D=160000001&listing%5Bminprice%5D=55309&page=37&utf8=%E2%9C%93","https://www.gaaraas.com/fr/vehicle_listings/annonce-toyota-rav-4-dakar-dakar-33433","Toyota Rav 4","Autre","3 600 000","2012","Manuelle","Dakar"
"1786655792-1263","https://www.gaaraas.com/electric_cars?_=1786646200315&button=&listing%5Bbrand_id%5D=&listing%5Bcar_type%5D=1&listing%5Bmaxprice%5D=160000001&listing%5Bminprice%5D=55309&page=37&utf8=%E2%9C%93","https://www.gaaraas.com/fr/vehicle_listings/annonce-peugeot-405-dakar-dakar-33437","Peugeot 405","1999","200 000","2 154 km","Manuelle","Dakar"
"1786655795-1264","https://www.gaaraas.com/electric_cars?_=1786646200315&button=&listing%5Bbrand_id%5D=&listing%5Bcar_type%5D=1&listing%5Bmaxprice%5D=160000001&listing%5Bminprice%5D=55309&page=37&utf8=%E2%9C%93","https://www.gaaraas.com/fr/vehicle_listings/annonce-toyota-rav-4-dakar-dakar-33438","Toyota Rav 4","Autre","3 600 000","2010","Manuelle","Dakar"
"1786655803-1265","https://www.gaaraas.com/electric_cars?_=1786646200315&button=&listing%5Bbrand_id%5D=&listing%5Bcar_type%5D=1&listing%5Bmaxprice%5D=160000001&listing%5Bminprice%5D=55309&page=37&utf8=%E2%9C%93","https://www.gaaraas.com/fr/vehicle_listings/annonce-mercedes-benz-c180-dakar-dakar-33442","Mercedes-Benz C180","2018","10 400 000","2 430 km","Manuelle","Dakar"
"1786655815-1266","https://www.gaaraas.com/electric_cars?_=1786646200315&button=&listing%5Bbrand_id%5D=&listing%5Bcar_type%5D=1&listing%5Bmaxprice%5D=160000001&listing%5Bminprice%5D=55309&page=37&utf8=%E2%9C%93","https://www.gaaraas.com/fr/vehicle_listings/annonce-bmw-x2-dakar-dakar-33444","BMW X2","Autre","11 500 000","2018","Manuelle","Dakar"
"1786655827-1267","https://www.gaaraas.com/electric_cars?_=1786646200315&button=&listing%5Bbrand_id%5D=&listing%5Bcar_type%5D=1&listing%5Bmaxprice%5D=160000001&listing%5Bminprice%5D=55309&page=37&utf8=%E2%9C%93","https://www.gaaraas.com/fr/vehicle_listings/annonce-toyota-hilux-dakar-dakar-33447","Toyota Hilux","2018","26 000 000","108 568 km","Manuelle","Dakar"
"1786655841-1268","https://www.gaaraas.com/electric_cars?_=1786646200315&button=&listing%5Bbrand_id%5D=&listing%5Bcar_type%5D=1&listing%5Bmaxprice%5D=160000001&listing%5Bminprice%5D=55309&page=36&utf8=%E2%9C%93","https://www.gaaraas.com/fr/vehicle_listings/annonce-renault-scenic-dakar-dakar-33448","Renault Scenic","2017","8 500 000","2 564 km","Manuelle","Dakar"
"1786655844-1269","https://www.gaaraas.com/electric_cars?_=1786646200315&button=&listing%5Bbrand_id%5D=&listing%5Bcar_type%5D=1&listing%5Bmaxprice%5D=160000001&listing%5Bminprice%5D=55309&page=36&utf8=%E2%9C%93","https://www.gaaraas.com/fr/vehicle_listings/annonce-peugeot-208-dakar-dakar-33451","Peugeot 208","Autre","140 000","2018","Manuelle","Dakar"
"1786655857-1270","https://www.gaaraas.com/electric_cars?_=1786646200315&button=&listing%5Bbrand_id%5D=&listing%5Bcar_type%5D=1&listing%5Bmaxprice%5D=160000001&listing%5Bminprice%5D=55309&page=36&utf8=%E2%9C%93","https://www.gaaraas.com/fr/vehicle_listings/annonce-kia-sportage-dakar-dakar-33452","Kia Sportage","Autre","18 500 000","2023","Manuelle","Dakar"
"1786655867-1271","https://www.gaaraas.com/electric_cars?_=1786646200315&button=&listing%5Bbrand_id%5D=&listing%5Bcar_type%5D=1&listing%5Bmaxprice%5D=160000001&listing%5Bminprice%5D=55309&page=36&utf8=%E2%9C%93","https://www.gaaraas.com/fr/vehicle_listings/annonce-toyota-rav-4-dakar-dakar-33453","Toyota Rav 4","2020","","48 000 km","Automatique","Dakar"
"1786655885-1272","https://www.gaaraas.com/electric_cars?_=1786646200315&button=&listing%5Bbrand_id%5D=&listing%5Bcar_type%5D=1&listing%5Bmaxprice%5D=160000001&listing%5Bminprice%5D=55309&page=36&utf8=%E2%9C%93","https://www.gaaraas.com/fr/vehicle_listings/annonce-mazda-cx-5-dakar-dakar-33454","Mazda CX-5","2018","10 700 000","89 000 km","Automatique","Dakar"
"1786655898-1273","https://www.gaaraas.com/electric_cars?_=1786646200315&button=&listing%5Bbrand_id%5D=&listing%5Bcar_type%5D=1&listing%5Bmaxprice%5D=160000001&listing%5Bminprice%5D=55309&page=36&utf8=%E2%9C%93","https://www.gaaraas.com/fr/vehicle_listings/annonce-land-rover-range-rover-sport-dakar-dakar-33455","Land Rover Range Rover Sport","2023","68 000 000","75 000 km","Automatique","Dakar"
"1786655909-1274","https://www.gaaraas.com/electric_cars?_=1786646200315&button=&listing%5Bbrand_id%5D=&listing%5Bcar_type%5D=1&listing%5Bmaxprice%5D=160000001&listing%5Bminprice%5D=55309&page=36&utf8=%E2%9C%93","https://www.gaaraas.com/fr/vehicle_listings/annonce-ac-ace-matam-ouro-sogui-33456","AC Ace","2025","15 500 000","0 km","Automatique","Ouro Sogui"
"1786655938-1275","https://www.gaaraas.com/electric_cars?_=1786646200315&button=&listing%5Bbrand_id%5D=&listing%5Bcar_type%5D=1&listing%5Bmaxprice%5D=160000001&listing%5Bminprice%5D=55309&page=36&utf8=%E2%9C%93","https://www.gaaraas.com/fr/vehicle_listings/annonce-ford-edge-dakar-dakar-33457","Ford Edge","2015","","120 000 km","Automatique","Dakar"
"1786655970-1276","https://www.gaaraas.com/electric_cars?_=1786646200315&button=&listing%5Bbrand_id%5D=&listing%5Bcar_type%5D=1&listing%5Bmaxprice%5D=160000001&listing%5Bminprice%5D=55309&page=36&utf8=%E2%9C%93","https://www.gaaraas.com/fr/vehicle_listings/annonce-mazda-cx-5-dakar-dakar-33458","Mazda CX-5","2018","","100 000 km","Automatique","Dakar"
"1786656004-1277","https://www.gaaraas.com/electric_cars?_=1786646200315&button=&listing%5Bbrand_id%5D=&listing%5Bcar_type%5D=1&listing%5Bmaxprice%5D=160000001&listing%5Bminprice%5D=55309&page=36&utf8=%E2%9C%93","https://www.gaaraas.com/fr/vehicle_listings/annonce-honda-fit-dakar-dakar-33459","Honda FIT","2016","1 400 000","95 000 km","Automatique","Dakar"
"1786656030-1278","https://www.gaaraas.com/electric_cars?_=1786646200315&button=&listing%5Bbrand_id%5D=&listing%5Bcar_type%5D=1&listing%5Bmaxprice%5D=160000001&listing%5Bminprice%5D=55309&page=36&utf8=%E2%9C%93","https://www.gaaraas.com/fr/vehicle_listings/annonce-ford-escape-dakar-dakar-33460","Ford Escape","2011","","213 000 km","Automatique","Dakar"
"1786656052-1279","https://www.gaaraas.com/electric_cars?_=1786646200315&button=&listing%5Bbrand_id%5D=&listing%5Bcar_type%5D=1&listing%5Bmaxprice%5D=160000001&listing%5Bminprice%5D=55309&page=36&utf8=%E2%9C%93","https://www.gaaraas.com/fr/vehicle_listings/annonce-toyota-land-cruiser-prado-region-de-thies-thies-33461","Toyota Land Cruiser Prado","2004","","375 000 km","Manuelle","Thiès"
"1786656078-1280","https://www.gaaraas.com/electric_cars?_=1786646200315&button=&listing%5Bbrand_id%5D=&listing%5Bcar_type%5D=1&listing%5Bmaxprice%5D=160000001&listing%5Bminprice%5D=55309&page=36&utf8=%E2%9C%93","https://www.gaaraas.com/fr/vehicle_listings/annonce-hyundai-tucson-fatick-gossas-33462","Hyundai Tucson","2018","5 800 000","176 811 km","Manuelle","Gossas"
"1786656090-1281","https://www.gaaraas.com/electric_cars?_=1786646200315&button=&listing%5Bbrand_id%5D=&listing%5Bcar_type%5D=1&listing%5Bmaxprice%5D=160000001&listing%5Bminprice%5D=55309&page=36&utf8=%E2%9C%93","https://www.gaaraas.com/fr/vehicle_listings/annonce-mitsubishi-outlander-dakar-dakar-33463","Mitsubishi Outlander","2017","8 500 000","85 000 km","Automatique","Dakar"
"1786656099-1282","https://www.gaaraas.com/electric_cars?_=1786646200315&button=&listing%5Bbrand_id%5D=&listing%5Bcar_type%5D=1&listing%5Bmaxprice%5D=160000001&listing%5Bminprice%5D=55309&page=36&utf8=%E2%9C%93","https://www.gaaraas.com/fr/vehicle_listings/annonce-peugeot-308-ziguinchor-bignona-33464","Peugeot 308","2015","5 600 000","180 000 km","Manuelle","Bignona"
"1786656110-1283","https://www.gaaraas.com/electric_cars?_=1786646200315&button=&listing%5Bbrand_id%5D=&listing%5Bcar_type%5D=1&listing%5Bmaxprice%5D=160000001&listing%5Bminprice%5D=55309&page=36&utf8=%E2%9C%93","https://www.gaaraas.com/fr/vehicle_listings/annonce-peugeot-308-kolda-dabo-33466","Peugeot 308","2016","5 000 000","94 500 km","Manuelle","Dabo"
"1786656119-1284","https://www.gaaraas.com/electric_cars?_=1786646200315&button=&listing%5Bbrand_id%5D=&listing%5Bcar_type%5D=1&listing%5Bmaxprice%5D=160000001&listing%5Bminprice%5D=55309&page=36&utf8=%E2%9C%93","https://www.gaaraas.com/fr/vehicle_listings/annonce-ford-focus-kolda-dabo-33467","Ford Focus","2016","4 500 000","150 000 km","Manuelle","Dabo"
"1786656125-1285","https://www.gaaraas.com/electric_cars?_=1786646200315&button=&listing%5Bbrand_id%5D=&listing%5Bcar_type%5D=1&listing%5Bmaxprice%5D=160000001&listing%5Bminprice%5D=55309&page=36&utf8=%E2%9C%93","https://www.gaaraas.com/fr/vehicle_listings/annonce-hyundai-tucson-dakar-dakar-33468","Hyundai Tucson","2016","5 000 000","76 700 km","Manuelle","Dakar"
"1786656130-1286","https://www.gaaraas.com/electric_cars?_=1786646200315&button=&listing%5Bbrand_id%5D=&listing%5Bcar_type%5D=1&listing%5Bmaxprice%5D=160000001&listing%5Bminprice%5D=55309&page=36&utf8=%E2%9C%93","https://www.gaaraas.com/fr/vehicle_listings/annonce-peugeot-3008-dakar-dakar-33469","Peugeot 3008","2018","13 500 000","85 000 km","Automatique","Dakar"
"1786656138-1287","https://www.gaaraas.com/electric_cars?_=1786646200315&button=&listing%5Bbrand_id%5D=&listing%5Bcar_type%5D=1&listing%5Bmaxprice%5D=160000001&listing%5Bminprice%5D=55309&page=36&utf8=%E2%9C%93","https://www.gaaraas.com/fr/vehicle_listings/annonce-toyota-land-cruiser-prado-dakar-dakar-33470","Toyota Land Cruiser Prado","2022","3 905 000","48 000 km","Automatique","Dakar"
"1786656147-1288","https://www.gaaraas.com/electric_cars?_=1786646200315&button=&listing%5Bbrand_id%5D=&listing%5Bcar_type%5D=1&listing%5Bmaxprice%5D=160000001&listing%5Bminprice%5D=55309&page=35&utf8=%E2%9C%93","https://www.gaaraas.com/fr/vehicle_listings/annonce-hyundai-santa-fe-dakar-dakar-33471","Hyundai Santa Fe","2007","4 500 000","242 200 km","Manuelle","Dakar"
"1786656150-1289","https://www.gaaraas.com/electric_cars?_=1786646200315&button=&listing%5Bbrand_id%5D=&listing%5Bcar_type%5D=1&listing%5Bmaxprice%5D=160000001&listing%5Bminprice%5D=55309&page=35&utf8=%E2%9C%93","https://www.gaaraas.com/fr/vehicle_listings/annonce-citroen-c4-dakar-dakar-33472","Citroen C4","2009","","130 000 km","Manuelle","Dakar"
"1786656153-1290","https://www.gaaraas.com/electric_cars?_=1786646200315&button=&listing%5Bbrand_id%5D=&listing%5Bcar_type%5D=1&listing%5Bmaxprice%5D=160000001&listing%5Bminprice%5D=55309&page=35&utf8=%E2%9C%93","https://www.gaaraas.com/fr/vehicle_listings/annonce-peugeot-508-dakar-dakar-33473","Peugeot 508","2019","","260 275 km","Automatique","Dakar"
"1786656164-1291","https://www.gaaraas.com/electric_cars?_=1786646200315&button=&listing%5Bbrand_id%5D=&listing%5Bcar_type%5D=1&listing%5Bmaxprice%5D=160000001&listing%5Bminprice%5D=55309&page=35&utf8=%E2%9C%93","https://www.gaaraas.com/fr/vehicle_listings/annonce-mazda-cx-5-dakar-dakar-33474","Mazda CX-5","2018","9 800 000","98 000 km","Automatique","Dakar"
"1786656169-1292","https://www.gaaraas.com/electric_cars?_=1786646200315&button=&listing%5Bbrand_id%5D=&listing%5Bcar_type%5D=1&listing%5Bmaxprice%5D=160000001&listing%5Bminprice%5D=55309&page=35&utf8=%E2%9C%93","https://www.gaaraas.com/fr/vehicle_listings/annonce-suzuki-jimny-dakar-dakar-33475","Suzuki Jimny","2022","2 790 000","46 000 km","Automatique","Dakar"
"1786656172-1293","https://www.gaaraas.com/electric_cars?_=1786646200315&button=&listing%5Bbrand_id%5D=&listing%5Bcar_type%5D=1&listing%5Bmaxprice%5D=160000001&listing%5Bminprice%5D=55309&page=35&utf8=%E2%9C%93","https://www.gaaraas.com/fr/vehicle_listings/annonce-peugeot-2008-louga-louga-33476","Peugeot 2008","2020","","77 987 km","Manuelle","Louga"
"1786656176-1294","https://www.gaaraas.com/electric_cars?_=1786646200315&button=&listing%5Bbrand_id%5D=&listing%5Bcar_type%5D=1&listing%5Bmaxprice%5D=160000001&listing%5Bminprice%5D=55309&page=35&utf8=%E2%9C%93","https://www.gaaraas.com/fr/vehicle_listings/annonce-mazda-cx-5-dakar-dakar-33478","Mazda CX-5","2018","9 800 000","98 000 km","Automatique","Dakar"
"1786656181-1295","https://www.gaaraas.com/electric_cars?_=1786646200315&button=&listing%5Bbrand_id%5D=&listing%5Bcar_type%5D=1&listing%5Bmaxprice%5D=160000001&listing%5Bminprice%5D=55309&page=35&utf8=%E2%9C%93","https://www.gaaraas.com/fr/vehicle_listings/annonce-mercedes-benz-gla-klasse-amg-dakar-dakar-33479","Mercedes‒Benz GLA-klasse AMG","2024","19 500 000","52 000 km","Automatique","Dakar"
"1786656183-1296","https://www.gaaraas.com/electric_cars?_=1786646200315&button=&listing%5Bbrand_id%5D=&listing%5Bcar_type%5D=1&listing%5Bmaxprice%5D=160000001&listing%5Bminprice%5D=55309&page=35&utf8=%E2%9C%93","https://www.gaaraas.com/fr/vehicle_listings/annonce-toyota-land-cruiser-kolda-dabo-33480","Toyota Land Cruiser","1998","5 800 000","350 000 km","Manuelle","Dabo"
"1786656186-1297","https://www.gaaraas.com/electric_cars?_=1786646200315&button=&listing%5Bbrand_id%5D=&listing%5Bcar_type%5D=1&listing%5Bmaxprice%5D=160000001&listing%5Bminprice%5D=55309&page=35&utf8=%E2%9C%93","https://www.gaaraas.com/fr/vehicle_listings/annonce-renault-qm3-dakar-dakar-33481","Renault Qm3","2017","7 000 000","155 038 km","Automatique","Dakar"
"1786656195-1298","https://www.gaaraas.com/electric_cars?_=1786646200315&button=&listing%5Bbrand_id%5D=&listing%5Bcar_type%5D=1&listing%5Bmaxprice%5D=160000001&listing%5Bminprice%5D=55309&page=35&utf8=%E2%9C%93","https://www.gaaraas.com/fr/vehicle_listings/annonce-hyundai-santa-fe-dakar-dakar-33482","Hyundai Santa Fe","2015","","97 000 km","Automatique","Dakar"
"1786656199-1299","https://www.gaaraas.com/electric_cars?_=1786646200315&button=&listing%5Bbrand_id%5D=&listing%5Bcar_type%5D=1&listing%5Bmaxprice%5D=160000001&listing%5Bminprice%5D=55309&page=35&utf8=%E2%9C%93","https://www.gaaraas.com/fr/vehicle_listings/annonce-bmw-x4-dakar-dakar-33483","BMW X4","2020","24 000 000","89 000 km","Automatique","Dakar"
"1786656202-1300","https://www.gaaraas.com/electric_cars?_=1786646200315&button=&listing%5Bbrand_id%5D=&listing%5Bcar_type%5D=1&listing%5Bmaxprice%5D=160000001&listing%5Bminprice%5D=55309&page=35&utf8=%E2%9C%93","https://www.gaaraas.com/fr/vehicle_listings/annonce-peugeot-5008-fatick-diofior-33484","Peugeot 5008","2018","5 800 000","210 000 km","Manuelle","Diofior"
"1786656205-1301","https://www.gaaraas.com/electric_cars?_=1786646200315&button=&listing%5Bbrand_id%5D=&listing%5Bcar_type%5D=1&listing%5Bmaxprice%5D=160000001&listing%5Bminprice%5D=55309&page=35&utf8=%E2%9C%93","https://www.gaaraas.com/fr/vehicle_listings/annonce-bmw-3-series-dakar-dakar-33485","BMW 3–Series","2021","8 000 000","42 000 km","Automatique","Dakar"
"1786656210-1302","https://www.gaaraas.com/electric_cars?_=1786646200315&button=&listing%5Bbrand_id%5D=&listing%5Bcar_type%5D=1&listing%5Bmaxprice%5D=160000001&listing%5Bminprice%5D=55309&page=35&utf8=%E2%9C%93","https://www.gaaraas.com/fr/vehicle_listings/annonce-mitsubishi-pajero-dakar-dakar-33487","Mitsubishi Pajero","2015","","135 726 km","Automatique","Dakar"
"1786656213-1303","https://www.gaaraas.com/electric_cars?_=1786646200315&button=&listing%5Bbrand_id%5D=&listing%5Bcar_type%5D=1&listing%5Bmaxprice%5D=160000001&listing%5Bminprice%5D=55309&page=35&utf8=%E2%9C%93","https://www.gaaraas.com/fr/vehicle_listings/annonce-byd-atto3-dakar-dakar-33488","BYD Atto3","2025","4 480 000","7 000 km","Automatique","Dakar"
"1786656217-1304","https://www.gaaraas.com/electric_cars?_=1786646200315&button=&listing%5Bbrand_id%5D=&listing%5Bcar_type%5D=1&listing%5Bmaxprice%5D=160000001&listing%5Bminprice%5D=55309&page=35&utf8=%E2%9C%93","https://www.gaaraas.com/fr/vehicle_listings/annonce-mitsubishi-outlander-dakar-dakar-33489","Mitsubishi Outlander","2022","19 000 000","56 000 km","Automatique","Dakar"
"1786656221-1305","https://www.gaaraas.com/electric_cars?_=1786646200315&button=&listing%5Bbrand_id%5D=&listing%5Bcar_type%5D=1&listing%5Bmaxprice%5D=160000001&listing%5Bminprice%5D=55309&page=35&utf8=%E2%9C%93","https://www.gaaraas.com/fr/vehicle_listings/annonce-ford-focus-kolda-dabo-33490","Ford Focus","2009","3 000 000","160 000 km","Manuelle","Dabo"
"1786656225-1306","https://www.gaaraas.com/electric_cars?_=1786646200315&button=&listing%5Bbrand_id%5D=&listing%5Bcar_type%5D=1&listing%5Bmaxprice%5D=160000001&listing%5Bminprice%5D=55309&page=35&utf8=%E2%9C%93","https://www.gaaraas.com/fr/vehicle_listings/annonce-renault-clio-dakar-dakar-33491","Renault Clio","2018","4 800 000","72 350 km","Manuelle","Dakar"
"1786656230-1307","https://www.gaaraas.com/electric_cars?_=1786646200315&button=&listing%5Bbrand_id%5D=&listing%5Bcar_type%5D=1&listing%5Bmaxprice%5D=160000001&listing%5Bminprice%5D=55309&page=35&utf8=%E2%9C%93","https://www.gaaraas.com/fr/vehicle_listings/annonce-hyundai-elantra-dakar-dakar-33492","Hyundai Elantra","2022","10 700 000","67 000 km","Automatique","Dakar"
"1786656257-1308","https://www.gaaraas.com/electric_cars?_=1786646200315&button=&listing%5Bbrand_id%5D=&listing%5Bcar_type%5D=1&listing%5Bmaxprice%5D=160000001&listing%5Bminprice%5D=55309&page=34&utf8=%E2%9C%93","https://www.gaaraas.com/fr/vehicle_listings/annonce-mitsubishi-l200-dakar-dakar-33493","Mitsubishi L200","2018","2 254 000","82 000 km","Manuelle","Dakar"
"1786656267-1309","https://www.gaaraas.com/electric_cars?_=1786646200315&button=&listing%5Bbrand_id%5D=&listing%5Bcar_type%5D=1&listing%5Bmaxprice%5D=160000001&listing%5Bminprice%5D=55309&page=34&utf8=%E2%9C%93","https://www.gaaraas.com/fr/vehicle_listings/annonce-peugeot-3008-dakar-dakar-33494","Peugeot 3008","2018","","200 000 km","Automatique","Dakar"
"1786656270-1310","https://www.gaaraas.com/electric_cars?_=1786646200315&button=&listing%5Bbrand_id%5D=&listing%5Bcar_type%5D=1&listing%5Bmaxprice%5D=160000001&listing%5Bminprice%5D=55309&page=34&utf8=%E2%9C%93","https://www.gaaraas.com/fr/vehicle_listings/annonce-mazda-3-dakar-dakar-33495","Mazda 3","2016","","0 km","Manuelle","Dakar"
"1786656274-1311","https://www.gaaraas.com/electric_cars?_=1786646200315&button=&listing%5Bbrand_id%5D=&listing%5Bcar_type%5D=1&listing%5Bmaxprice%5D=160000001&listing%5Bminprice%5D=55309&page=34&utf8=%E2%9C%93","https://www.gaaraas.com/fr/vehicle_listings/annonce-land-rover-range-rover-sport-dakar-dakar-33496","Land Rover Range Rover Sport","2023","","0 km","Automatique","Dakar"
"1786656279-1312","https://www.gaaraas.com/electric_cars?_=1786646200315&button=&listing%5Bbrand_id%5D=&listing%5Bcar_type%5D=1&listing%5Bmaxprice%5D=160000001&listing%5Bminprice%5D=55309&page=34&utf8=%E2%9C%93","https://www.gaaraas.com/fr/vehicle_listings/annonce-mercedes-benz-c-classe-dakar-dakar-33497","Mercedes-Benz C-Classe","2024","","0 km","Automatique","Dakar"
"1786656299-1313","https://www.gaaraas.com/electric_cars?_=1786646200315&button=&listing%5Bbrand_id%5D=&listing%5Bcar_type%5D=1&listing%5Bmaxprice%5D=160000001&listing%5Bminprice%5D=55309&page=34&utf8=%E2%9C%93","https://www.gaaraas.com/fr/vehicle_listings/annonce-citroen-c4-cactus-dakar-dakar-33498","Citroen C4 Cactus","2016","","0 km","Manuelle","Dakar"
"1786656303-1314","https://www.gaaraas.com/electric_cars?_=1786646200315&button=&listing%5Bbrand_id%5D=&listing%5Bcar_type%5D=1&listing%5Bmaxprice%5D=160000001&listing%5Bminprice%5D=55309&page=34&utf8=%E2%9C%93","https://www.gaaraas.com/fr/vehicle_listings/annonce-hyundai-grandeur-dakar-dakar-33499","Hyundai Grandeur","2017","7 500 000","0 km","Automatique","Dakar"
"1786656306-1315","https://www.gaaraas.com/electric_cars?_=1786646200315&button=&listing%5Bbrand_id%5D=&listing%5Bcar_type%5D=1&listing%5Bmaxprice%5D=160000001&listing%5Bminprice%5D=55309&page=34&utf8=%E2%9C%93","https://www.gaaraas.com/fr/vehicle_listings/annonce-hyundai-sonata-dakar-dakar-33500","Hyundai Sonata","2019","","0 km","Automatique","Dakar"
"1786656312-1316","https://www.gaaraas.com/electric_cars?_=1786646200315&button=&listing%5Bbrand_id%5D=&listing%5Bcar_type%5D=1&listing%5Bmaxprice%5D=160000001&listing%5Bminprice%5D=55309&page=34&utf8=%E2%9C%93","https://www.gaaraas.com/fr/vehicle_listings/annonce-audi-q3-dakar-dakar-33501","Audi Q3","2020","","0 km","Automatique","Dakar"
"1786656315-1317","https://www.gaaraas.com/electric_cars?_=1786646200315&button=&listing%5Bbrand_id%5D=&listing%5Bcar_type%5D=1&listing%5Bmaxprice%5D=160000001&listing%5Bminprice%5D=55309&page=34&utf8=%E2%9C%93","https://www.gaaraas.com/fr/vehicle_listings/annonce-land-rover-range-rover-evoque-dakar-dakar-33502","Land Rover Range Rover Evoque","2020","18 500 000","63 000 km","Automatique","Dakar"
"1786656320-1318","https://www.gaaraas.com/electric_cars?_=1786646200315&button=&listing%5Bbrand_id%5D=&listing%5Bcar_type%5D=1&listing%5Bmaxprice%5D=160000001&listing%5Bminprice%5D=55309&page=34&utf8=%E2%9C%93","https://www.gaaraas.com/fr/vehicle_listings/annonce-hyundai-elantra-dakar-dakar-33503","Hyundai Elantra","2013","","100 000 km","Automatique","Dakar"
"1786656325-1319","https://www.gaaraas.com/electric_cars?_=1786646200315&button=&listing%5Bbrand_id%5D=&listing%5Bcar_type%5D=1&listing%5Bmaxprice%5D=160000001&listing%5Bminprice%5D=55309&page=34&utf8=%E2%9C%93","https://www.gaaraas.com/fr/vehicle_listings/annonce-mazda-cx-9-dakar-dakar-33504","Mazda CX-9","2019","","0 km","Automatique","Dakar"
"1786656340-1320","https://www.gaaraas.com/electric_cars?_=1786646200315&button=&listing%5Bbrand_id%5D=&listing%5Bcar_type%5D=1&listing%5Bmaxprice%5D=160000001&listing%5Bminprice%5D=55309&page=34&utf8=%E2%9C%93","https://www.gaaraas.com/fr/vehicle_listings/annonce-mitsubishi-rvr-dakar-dakar-33505","Mitsubishi RVR","2013","4 900 000","130 000 km","Automatique","Dakar"
"1786656346-1321","https://www.gaaraas.com/electric_cars?_=1786646200315&button=&listing%5Bbrand_id%5D=&listing%5Bcar_type%5D=1&listing%5Bmaxprice%5D=160000001&listing%5Bminprice%5D=55309&page=34&utf8=%E2%9C%93","https://www.gaaraas.com/fr/vehicle_listings/annonce-hyundai-tucson-dakar-dakar-33506","Hyundai Tucson","2017","","0 km","Automatique","Dakar"
"1786656350-1322","https://www.gaaraas.com/electric_cars?_=1786646200315&button=&listing%5Bbrand_id%5D=&listing%5Bcar_type%5D=1&listing%5Bmaxprice%5D=160000001&listing%5Bminprice%5D=55309&page=34&utf8=%E2%9C%93","https://www.gaaraas.com/fr/vehicle_listings/annonce-ford-fusion-dakar-dakar-33507","Ford Fusion","2017","","0 km","Automatique","Dakar"
"1786656354-1323","https://www.gaaraas.com/electric_cars?_=1786646200315&button=&listing%5Bbrand_id%5D=&listing%5Bcar_type%5D=1&listing%5Bmaxprice%5D=160000001&listing%5Bminprice%5D=55309&page=34&utf8=%E2%9C%93","https://www.gaaraas.com/fr/vehicle_listings/annonce-mazda-cx-5-dakar-dakar-33508","Mazda CX-5","2016","","0 km","Automatique","Dakar"
"1786656357-1324","https://www.gaaraas.com/electric_cars?_=1786646200315&button=&listing%5Bbrand_id%5D=&listing%5Bcar_type%5D=1&listing%5Bmaxprice%5D=160000001&listing%5Bminprice%5D=55309&page=34&utf8=%E2%9C%93","https://www.gaaraas.com/fr/vehicle_listings/annonce-land-rover-range-rover-sport-dakar-dakar-33509","Land Rover Range Rover Sport","2017","","0 km","Automatique","Dakar"
"1786656362-1325","https://www.gaaraas.com/electric_cars?_=1786646200315&button=&listing%5Bbrand_id%5D=&listing%5Bcar_type%5D=1&listing%5Bmaxprice%5D=160000001&listing%5Bminprice%5D=55309&page=34&utf8=%E2%9C%93","https://www.gaaraas.com/fr/vehicle_listings/annonce-hyundai-tucson-dakar-dakar-33510","Hyundai Tucson","2016","","0 km","Automatique","Dakar"
"1786656365-1326","https://www.gaaraas.com/electric_cars?_=1786646200315&button=&listing%5Bbrand_id%5D=&listing%5Bcar_type%5D=1&listing%5Bmaxprice%5D=160000001&listing%5Bminprice%5D=55309&page=34&utf8=%E2%9C%93","https://www.gaaraas.com/fr/vehicle_listings/annonce-bmw-3-series-dakar-dakar-33511","BMW 3–Series","2015","","100 000 km","Automatique","Dakar"
"1786656370-1327","https://www.gaaraas.com/electric_cars?_=1786646200315&button=&listing%5Bbrand_id%5D=&listing%5Bcar_type%5D=1&listing%5Bmaxprice%5D=160000001&listing%5Bminprice%5D=55309&page=34&utf8=%E2%9C%93","https://www.gaaraas.com/fr/vehicle_listings/annonce-mazda-cx-5-dakar-dakar-33512","Mazda CX-5","2022","","0 km","Automatique","Dakar"
"1786656378-1328","https://www.gaaraas.com/electric_cars?_=1786646200315&button=&listing%5Bbrand_id%5D=&listing%5Bcar_type%5D=1&listing%5Bmaxprice%5D=160000001&listing%5Bminprice%5D=55309&page=33&utf8=%E2%9C%93","https://www.gaaraas.com/fr/vehicle_listings/annonce-renault-symbol-dakar-dakar-33513","Renault Symbol","2015","2 800 000","114 000 km","Manuelle","Dakar"
"1786656382-1329","https://www.gaaraas.com/electric_cars?_=1786646200315&button=&listing%5Bbrand_id%5D=&listing%5Bcar_type%5D=1&listing%5Bmaxprice%5D=160000001&listing%5Bminprice%5D=55309&page=33&utf8=%E2%9C%93","https://www.gaaraas.com/fr/vehicle_listings/annonce-toyota-land-cruiser-prado-dakar-dakar-33514","Toyota Land Cruiser Prado","2021","","0 km","Automatique","Dakar"
"1786656388-1330","https://www.gaaraas.com/electric_cars?_=1786646200315&button=&listing%5Bbrand_id%5D=&listing%5Bcar_type%5D=1&listing%5Bmaxprice%5D=160000001&listing%5Bminprice%5D=55309&page=33&utf8=%E2%9C%93","https://www.gaaraas.com/fr/vehicle_listings/annonce-nissan-terrano-dakar-dakar-33515","Nissan Terrano","2006","","200 000 km","Manuelle","Dakar"
"1786656393-1331","https://www.gaaraas.com/electric_cars?_=1786646200315&button=&listing%5Bbrand_id%5D=&listing%5Bcar_type%5D=1&listing%5Bmaxprice%5D=160000001&listing%5Bminprice%5D=55309&page=33&utf8=%E2%9C%93","https://www.gaaraas.com/fr/vehicle_listings/annonce-toyota-hiace-dakar-dakar-33516","Toyota Hiace","2017","","0 km","Manuelle","Dakar"
"1786656398-1332","https://www.gaaraas.com/electric_cars?_=1786646200315&button=&listing%5Bbrand_id%5D=&listing%5Bcar_type%5D=1&listing%5Bmaxprice%5D=160000001&listing%5Bminprice%5D=55309&page=33&utf8=%E2%9C%93","https://www.gaaraas.com/fr/vehicle_listings/annonce-ford-ranger-dakar-dakar-33517","Ford Ranger","2018","","0 km","Manuelle","Dakar"
"1786656402-1333","https://www.gaaraas.com/electric_cars?_=1786646200315&button=&listing%5Bbrand_id%5D=&listing%5Bcar_type%5D=1&listing%5Bmaxprice%5D=160000001&listing%5Bminprice%5D=55309&page=33&utf8=%E2%9C%93","https://www.gaaraas.com/fr/vehicle_listings/annonce-peugeot-3008-dakar-dakar-33518","Peugeot 3008","2019","","0 km","Automatique","Dakar"
"1786656436-1334","https://www.gaaraas.com/electric_cars?_=1786646200315&button=&listing%5Bbrand_id%5D=&listing%5Bcar_type%5D=1&listing%5Bmaxprice%5D=160000001&listing%5Bminprice%5D=55309&page=33&utf8=%E2%9C%93","https://www.gaaraas.com/fr/vehicle_listings/annonce-land-rover-range-rover-sport-dakar-dakar-33519","Land Rover Range Rover Sport","2019","","0 km","Automatique","Dakar"
"1786656441-1335","https://www.gaaraas.com/electric_cars?_=1786646200315&button=&listing%5Bbrand_id%5D=&listing%5Bcar_type%5D=1&listing%5Bmaxprice%5D=160000001&listing%5Bminprice%5D=55309&page=33&utf8=%E2%9C%93","https://www.gaaraas.com/fr/vehicle_listings/annonce-land-rover-range-rover-vogue-dakar-dakar-33520","Land Rover Range Rover Vogue","2020","","0 km","Automatique","Dakar"
"1786656445-1336","https://www.gaaraas.com/electric_cars?_=1786646200315&button=&listing%5Bbrand_id%5D=&listing%5Bcar_type%5D=1&listing%5Bmaxprice%5D=160000001&listing%5Bminprice%5D=55309&page=33&utf8=%E2%9C%93","https://www.gaaraas.com/fr/vehicle_listings/annonce-citroen-c4-cactus-dakar-dakar-33521","Citroen C4 cactus","2017","","0 km","Automatique","Dakar"
"1786656450-1337","https://www.gaaraas.com/electric_cars?_=1786646200315&button=&listing%5Bbrand_id%5D=&listing%5Bcar_type%5D=1&listing%5Bmaxprice%5D=160000001&listing%5Bminprice%5D=55309&page=33&utf8=%E2%9C%93","https://www.gaaraas.com/fr/vehicle_listings/annonce-chevrolet-equinox-dakar-dakar-33522","Chevrolet Equinox","2017","","117 000 km","Automatique","Dakar"
"1786656456-1338","https://www.gaaraas.com/electric_cars?_=1786646200315&button=&listing%5Bbrand_id%5D=&listing%5Bcar_type%5D=1&listing%5Bmaxprice%5D=160000001&listing%5Bminprice%5D=55309&page=33&utf8=%E2%9C%93","https://www.gaaraas.com/fr/vehicle_listings/annonce-jeep-cherokee-dakar-dakar-33523","Jeep Cherokee","2018","9 800 000","132 000 km","Automatique","Dakar"
"1786656462-1339","https://www.gaaraas.com/electric_cars?_=1786646200315&button=&listing%5Bbrand_id%5D=&listing%5Bcar_type%5D=1&listing%5Bmaxprice%5D=160000001&listing%5Bminprice%5D=55309&page=33&utf8=%E2%9C%93","https://www.gaaraas.com/fr/vehicle_listings/annonce-ford-focus-dakar-dakar-33524","Ford Focus","2014","2 750 000","220 000 km","Automatique","Dakar"
"1786656470-1340","https://www.gaaraas.com/electric_cars?_=1786646200315&button=&listing%5Bbrand_id%5D=&listing%5Bcar_type%5D=1&listing%5Bmaxprice%5D=160000001&listing%5Bminprice%5D=55309&page=33&utf8=%E2%9C%93","https://www.gaaraas.com/fr/vehicle_listings/annonce-mercedes-benz-c-class-dakar-dakar-33525","Mercedes‒Benz C–Class","2019","8 000 000","97 500 km","Automatique","Dakar"
"1786656474-1341","https://www.gaaraas.com/electric_cars?_=1786646200315&button=&listing%5Bbrand_id%5D=&listing%5Bcar_type%5D=1&listing%5Bmaxprice%5D=160000001&listing%5Bminprice%5D=55309&page=33&utf8=%E2%9C%93","https://www.gaaraas.com/fr/vehicle_listings/annonce-hyundai-palisade-dakar-dakar-33526","Hyundai Palisade","2020","","100 000 km","Automatique","Dakar"
"1786656479-1342","https://www.gaaraas.com/electric_cars?_=1786646200315&button=&listing%5Bbrand_id%5D=&listing%5Bcar_type%5D=1&listing%5Bmaxprice%5D=160000001&listing%5Bminprice%5D=55309&page=33&utf8=%E2%9C%93","https://www.gaaraas.com/fr/vehicle_listings/annonce-peugeot-308-dakar-dakar-33528","Peugeot 308","2016","5 300 000","100 000 km","Manuelle","Dakar"
"1786656486-1343","https://www.gaaraas.com/electric_cars?_=1786646200315&button=&listing%5Bbrand_id%5D=&listing%5Bcar_type%5D=1&listing%5Bmaxprice%5D=160000001&listing%5Bminprice%5D=55309&page=33&utf8=%E2%9C%93","https://www.gaaraas.com/fr/vehicle_listings/annonce-ford-ranger-dakar-dakar-33529","Ford Ranger","2024","3 954 000","32 000 km","Automatique","Dakar"
"1786656492-1344","https://www.gaaraas.com/electric_cars?_=1786646200315&button=&listing%5Bbrand_id%5D=&listing%5Bcar_type%5D=1&listing%5Bmaxprice%5D=160000001&listing%5Bminprice%5D=55309&page=33&utf8=%E2%9C%93","https://www.gaaraas.com/fr/vehicle_listings/annonce-peugeot-208-dakar-dakar-33530","Peugeot 208","2015","4 800 000","195 000 km","Manuelle","Dakar"
"1786656497-1345","https://www.gaaraas.com/electric_cars?_=1786646200315&button=&listing%5Bbrand_id%5D=&listing%5Bcar_type%5D=1&listing%5Bmaxprice%5D=160000001&listing%5Bminprice%5D=55309&page=33&utf8=%E2%9C%93","https://www.gaaraas.com/fr/vehicle_listings/annonce-kia-soul-dakar-dakar-33531","Kia Soul","2011","2 600 000","106 184 km","Automatique","Dakar"
"1786656502-1346","https://www.gaaraas.com/electric_cars?_=1786646200315&button=&listing%5Bbrand_id%5D=&listing%5Bcar_type%5D=1&listing%5Bmaxprice%5D=160000001&listing%5Bminprice%5D=55309&page=33&utf8=%E2%9C%93","https://www.gaaraas.com/fr/vehicle_listings/annonce-hyundai-tucson-dakar-dakar-33532","Hyundai Tucson","2017","7 300 000","100 000 km","Automatique","Dakar"
"1786656508-1347","https://www.gaaraas.com/electric_cars?_=1786646200315&button=&listing%5Bbrand_id%5D=&listing%5Bcar_type%5D=1&listing%5Bmaxprice%5D=160000001&listing%5Bminprice%5D=55309&page=33&utf8=%E2%9C%93","https://www.gaaraas.com/fr/vehicle_listings/annonce-mazda-cx-5-dakar-dakar-33533","Mazda CX-5","2017","8 700 000","100 000 km","Automatique","Dakar"
"1786656517-1348","https://www.gaaraas.com/electric_cars?_=1786646200315&button=&listing%5Bbrand_id%5D=&listing%5Bcar_type%5D=1&listing%5Bmaxprice%5D=160000001&listing%5Bminprice%5D=55309&page=32&utf8=%E2%9C%93","https://www.gaaraas.com/fr/vehicle_listings/annonce-hyundai-elantra-dakar-dakar-33534","Hyundai Elantra","2018","6 500 000","100 000 km","Automatique","Dakar"
"1786656524-1349","https://www.gaaraas.com/electric_cars?_=1786646200315&button=&listing%5Bbrand_id%5D=&listing%5Bcar_type%5D=1&listing%5Bmaxprice%5D=160000001&listing%5Bminprice%5D=55309&page=32&utf8=%E2%9C%93","https://www.gaaraas.com/fr/vehicle_listings/annonce-hyundai-palisade-dakar-dakar-33535","Hyundai Palisade","2021","24 000 000","0 km","Automatique","Dakar"
"1786656570-1350","https://www.gaaraas.com/electric_cars?_=1786646200315&button=&listing%5Bbrand_id%5D=&listing%5Bcar_type%5D=1&listing%5Bmaxprice%5D=160000001&listing%5Bminprice%5D=55309&page=32&utf8=%E2%9C%93","https://www.gaaraas.com/fr/vehicle_listings/annonce-toyota-rav-4-dakar-dakar-33536","Toyota Rav 4","2020","17 500 000","71 000 km","Automatique","Dakar"
"1786656577-1351","https://www.gaaraas.com/electric_cars?_=1786646200315&button=&listing%5Bbrand_id%5D=&listing%5Bcar_type%5D=1&listing%5Bmaxprice%5D=160000001&listing%5Bminprice%5D=55309&page=32&utf8=%E2%9C%93","https://www.gaaraas.com/fr/vehicle_listings/annonce-great-wall-poer-dakar-dakar-33537","Great Wall Poer","Gris de fer","25 000 000","2025","Automatique","Dakar"
"1786656582-1352","https://www.gaaraas.com/electric_cars?_=1786646200315&button=&listing%5Bbrand_id%5D=&listing%5Bcar_type%5D=1&listing%5Bmaxprice%5D=160000001&listing%5Bminprice%5D=55309&page=32&utf8=%E2%9C%93","https://www.gaaraas.com/fr/vehicle_listings/annonce-bmw-x5-dakar-dakar-33538","BMW X5","2020","29 000 000","89 000 km","Automatique","Dakar"
"1786656587-1353","https://www.gaaraas.com/electric_cars?_=1786646200315&button=&listing%5Bbrand_id%5D=&listing%5Bcar_type%5D=1&listing%5Bmaxprice%5D=160000001&listing%5Bminprice%5D=55309&page=32&utf8=%E2%9C%93","https://www.gaaraas.com/fr/vehicle_listings/annonce-dodge-caravan-dakar-dakar-33539","Dodge Caravan","2017","","153 000 km","Automatique","Dakar"
"1786656592-1354","https://www.gaaraas.com/electric_cars?_=1786646200315&button=&listing%5Bbrand_id%5D=&listing%5Bcar_type%5D=1&listing%5Bmaxprice%5D=160000001&listing%5Bminprice%5D=55309&page=32&utf8=%E2%9C%93","https://www.gaaraas.com/fr/vehicle_listings/annonce-nissan-altima-dakar-dakar-33540","Nissan Altima","2017","4 900 000","90 000 km","Automatique","Dakar"
"1786656597-1355","https://www.gaaraas.com/electric_cars?_=1786646200315&button=&listing%5Bbrand_id%5D=&listing%5Bcar_type%5D=1&listing%5Bmaxprice%5D=160000001&listing%5Bminprice%5D=55309&page=32&utf8=%E2%9C%93","https://www.gaaraas.com/fr/vehicle_listings/annonce-hyundai-tucson-dakar-dakar-33541","Hyundai Tucson","2015","","100 000 km","Automatique","Dakar"
"1786656602-1356","https://www.gaaraas.com/electric_cars?_=1786646200315&button=&listing%5Bbrand_id%5D=&listing%5Bcar_type%5D=1&listing%5Bmaxprice%5D=160000001&listing%5Bminprice%5D=55309&page=32&utf8=%E2%9C%93","https://www.gaaraas.com/fr/vehicle_listings/annonce-mazda-cx-5-dakar-dakar-33542","Mazda CX-5","2019","","85 000 km","Automatique","Dakar"
"1786656607-1357","https://www.gaaraas.com/electric_cars?_=1786646200315&button=&listing%5Bbrand_id%5D=&listing%5Bcar_type%5D=1&listing%5Bmaxprice%5D=160000001&listing%5Bminprice%5D=55309&page=32&utf8=%E2%9C%93","https://www.gaaraas.com/fr/vehicle_listings/annonce-chevrolet-cruze-dakar-dakar-33543","Chevrolet Cruze","2014","","120 000 km","Automatique","Dakar"
"1786656639-1358","https://www.gaaraas.com/electric_cars?_=1786646200315&button=&listing%5Bbrand_id%5D=&listing%5Bcar_type%5D=1&listing%5Bmaxprice%5D=160000001&listing%5Bminprice%5D=55309&page=32&utf8=%E2%9C%93","https://www.gaaraas.com/fr/vehicle_listings/annonce-ford-mustang-dakar-dakar-33544","FORD MUSTANG","2016","","118 000 km","Manuelle","Dakar"
"1786656647-1359","https://www.gaaraas.com/electric_cars?_=1786646200315&button=&listing%5Bbrand_id%5D=&listing%5Bcar_type%5D=1&listing%5Bmaxprice%5D=160000001&listing%5Bminprice%5D=55309&page=32&utf8=%E2%9C%93","https://www.gaaraas.com/fr/vehicle_listings/annonce-kia-sportage-dakar-rufisque-33545","Kia Sportage","2018","","81 273 km","Automatique","Rufisque"
"1786656653-1360","https://www.gaaraas.com/electric_cars?_=1786646200315&button=&listing%5Bbrand_id%5D=&listing%5Bcar_type%5D=1&listing%5Bmaxprice%5D=160000001&listing%5Bminprice%5D=55309&page=32&utf8=%E2%9C%93","https://www.gaaraas.com/fr/vehicle_listings/annonce-mazda-cx-5-dakar-dakar-33546","Mazda CX-5","2016","6 000 000","100 000 km","Automatique","Dakar"
"1786656659-1361","https://www.gaaraas.com/electric_cars?_=1786646200315&button=&listing%5Bbrand_id%5D=&listing%5Bcar_type%5D=1&listing%5Bmaxprice%5D=160000001&listing%5Bminprice%5D=55309&page=32&utf8=%E2%9C%93","https://www.gaaraas.com/fr/vehicle_listings/annonce-mazda-cx-5-dakar-dakar-33547","Mazda CX-5","2016","6 800 000","100 000 km","Automatique","Dakar"
"1786656665-1362","https://www.gaaraas.com/electric_cars?_=1786646200315&button=&listing%5Bbrand_id%5D=&listing%5Bcar_type%5D=1&listing%5Bmaxprice%5D=160000001&listing%5Bminprice%5D=55309&page=32&utf8=%E2%9C%93","https://www.gaaraas.com/fr/vehicle_listings/annonce-mercedes-benz-glc-coupe-dakar-dakar-33548","Mercedes‒Benz GLC Coupe","2018","16 500 000","0 km","Automatique","Dakar"
"1786656671-1363","https://www.gaaraas.com/electric_cars?_=1786646200315&button=&listing%5Bbrand_id%5D=&listing%5Bcar_type%5D=1&listing%5Bmaxprice%5D=160000001&listing%5Bminprice%5D=55309&page=32&utf8=%E2%9C%93","https://www.gaaraas.com/fr/vehicle_listings/annonce-toyota-hilux-dakar-dakar-33549","Toyota Hilux","2019","27 500 000","90 000 km","Automatique","Dakar"
"1786656676-1364","https://www.gaaraas.com/electric_cars?_=1786646200315&button=&listing%5Bbrand_id%5D=&listing%5Bcar_type%5D=1&listing%5Bmaxprice%5D=160000001&listing%5Bminprice%5D=55309&page=32&utf8=%E2%9C%93","https://www.gaaraas.com/fr/vehicle_listings/annonce-toyota-hilux-dakar-dakar-33550","Toyota Hilux","2018","23 000 000","0 km","Automatique","Dakar"
"1786656682-1365","https://www.gaaraas.com/electric_cars?_=1786646200315&button=&listing%5Bbrand_id%5D=&listing%5Bcar_type%5D=1&listing%5Bmaxprice%5D=160000001&listing%5Bminprice%5D=55309&page=32&utf8=%E2%9C%93","https://www.gaaraas.com/fr/vehicle_listings/annonce-mazda-cx-5-dakar-dakar-33551","Mazda CX-5","2019","14 000 000","0 km","Automatique","Dakar"
"1786656688-1366","https://www.gaaraas.com/electric_cars?_=1786646200315&button=&listing%5Bbrand_id%5D=&listing%5Bcar_type%5D=1&listing%5Bmaxprice%5D=160000001&listing%5Bminprice%5D=55309&page=32&utf8=%E2%9C%93","https://www.gaaraas.com/fr/vehicle_listings/annonce-hyundai-tucson-dakar-dakar-33552","Hyundai Tucson","2019","7 500 000","100 000 km","Automatique","Dakar"
"1786656693-1367","https://www.gaaraas.com/electric_cars?_=1786646200315&button=&listing%5Bbrand_id%5D=&listing%5Bcar_type%5D=1&listing%5Bmaxprice%5D=160000001&listing%5Bminprice%5D=55309&page=32&utf8=%E2%9C%93","https://www.gaaraas.com/fr/vehicle_listings/annonce-hyundai-tucson-dakar-dakar-33553","Hyundai Tucson","2018","6 900 000","100 000 km","Automatique","Dakar"
"1786656706-1368","https://www.gaaraas.com/electric_cars?_=1786646200315&button=&listing%5Bbrand_id%5D=&listing%5Bcar_type%5D=1&listing%5Bmaxprice%5D=160000001&listing%5Bminprice%5D=55309&page=31&utf8=%E2%9C%93","https://www.gaaraas.com/fr/vehicle_listings/annonce-peugeot-3008-dakar-dakar-33554","Peugeot 3008","2018","","0 km","Automatique","Dakar"
"1786656710-1369","https://www.gaaraas.com/electric_cars?_=1786646200315&button=&listing%5Bbrand_id%5D=&listing%5Bcar_type%5D=1&listing%5Bmaxprice%5D=160000001&listing%5Bminprice%5D=55309&page=31&utf8=%E2%9C%93","https://www.gaaraas.com/fr/vehicle_listings/annonce-bmw-x3-dakar-dakar-33555","BMW X3","2018","","0 km","Automatique","Dakar"
"1786656716-1370","https://www.gaaraas.com/electric_cars?_=1786646200315&button=&listing%5Bbrand_id%5D=&listing%5Bcar_type%5D=1&listing%5Bmaxprice%5D=160000001&listing%5Bminprice%5D=55309&page=31&utf8=%E2%9C%93","https://www.gaaraas.com/fr/vehicle_listings/annonce-bmw-x4-dakar-dakar-33556","BMW X4","2016","","0 km","Automatique","Dakar"
"1786656721-1371","https://www.gaaraas.com/electric_cars?_=1786646200315&button=&listing%5Bbrand_id%5D=&listing%5Bcar_type%5D=1&listing%5Bmaxprice%5D=160000001&listing%5Bminprice%5D=55309&page=31&utf8=%E2%9C%93","https://www.gaaraas.com/fr/vehicle_listings/annonce-suzuki-grand-vitara-dakar-dakar-33557","Suzuki Grand Vitara","2012","","0 km","Automatique","Dakar"
"1786656726-1372","https://www.gaaraas.com/electric_cars?_=1786646200315&button=&listing%5Bbrand_id%5D=&listing%5Bcar_type%5D=1&listing%5Bmaxprice%5D=160000001&listing%5Bminprice%5D=55309&page=31&utf8=%E2%9C%93","https://www.gaaraas.com/fr/vehicle_listings/annonce-renault-samsung-qm6-dakar-dakar-33558","Renault Samsung QM6","2017","","80 000 km","Automatique","Dakar"
"1786656731-1373","https://www.gaaraas.com/electric_cars?_=1786646200315&button=&listing%5Bbrand_id%5D=&listing%5Bcar_type%5D=1&listing%5Bmaxprice%5D=160000001&listing%5Bminprice%5D=55309&page=31&utf8=%E2%9C%93","https://www.gaaraas.com/fr/vehicle_listings/annonce-kia-sportage-dakar-dakar-33559","Kia Sportage","2018","6 800 000","100 000 km","Automatique","Dakar"
"1786656777-1374","https://www.gaaraas.com/electric_cars?_=1786646200315&button=&listing%5Bbrand_id%5D=&listing%5Bcar_type%5D=1&listing%5Bmaxprice%5D=160000001&listing%5Bminprice%5D=55309&page=31&utf8=%E2%9C%93","https://www.gaaraas.com/fr/vehicle_listings/annonce-bmw-x3-dakar-dakar-33560","BMW X3","2019","","80 000 km","Automatique","Dakar"
"1786656811-1375","https://www.gaaraas.com/electric_cars?_=1786646200315&button=&listing%5Bbrand_id%5D=&listing%5Bcar_type%5D=1&listing%5Bmaxprice%5D=160000001&listing%5Bminprice%5D=55309&page=31&utf8=%E2%9C%93","https://www.gaaraas.com/fr/vehicle_listings/annonce-hyundai-tucson-dakar-dakar-33561","Hyundai Tucson","2017","","90 000 km","Automatique","Dakar"
"1786656821-1376","https://www.gaaraas.com/electric_cars?_=1786646200315&button=&listing%5Bbrand_id%5D=&listing%5Bcar_type%5D=1&listing%5Bmaxprice%5D=160000001&listing%5Bminprice%5D=55309&page=31&utf8=%E2%9C%93","https://www.gaaraas.com/fr/vehicle_listings/annonce-hyundai-tucson-dakar-dakar-33562","Hyundai Tucson","2017","10 300 000","0 km","Automatique","Dakar"
"1786656829-1377","https://www.gaaraas.com/electric_cars?_=1786646200315&button=&listing%5Bbrand_id%5D=&listing%5Bcar_type%5D=1&listing%5Bmaxprice%5D=160000001&listing%5Bminprice%5D=55309&page=31&utf8=%E2%9C%93","https://www.gaaraas.com/fr/vehicle_listings/annonce-hyundai-tucson-dakar-dakar-33563","Hyundai Tucson","2015","","100 000 km","Automatique","Dakar"
"1786656900-1378","https://www.gaaraas.com/electric_cars?_=1786646200315&button=&listing%5Bbrand_id%5D=&listing%5Bcar_type%5D=1&listing%5Bmaxprice%5D=160000001&listing%5Bminprice%5D=55309&page=31&utf8=%E2%9C%93","https://www.gaaraas.com/fr/vehicle_listings/annonce-peugeot-2008-dakar-dakar-33565","Peugeot 2008","2017","","0 km","Automatique","Dakar"
"1786656902-1379","https://www.gaaraas.com/electric_cars?_=1786646200315&button=&listing%5Bbrand_id%5D=&listing%5Bcar_type%5D=1&listing%5Bmaxprice%5D=160000001&listing%5Bminprice%5D=55309&page=31&utf8=%E2%9C%93","https://www.gaaraas.com/fr/vehicle_listings/annonce-mazda-3-dakar-dakar-33566","Mazda 3","2017","","0 km","Automatique","Dakar"
"1786656905-1380","https://www.gaaraas.com/electric_cars?_=1786646200315&button=&listing%5Bbrand_id%5D=&listing%5Bcar_type%5D=1&listing%5Bmaxprice%5D=160000001&listing%5Bminprice%5D=55309&page=31&utf8=%E2%9C%93","https://www.gaaraas.com/fr/vehicle_listings/annonce-kia-sportage-dakar-dakar-33567","Kia Sportage","2017","","0 km","Automatique","Dakar"
"1786656908-1381","https://www.gaaraas.com/electric_cars?_=1786646200315&button=&listing%5Bbrand_id%5D=&listing%5Bcar_type%5D=1&listing%5Bmaxprice%5D=160000001&listing%5Bminprice%5D=55309&page=31&utf8=%E2%9C%93","https://www.gaaraas.com/fr/vehicle_listings/annonce-range-rover-evoque-dakar-dakar-33568","Range Rover Evoque","2014","","100 000 km","Automatique","Dakar"
"1786656911-1382","https://www.gaaraas.com/electric_cars?_=1786646200315&button=&listing%5Bbrand_id%5D=&listing%5Bcar_type%5D=1&listing%5Bmaxprice%5D=160000001&listing%5Bminprice%5D=55309&page=31&utf8=%E2%9C%93","https://www.gaaraas.com/fr/vehicle_listings/annonce-ford-escape-dakar-dakar-33569","Ford Escape","2011","","100 000 km","Automatique","Dakar"
"1786656914-1383","https://www.gaaraas.com/electric_cars?_=1786646200315&button=&listing%5Bbrand_id%5D=&listing%5Bcar_type%5D=1&listing%5Bmaxprice%5D=160000001&listing%5Bminprice%5D=55309&page=31&utf8=%E2%9C%93","https://www.gaaraas.com/fr/vehicle_listings/annonce-jeep-compass-dakar-dakar-33570","Jeep Compass","2018","6 800 000","100 000 km","Automatique","Dakar"
"1786656917-1384","https://www.gaaraas.com/electric_cars?_=1786646200315&button=&listing%5Bbrand_id%5D=&listing%5Bcar_type%5D=1&listing%5Bmaxprice%5D=160000001&listing%5Bminprice%5D=55309&page=31&utf8=%E2%9C%93","https://www.gaaraas.com/fr/vehicle_listings/annonce-mazda-cx-9-dakar-dakar-33571","Mazda CX-9","2018","","0 km","Manuelle","Dakar"
"1786656919-1385","https://www.gaaraas.com/electric_cars?_=1786646200315&button=&listing%5Bbrand_id%5D=&listing%5Bcar_type%5D=1&listing%5Bmaxprice%5D=160000001&listing%5Bminprice%5D=55309&page=31&utf8=%E2%9C%93","https://www.gaaraas.com/fr/vehicle_listings/annonce-bmw-x5-dakar-dakar-33572","BMW X5","2019","","0 km","Automatique","Dakar"
"1786656922-1386","https://www.gaaraas.com/electric_cars?_=1786646200315&button=&listing%5Bbrand_id%5D=&listing%5Bcar_type%5D=1&listing%5Bmaxprice%5D=160000001&listing%5Bminprice%5D=55309&page=31&utf8=%E2%9C%93","https://www.gaaraas.com/fr/vehicle_listings/annonce-toyota-rav-4-dakar-dakar-33573","Toyota Rav 4","2018","8 900 000","116 000 km","Automatique","Dakar"
"1786656931-1387","https://www.gaaraas.com/electric_cars?_=1786646200315&button=&listing%5Bbrand_id%5D=&listing%5Bcar_type%5D=1&listing%5Bmaxprice%5D=160000001&listing%5Bminprice%5D=55309&page=30&utf8=%E2%9C%93","https://www.gaaraas.com/fr/vehicle_listings/annonce-toyota-rav4-dakar-dakar-33574","Toyota RAV4","2018","8 900 000","0 km","Automatique","Dakar"
"1786656933-1388","https://www.gaaraas.com/electric_cars?_=1786646200315&button=&listing%5Bbrand_id%5D=&listing%5Bcar_type%5D=1&listing%5Bmaxprice%5D=160000001&listing%5Bminprice%5D=55309&page=30&utf8=%E2%9C%93","https://www.gaaraas.com/fr/vehicle_listings/annonce-hyundai-tucson-dakar-dakar-33575","Hyundai Tucson","2017","","0 km","Automatique","Dakar"
"1786656936-1389","https://www.gaaraas.com/electric_cars?_=1786646200315&button=&listing%5Bbrand_id%5D=&listing%5Bcar_type%5D=1&listing%5Bmaxprice%5D=160000001&listing%5Bminprice%5D=55309&page=30&utf8=%E2%9C%93","https://www.gaaraas.com/fr/vehicle_listings/annonce-lexus-gx-louga-dahra-33576","Lexus GX","2023","","26 364 km","Automatique","Dahra"
"1786656940-1390","https://www.gaaraas.com/electric_cars?_=1786646200315&button=&listing%5Bbrand_id%5D=&listing%5Bcar_type%5D=1&listing%5Bmaxprice%5D=160000001&listing%5Bminprice%5D=55309&page=30&utf8=%E2%9C%93","https://www.gaaraas.com/fr/vehicle_listings/annonce-toyota-camry-japan-fatick-guinguineo-33577","Toyota Camry (Japan)","2024","","21 546 km","Automatique","Guinguinéo"
"1786656943-1391","https://www.gaaraas.com/electric_cars?_=1786646200315&button=&listing%5Bbrand_id%5D=&listing%5Bcar_type%5D=1&listing%5Bmaxprice%5D=160000001&listing%5Bminprice%5D=55309&page=30&utf8=%E2%9C%93","https://www.gaaraas.com/fr/vehicle_listings/annonce-toyota-hilux-dakar-dakar-33578","Toyota Hilux","2021","","160 000 km","Manuelle","Dakar"
"1786656946-1392","https://www.gaaraas.com/electric_cars?_=1786646200315&button=&listing%5Bbrand_id%5D=&listing%5Bcar_type%5D=1&listing%5Bmaxprice%5D=160000001&listing%5Bminprice%5D=55309&page=30&utf8=%E2%9C%93","https://www.gaaraas.com/fr/vehicle_listings/annonce-mazda-cx-5-dakar-dakar-33579","Mazda CX-5","2016","6 800 000","100 000 km","Automatique","Dakar"
"1786656949-1393","https://www.gaaraas.com/electric_cars?_=1786646200315&button=&listing%5Bbrand_id%5D=&listing%5Bcar_type%5D=1&listing%5Bmaxprice%5D=160000001&listing%5Bminprice%5D=55309&page=30&utf8=%E2%9C%93","https://www.gaaraas.com/fr/vehicle_listings/annonce-hyundai-tucson-diourbel-diourbel-33580","Hyundai Tucson","2017","5 500 000","255 132 km","Manuelle","Diourbel"
"1786656952-1394","https://www.gaaraas.com/electric_cars?_=1786646200315&button=&listing%5Bbrand_id%5D=&listing%5Bcar_type%5D=1&listing%5Bmaxprice%5D=160000001&listing%5Bminprice%5D=55309&page=30&utf8=%E2%9C%93","https://www.gaaraas.com/fr/vehicle_listings/annonce-nissan-rogue-dakar-dakar-33581","Nissan Rogue","2016","","112 000 km","Automatique","Dakar"
"1786656957-1395","https://www.gaaraas.com/electric_cars?_=1786646200315&button=&listing%5Bbrand_id%5D=&listing%5Bcar_type%5D=1&listing%5Bmaxprice%5D=160000001&listing%5Bminprice%5D=55309&page=30&utf8=%E2%9C%93","https://www.gaaraas.com/fr/vehicle_listings/annonce-kia-sportage-dakar-dakar-33582","Kia Sportage","2023","15 000 000","42 000 km","Automatique","Dakar"
"1786656960-1396","https://www.gaaraas.com/electric_cars?_=1786646200315&button=&listing%5Bbrand_id%5D=&listing%5Bcar_type%5D=1&listing%5Bmaxprice%5D=160000001&listing%5Bminprice%5D=55309&page=30&utf8=%E2%9C%93","https://www.gaaraas.com/fr/vehicle_listings/annonce-toyota-highlander-dakar-dakar-33583","Toyota Highlander","2021","","60 000 km","Automatique","Dakar"
"1786656964-1397","https://www.gaaraas.com/electric_cars?_=1786646200315&button=&listing%5Bbrand_id%5D=&listing%5Bcar_type%5D=1&listing%5Bmaxprice%5D=160000001&listing%5Bminprice%5D=55309&page=30&utf8=%E2%9C%93","https://www.gaaraas.com/fr/vehicle_listings/annonce-mercedes-benz-e200-dakar-dakar-33584","Mercedes-Benz E200","2018","","200 000 km","Automatique","Dakar"
"1786656968-1398","https://www.gaaraas.com/electric_cars?_=1786646200315&button=&listing%5Bbrand_id%5D=&listing%5Bcar_type%5D=1&listing%5Bmaxprice%5D=160000001&listing%5Bminprice%5D=55309&page=30&utf8=%E2%9C%93","https://www.gaaraas.com/fr/vehicle_listings/annonce-ford-fusion-dakar-dakar-33585","Ford Fusion","2013","","200 000 km","Automatique","Dakar"
"1786656971-1399","https://www.gaaraas.com/electric_cars?_=1786646200315&button=&listing%5Bbrand_id%5D=&listing%5Bcar_type%5D=1&listing%5Bmaxprice%5D=160000001&listing%5Bminprice%5D=55309&page=30&utf8=%E2%9C%93","https://www.gaaraas.com/fr/vehicle_listings/annonce-toyota-land-cruiser-dakar-damniadio-33586","Toyota Land Cruiser","2019","14 000 000","149 138 km","Manuelle","Damniadio"
"1786656973-1400","https://www.gaaraas.com/electric_cars?_=1786646200315&button=&listing%5Bbrand_id%5D=&listing%5Bcar_type%5D=1&listing%5Bmaxprice%5D=160000001&listing%5Bminprice%5D=55309&page=30&utf8=%E2%9C%93","https://www.gaaraas.com/fr/vehicle_listings/annonce-kia-sportage-kolda-dabo-33587","Kia Sportage","2018","6 000 000","69 000 km","Automatique","Dabo"
"1786656977-1401","https://www.gaaraas.com/electric_cars?_=1786646200315&button=&listing%5Bbrand_id%5D=&listing%5Bcar_type%5D=1&listing%5Bmaxprice%5D=160000001&listing%5Bminprice%5D=55309&page=30&utf8=%E2%9C%93","https://www.gaaraas.com/fr/vehicle_listings/annonce-ford-ranger-dakar-dakar-33588","Ford Ranger","2024","","21 000 km","Automatique","Dakar"
"1786656979-1402","https://www.gaaraas.com/electric_cars?_=1786646200315&button=&listing%5Bbrand_id%5D=&listing%5Bcar_type%5D=1&listing%5Bmaxprice%5D=160000001&listing%5Bminprice%5D=55309&page=30&utf8=%E2%9C%93","https://www.gaaraas.com/fr/vehicle_listings/annonce-land-rover-discovery-sport-dakar-dakar-33589","Land Rover Discovery Sport","2016","","188 594 km","Manuelle","Dakar"
"1786656982-1403","https://www.gaaraas.com/electric_cars?_=1786646200315&button=&listing%5Bbrand_id%5D=&listing%5Bcar_type%5D=1&listing%5Bmaxprice%5D=160000001&listing%5Bminprice%5D=55309&page=30&utf8=%E2%9C%93","https://www.gaaraas.com/fr/vehicle_listings/annonce-citroen-c3-aircross-dakar-dakar-33590","Citroen C3 Aircross","2017","6 800 000","145 000 km","Manuelle","Dakar"
"1786656984-1404","https://www.gaaraas.com/electric_cars?_=1786646200315&button=&listing%5Bbrand_id%5D=&listing%5Bcar_type%5D=1&listing%5Bmaxprice%5D=160000001&listing%5Bminprice%5D=55309&page=30&utf8=%E2%9C%93","https://www.gaaraas.com/fr/vehicle_listings/annonce-hyundai-santa-fe-kolda-dabo-33591","Hyundai Santa Fe","2007","","242 200 km","Manuelle","Dabo"
"1786656987-1405","https://www.gaaraas.com/electric_cars?_=1786646200315&button=&listing%5Bbrand_id%5D=&listing%5Bcar_type%5D=1&listing%5Bmaxprice%5D=160000001&listing%5Bminprice%5D=55309&page=30&utf8=%E2%9C%93","https://www.gaaraas.com/fr/vehicle_listings/annonce-hyundai-santa-fe-kolda-dabo-33592","Hyundai Santa Fe","2007","","242 200 km","Manuelle","Dabo"
"1786656989-1406","https://www.gaaraas.com/electric_cars?_=1786646200315&button=&listing%5Bbrand_id%5D=&listing%5Bcar_type%5D=1&listing%5Bmaxprice%5D=160000001&listing%5Bminprice%5D=55309&page=30&utf8=%E2%9C%93","https://www.gaaraas.com/fr/vehicle_listings/annonce-toyota-land-cruiser-dakar-dakar-33593","Toyota Land Cruiser","2018","","120 000 km","Automatique","Dakar"
"1786656998-1407","https://www.gaaraas.com/electric_cars?_=1786646200315&button=&listing%5Bbrand_id%5D=&listing%5Bcar_type%5D=1&listing%5Bmaxprice%5D=160000001&listing%5Bminprice%5D=55309&page=29&utf8=%E2%9C%93","https://www.gaaraas.com/fr/vehicle_listings/annonce-hyundai-sonata-region-de-thies-thies-33595","Hyundai Sonata","2012","","130 000 km","Automatique","Thiès"
"1786657000-1408","https://www.gaaraas.com/electric_cars?_=1786646200315&button=&listing%5Bbrand_id%5D=&listing%5Bcar_type%5D=1&listing%5Bmaxprice%5D=160000001&listing%5Bminprice%5D=55309&page=29&utf8=%E2%9C%93","https://www.gaaraas.com/fr/vehicle_listings/annonce-renault-duster-dakar-dakar-33596","Renault Duster","2019","","85 000 km","Manuelle","Dakar"
"1786657002-1409","https://www.gaaraas.com/electric_cars?_=1786646200315&button=&listing%5Bbrand_id%5D=&listing%5Bcar_type%5D=1&listing%5Bmaxprice%5D=160000001&listing%5Bminprice%5D=55309&page=29&utf8=%E2%9C%93","https://www.gaaraas.com/fr/vehicle_listings/annonce-kia-k5-dakar-dakar-33597","Kia K5","2019","","90 000 km","Automatique","Dakar"
"1786657005-1410","https://www.gaaraas.com/electric_cars?_=1786646200315&button=&listing%5Bbrand_id%5D=&listing%5Bcar_type%5D=1&listing%5Bmaxprice%5D=160000001&listing%5Bminprice%5D=55309&page=29&utf8=%E2%9C%93","https://www.gaaraas.com/fr/vehicle_listings/annonce-kia-k5-dakar-dakar-33598","Kia K5","2019","","90 000 km","Automatique","Dakar"
"1786657007-1411","https://www.gaaraas.com/electric_cars?_=1786646200315&button=&listing%5Bbrand_id%5D=&listing%5Bcar_type%5D=1&listing%5Bmaxprice%5D=160000001&listing%5Bminprice%5D=55309&page=29&utf8=%E2%9C%93","https://www.gaaraas.com/fr/vehicle_listings/annonce-kia-cee-d-diourbel-bambey-33599","Kia Cee'd","2022","5 000 000","145 000 km","Manuelle","Bambey"
"1786657010-1412","https://www.gaaraas.com/electric_cars?_=1786646200315&button=&listing%5Bbrand_id%5D=&listing%5Bcar_type%5D=1&listing%5Bmaxprice%5D=160000001&listing%5Bminprice%5D=55309&page=29&utf8=%E2%9C%93","https://www.gaaraas.com/fr/vehicle_listings/annonce-hyundai-tucson-diourbel-bambey-33600","Hyundai Tucson","2006","2 500 000","235 000 km","Manuelle","Bambey"
"1786657012-1413","https://www.gaaraas.com/electric_cars?_=1786646200315&button=&listing%5Bbrand_id%5D=&listing%5Bcar_type%5D=1&listing%5Bmaxprice%5D=160000001&listing%5Bminprice%5D=55309&page=29&utf8=%E2%9C%93","https://www.gaaraas.com/fr/vehicle_listings/annonce-toyota-rav4-ziguinchor-bignona-33601","Toyota RAV4","2000","2 500 000","270 000 km","Manuelle","Bignona"
"1786657014-1414","https://www.gaaraas.com/electric_cars?_=1786646200315&button=&listing%5Bbrand_id%5D=&listing%5Bcar_type%5D=1&listing%5Bmaxprice%5D=160000001&listing%5Bminprice%5D=55309&page=29&utf8=%E2%9C%93","https://www.gaaraas.com/fr/vehicle_listings/annonce-ford-escape-dakar-dakar-33602","Ford Escape","2014","2 200 000","140 000 km","Manuelle","Dakar"
"1786657018-1415","https://www.gaaraas.com/electric_cars?_=1786646200315&button=&listing%5Bbrand_id%5D=&listing%5Bcar_type%5D=1&listing%5Bmaxprice%5D=160000001&listing%5Bminprice%5D=55309&page=29&utf8=%E2%9C%93","https://www.gaaraas.com/fr/vehicle_listings/annonce-mercedes-benz-glc-dakar-dakar-33603","Mercedes‒Benz GLC","2021","","620 000 km","Automatique","Dakar"
"1786657020-1416","https://www.gaaraas.com/electric_cars?_=1786646200315&button=&listing%5Bbrand_id%5D=&listing%5Bcar_type%5D=1&listing%5Bmaxprice%5D=160000001&listing%5Bminprice%5D=55309&page=29&utf8=%E2%9C%93","https://www.gaaraas.com/fr/vehicle_listings/annonce-toyota-rav4-bagmati-behind-berlin-33604","Toyota RAV4","2002","2 200 000","180 000 km","Manuelle","Behind berlin"
"1786657023-1417","https://www.gaaraas.com/electric_cars?_=1786646200315&button=&listing%5Bbrand_id%5D=&listing%5Bcar_type%5D=1&listing%5Bmaxprice%5D=160000001&listing%5Bminprice%5D=55309&page=29&utf8=%E2%9C%93","https://www.gaaraas.com/fr/vehicle_listings/annonce-toyota-rav4-ziguinchor-bignona-33605","Toyota RAV4","2016","6 000 000","150 000 km","Manuelle","Bignona"
"1786657026-1418","https://www.gaaraas.com/electric_cars?_=1786646200315&button=&listing%5Bbrand_id%5D=&listing%5Bcar_type%5D=1&listing%5Bmaxprice%5D=160000001&listing%5Bminprice%5D=55309&page=29&utf8=%E2%9C%93","https://www.gaaraas.com/fr/vehicle_listings/annonce-bmw-x4-dakar-dakar-33606","BMW X4","2015","","158 072 km","Automatique","Dakar"
"1786657028-1419","https://www.gaaraas.com/electric_cars?_=1786646200315&button=&listing%5Bbrand_id%5D=&listing%5Bcar_type%5D=1&listing%5Bmaxprice%5D=160000001&listing%5Bminprice%5D=55309&page=29&utf8=%E2%9C%93","https://www.gaaraas.com/fr/vehicle_listings/annonce-toyota-rav4-kolda-dabo-33607","Toyota RAV4","2006","","321 722 km","Manuelle","Dabo"
"1786657031-1420","https://www.gaaraas.com/electric_cars?_=1786646200315&button=&listing%5Bbrand_id%5D=&listing%5Bcar_type%5D=1&listing%5Bmaxprice%5D=160000001&listing%5Bminprice%5D=55309&page=29&utf8=%E2%9C%93","https://www.gaaraas.com/fr/vehicle_listings/annonce-mitsubishi-l200-region-de-thies-thies-33608","Mitsubishi L200","2022","","135 000 km","Manuelle","Thiès"
"1786657033-1421","https://www.gaaraas.com/electric_cars?_=1786646200315&button=&listing%5Bbrand_id%5D=&listing%5Bcar_type%5D=1&listing%5Bmaxprice%5D=160000001&listing%5Bminprice%5D=55309&page=29&utf8=%E2%9C%93","https://www.gaaraas.com/fr/vehicle_listings/annonce-peugeot-208-gti-region-de-thies-thies-33609","Peugeot 208 GTi","2019","4 500 000","88 000 km","Manuelle","Thiès"
"1786657036-1422","https://www.gaaraas.com/electric_cars?_=1786646200315&button=&listing%5Bbrand_id%5D=&listing%5Bcar_type%5D=1&listing%5Bmaxprice%5D=160000001&listing%5Bminprice%5D=55309&page=29&utf8=%E2%9C%93","https://www.gaaraas.com/fr/vehicle_listings/annonce-wartburg-1-3-dakar-dakar-33610","Wartburg 1.3","Autre","2 800 000","2016","Manuelle","Dakar"
"1786657038-1423","https://www.gaaraas.com/electric_cars?_=1786646200315&button=&listing%5Bbrand_id%5D=&listing%5Bcar_type%5D=1&listing%5Bmaxprice%5D=160000001&listing%5Bminprice%5D=55309&page=29&utf8=%E2%9C%93","https://www.gaaraas.com/fr/vehicle_listings/annonce-ford-scorpio-dakar-dakar-33611","Ford Scorpio","Autre","1 400 000","2013","Manuelle","Dakar"
"1786657041-1424","https://www.gaaraas.com/electric_cars?_=1786646200315&button=&listing%5Bbrand_id%5D=&listing%5Bcar_type%5D=1&listing%5Bmaxprice%5D=160000001&listing%5Bminprice%5D=55309&page=29&utf8=%E2%9C%93","https://www.gaaraas.com/fr/vehicle_listings/annonce-mercedes-benz-c180-dakar-dakar-33612","Mercedes-Benz C180","Autre","4 900 000","2018","Manuelle","Dakar"
"1786657043-1425","https://www.gaaraas.com/electric_cars?_=1786646200315&button=&listing%5Bbrand_id%5D=&listing%5Bcar_type%5D=1&listing%5Bmaxprice%5D=160000001&listing%5Bminprice%5D=55309&page=29&utf8=%E2%9C%93","https://www.gaaraas.com/fr/vehicle_listings/annonce-peugeot-3008-dakar-dakar-33613","Peugeot 3008","Autre","8 900 000","2018","Manuelle","Dakar"
"1786657046-1426","https://www.gaaraas.com/electric_cars?_=1786646200315&button=&listing%5Bbrand_id%5D=&listing%5Bcar_type%5D=1&listing%5Bmaxprice%5D=160000001&listing%5Bminprice%5D=55309&page=29&utf8=%E2%9C%93","https://www.gaaraas.com/fr/vehicle_listings/annonce-ford-fusion-dakar-dakar-33614","Ford Fusion","Other","6 500 000","2017","Manuelle","Dakar"
"1786657051-1427","https://www.gaaraas.com/electric_cars?_=1786646200315&button=&listing%5Bbrand_id%5D=&listing%5Bcar_type%5D=1&listing%5Bmaxprice%5D=160000001&listing%5Bminprice%5D=55309&page=28&utf8=%E2%9C%93","https://www.gaaraas.com/fr/vehicle_listings/annonce-jeep-compass-dakar-dakar-33615","Jeep Compass","Autre","9 500 000","2019","Manuelle","Dakar"
"1786657054-1428","https://www.gaaraas.com/electric_cars?_=1786646200315&button=&listing%5Bbrand_id%5D=&listing%5Bcar_type%5D=1&listing%5Bmaxprice%5D=160000001&listing%5Bminprice%5D=55309&page=28&utf8=%E2%9C%93","https://www.gaaraas.com/fr/vehicle_listings/annonce-renault-duster-dakar-dakar-33616","Renault Duster","2018","6 800 000","9 500 km","Manuelle","Dakar"
"1786657057-1429","https://www.gaaraas.com/electric_cars?_=1786646200315&button=&listing%5Bbrand_id%5D=&listing%5Bcar_type%5D=1&listing%5Bmaxprice%5D=160000001&listing%5Bminprice%5D=55309&page=28&utf8=%E2%9C%93","https://www.gaaraas.com/fr/vehicle_listings/annonce-mazda-cx3-louga-dahra-33617","Mazda Cx3","2016","8 700 000","8 500 km","Manuelle","Dahra"
"1786657059-1430","https://www.gaaraas.com/electric_cars?_=1786646200315&button=&listing%5Bbrand_id%5D=&listing%5Bcar_type%5D=1&listing%5Bmaxprice%5D=160000001&listing%5Bminprice%5D=55309&page=28&utf8=%E2%9C%93","https://www.gaaraas.com/fr/vehicle_listings/annonce-peugeot-308-saint-louis-dagana-33618","Peugeot 308","2018","7 500 000","86 000 km","Automatique","Dagana"
"1786657062-1431","https://www.gaaraas.com/electric_cars?_=1786646200315&button=&listing%5Bbrand_id%5D=&listing%5Bcar_type%5D=1&listing%5Bmaxprice%5D=160000001&listing%5Bminprice%5D=55309&page=28&utf8=%E2%9C%93","https://www.gaaraas.com/fr/vehicle_listings/annonce-renault-clio-dakar-dakar-33619","Renault Clio","2014","3 600 000","5 640 km","Manuelle","Dakar"
"1786657064-1432","https://www.gaaraas.com/electric_cars?_=1786646200315&button=&listing%5Bbrand_id%5D=&listing%5Bcar_type%5D=1&listing%5Bmaxprice%5D=160000001&listing%5Bminprice%5D=55309&page=28&utf8=%E2%9C%93","https://www.gaaraas.com/fr/vehicle_listings/annonce-mitsubishi-rvr-dakar-dakar-33620","Mitsubishi RVR","2013","4 250 000","12 000 km","Manuelle","Dakar"
"1786657067-1433","https://www.gaaraas.com/electric_cars?_=1786646200315&button=&listing%5Bbrand_id%5D=&listing%5Bcar_type%5D=1&listing%5Bmaxprice%5D=160000001&listing%5Bminprice%5D=55309&page=28&utf8=%E2%9C%93","https://www.gaaraas.com/fr/vehicle_listings/annonce-toyota-rav4-kolda-dabo-33621","Toyota RAV4","2021","","66 000 km","Automatique","Dabo"
"1786657070-1434","https://www.gaaraas.com/electric_cars?_=1786646200315&button=&listing%5Bbrand_id%5D=&listing%5Bcar_type%5D=1&listing%5Bmaxprice%5D=160000001&listing%5Bminprice%5D=55309&page=28&utf8=%E2%9C%93","https://www.gaaraas.com/fr/vehicle_listings/annonce-chevrolet-astra-dakar-dakar-33622","Chevrolet Astra","2014","3 600 000","5 632 km","Manuelle","Dakar"
"1786657072-1435","https://www.gaaraas.com/electric_cars?_=1786646200315&button=&listing%5Bbrand_id%5D=&listing%5Bcar_type%5D=1&listing%5Bmaxprice%5D=160000001&listing%5Bminprice%5D=55309&page=28&utf8=%E2%9C%93","https://www.gaaraas.com/fr/vehicle_listings/annonce-ford-escape-dakar-dakar-33623","Ford Escape","Autre","3 800 000","2014","Automatique","Dakar"
"1786657075-1436","https://www.gaaraas.com/electric_cars?_=1786646200315&button=&listing%5Bbrand_id%5D=&listing%5Bcar_type%5D=1&listing%5Bmaxprice%5D=160000001&listing%5Bminprice%5D=55309&page=28&utf8=%E2%9C%93","https://www.gaaraas.com/fr/vehicle_listings/annonce-renault-duster-dakar-dakar-33624","Renault Duster","Autre","7 000 000","2016","Manuelle","Dakar"
"1786657077-1437","https://www.gaaraas.com/electric_cars?_=1786646200315&button=&listing%5Bbrand_id%5D=&listing%5Bcar_type%5D=1&listing%5Bmaxprice%5D=160000001&listing%5Bminprice%5D=55309&page=28&utf8=%E2%9C%93","https://www.gaaraas.com/fr/vehicle_listings/annonce-nissan-sentra-dakar-dakar-33625","Nissan Sentra","Autre","1 900 000","2019","Manuelle","Dakar"
"1786657080-1438","https://www.gaaraas.com/electric_cars?_=1786646200315&button=&listing%5Bbrand_id%5D=&listing%5Bcar_type%5D=1&listing%5Bmaxprice%5D=160000001&listing%5Bminprice%5D=55309&page=28&utf8=%E2%9C%93","https://www.gaaraas.com/fr/vehicle_listings/annonce-hyundai-santa-fe-dakar-dakar-33626","Hyundai Santa Fe","Autre","9 800 000","2017","Manuelle","Dakar"
"1786657082-1439","https://www.gaaraas.com/electric_cars?_=1786646200315&button=&listing%5Bbrand_id%5D=&listing%5Bcar_type%5D=1&listing%5Bmaxprice%5D=160000001&listing%5Bminprice%5D=55309&page=28&utf8=%E2%9C%93","https://www.gaaraas.com/fr/vehicle_listings/annonce-peugeot-3008-dakar-dakar-33627","Peugeot 3008","Autre","7 800 000","2018","Manuelle","Dakar"
"1786657085-1440","https://www.gaaraas.com/electric_cars?_=1786646200315&button=&listing%5Bbrand_id%5D=&listing%5Bcar_type%5D=1&listing%5Bmaxprice%5D=160000001&listing%5Bminprice%5D=55309&page=28&utf8=%E2%9C%93","https://www.gaaraas.com/fr/vehicle_listings/annonce-hyundai-tucson-dakar-dakar-33628","Hyundai Tucson","Autre","6 800 000","2017","Manuelle","Dakar"
"1786657088-1441","https://www.gaaraas.com/electric_cars?_=1786646200315&button=&listing%5Bbrand_id%5D=&listing%5Bcar_type%5D=1&listing%5Bmaxprice%5D=160000001&listing%5Bminprice%5D=55309&page=28&utf8=%E2%9C%93","https://www.gaaraas.com/fr/vehicle_listings/annonce-peugeot-308-gti-dakar-dakar-33629","Peugeot 308 GTi","Autre","","2019","Manuelle","Dakar"
"1786657090-1442","https://www.gaaraas.com/electric_cars?_=1786646200315&button=&listing%5Bbrand_id%5D=&listing%5Bcar_type%5D=1&listing%5Bmaxprice%5D=160000001&listing%5Bminprice%5D=55309&page=28&utf8=%E2%9C%93","https://www.gaaraas.com/fr/vehicle_listings/annonce-mazda-cx-5-dakar-dakar-33630","Mazda CX-5","Autre","7 800 000","2017","Manuelle","Dakar"
"1786657093-1443","https://www.gaaraas.com/electric_cars?_=1786646200315&button=&listing%5Bbrand_id%5D=&listing%5Bcar_type%5D=1&listing%5Bmaxprice%5D=160000001&listing%5Bminprice%5D=55309&page=28&utf8=%E2%9C%93","https://www.gaaraas.com/fr/vehicle_listings/annonce-mazda-cx-5-dakar-dakar-33631","Mazda CX-5","2016","7 800 000","7 634 km","Manuelle","Dakar"
"1786657095-1444","https://www.gaaraas.com/electric_cars?_=1786646200315&button=&listing%5Bbrand_id%5D=&listing%5Bcar_type%5D=1&listing%5Bmaxprice%5D=160000001&listing%5Bminprice%5D=55309&page=28&utf8=%E2%9C%93","https://www.gaaraas.com/fr/vehicle_listings/annonce-hyundai-tucson-dakar-dakar-33632","Hyundai Tucson","Autre","7 800 000","2019","Manuelle","Dakar"
"1786657098-1445","https://www.gaaraas.com/electric_cars?_=1786646200315&button=&listing%5Bbrand_id%5D=&listing%5Bcar_type%5D=1&listing%5Bmaxprice%5D=160000001&listing%5Bminprice%5D=55309&page=28&utf8=%E2%9C%93","https://www.gaaraas.com/fr/vehicle_listings/annonce-kia-sportage-bagmati-behind-berlin-33633","Kia Sportage","2017","5 000 000","166 167 km","Manuelle","Behind berlin"
"1786657103-1446","https://www.gaaraas.com/electric_cars?_=1786646200315&button=&listing%5Bbrand_id%5D=&listing%5Bcar_type%5D=1&listing%5Bmaxprice%5D=160000001&listing%5Bminprice%5D=55309&page=28&utf8=%E2%9C%93","https://www.gaaraas.com/fr/vehicle_listings/annonce-hyundai-tucson-bagmati-behind-berlin-33634","Hyundai Tucson","2019","5 500 000","54 099 km","Manuelle","Behind berlin"
"1786657121-1447","https://www.gaaraas.com/electric_cars?_=1786646200315&button=&listing%5Bbrand_id%5D=&listing%5Bcar_type%5D=1&listing%5Bmaxprice%5D=160000001&listing%5Bminprice%5D=55309&page=27&utf8=%E2%9C%93","https://www.gaaraas.com/fr/vehicle_listings/annonce-ford-focus-ziguinchor-bignona-33635","Ford Focus","2013","3 500 000","83 927 km","Manuelle","Bignona"
"1786657128-1448","https://www.gaaraas.com/electric_cars?_=1786646200315&button=&listing%5Bbrand_id%5D=&listing%5Bcar_type%5D=1&listing%5Bmaxprice%5D=160000001&listing%5Bminprice%5D=55309&page=27&utf8=%E2%9C%93","https://www.gaaraas.com/fr/vehicle_listings/annonce-ford-mustang-dakar-dakar-33636","FORD MUSTANG","2009","","130 000 km","Automatique","Dakar"
"1786657132-1449","https://www.gaaraas.com/electric_cars?_=1786646200315&button=&listing%5Bbrand_id%5D=&listing%5Bcar_type%5D=1&listing%5Bmaxprice%5D=160000001&listing%5Bminprice%5D=55309&page=27&utf8=%E2%9C%93","https://www.gaaraas.com/fr/vehicle_listings/annonce-mitsubishi-spacestar-bagmati-behind-berlin-33637","Mitsubishi Spacestar","2014","3 000 000","128 781 km","Automatique","Behind berlin"
"1786657135-1450","https://www.gaaraas.com/electric_cars?_=1786646200315&button=&listing%5Bbrand_id%5D=&listing%5Bcar_type%5D=1&listing%5Bmaxprice%5D=160000001&listing%5Bminprice%5D=55309&page=27&utf8=%E2%9C%93","https://www.gaaraas.com/fr/vehicle_listings/annonce-mitsubishi-eclipse-cross-dakar-dakar-33638","Mitsubishi Eclipse Cross","2022","","74 000 km","Automatique","Dakar"
"1786657138-1451","https://www.gaaraas.com/electric_cars?_=1786646200315&button=&listing%5Bbrand_id%5D=&listing%5Bcar_type%5D=1&listing%5Bmaxprice%5D=160000001&listing%5Bminprice%5D=55309&page=27&utf8=%E2%9C%93","https://www.gaaraas.com/fr/vehicle_listings/annonce-ford-c-max-diourbel-bambey-33639","Ford C-MAX","2018","5 000 000","98 222 km","Manuelle","Bambey"
"1786657143-1452","https://www.gaaraas.com/electric_cars?_=1786646200315&button=&listing%5Bbrand_id%5D=&listing%5Bcar_type%5D=1&listing%5Bmaxprice%5D=160000001&listing%5Bminprice%5D=55309&page=27&utf8=%E2%9C%93","https://www.gaaraas.com/fr/vehicle_listings/annonce-hyundai-eon-kolda-dabo-33640","Hyundai EON","2025","","6 000 km","Automatique","Dabo"
"1786657146-1453","https://www.gaaraas.com/electric_cars?_=1786646200315&button=&listing%5Bbrand_id%5D=&listing%5Bcar_type%5D=1&listing%5Bmaxprice%5D=160000001&listing%5Bminprice%5D=55309&page=27&utf8=%E2%9C%93","https://www.gaaraas.com/fr/vehicle_listings/annonce-gmc-sierra-region-de-thies-thies-33641","GMC Sierra","2024","8 000 000","48 500 km","Automatique","Thiès"
"1786657149-1454","https://www.gaaraas.com/electric_cars?_=1786646200315&button=&listing%5Bbrand_id%5D=&listing%5Bcar_type%5D=1&listing%5Bmaxprice%5D=160000001&listing%5Bminprice%5D=55309&page=27&utf8=%E2%9C%93","https://www.gaaraas.com/fr/vehicle_listings/annonce-gmc-sierra-saint-louis-podor-33642","GMC Sierra","2024","10 000 000","49 000 km","Automatique","Podor"
"1786657153-1455","https://www.gaaraas.com/electric_cars?_=1786646200315&button=&listing%5Bbrand_id%5D=&listing%5Bcar_type%5D=1&listing%5Bmaxprice%5D=160000001&listing%5Bminprice%5D=55309&page=27&utf8=%E2%9C%93","https://www.gaaraas.com/fr/vehicle_listings/annonce-mazda-cx-9-dakar-dakar-33643","Mazda CX-9","2023","7 000 000","36 000 km","Automatique","Dakar"
"1786657158-1456","https://www.gaaraas.com/electric_cars?_=1786646200315&button=&listing%5Bbrand_id%5D=&listing%5Bcar_type%5D=1&listing%5Bmaxprice%5D=160000001&listing%5Bminprice%5D=55309&page=27&utf8=%E2%9C%93","https://www.gaaraas.com/fr/vehicle_listings/annonce-citroen-c4-cactus-dakar-dakar-33644","Citroen C4 Cactus","Autre","","2017","Automatique","Dakar"
"1786657162-1457","https://www.gaaraas.com/electric_cars?_=1786646200315&button=&listing%5Bbrand_id%5D=&listing%5Bcar_type%5D=1&listing%5Bmaxprice%5D=160000001&listing%5Bminprice%5D=55309&page=27&utf8=%E2%9C%93","https://www.gaaraas.com/fr/vehicle_listings/annonce-toyota-hilux-dakar-dakar-33645","Toyota Hilux","2021","","164 000 km","Manuelle","Dakar"
"1786657165-1458","https://www.gaaraas.com/electric_cars?_=1786646200315&button=&listing%5Bbrand_id%5D=&listing%5Bcar_type%5D=1&listing%5Bmaxprice%5D=160000001&listing%5Bminprice%5D=55309&page=27&utf8=%E2%9C%93","https://www.gaaraas.com/fr/vehicle_listings/annonce-mazda-cx-9-kolda-marsassoum-33646","Mazda CX-9","2020","5 000 000","119 000 km","Automatique","Marsassoum"
"1786657169-1459","https://www.gaaraas.com/electric_cars?_=1786646200315&button=&listing%5Bbrand_id%5D=&listing%5Bcar_type%5D=1&listing%5Bmaxprice%5D=160000001&listing%5Bminprice%5D=55309&page=27&utf8=%E2%9C%93","https://www.gaaraas.com/fr/vehicle_listings/annonce-peugeot-2008-bagmati-behind-berlin-33647","Peugeot 2008","2022","5 500 000","65 000 km","Automatique","Behind berlin"
"1786657175-1460","https://www.gaaraas.com/electric_cars?_=1786646200315&button=&listing%5Bbrand_id%5D=&listing%5Bcar_type%5D=1&listing%5Bmaxprice%5D=160000001&listing%5Bminprice%5D=55309&page=27&utf8=%E2%9C%93","https://www.gaaraas.com/fr/vehicle_listings/annonce-peugeot-2008-bluehdi-saint-louis-dagana-33648","Peugeot 2008 bluehdi","2018","4 000 000","120 000 km","Automatique","Dagana"
"1786657180-1461","https://www.gaaraas.com/electric_cars?_=1786646200315&button=&listing%5Bbrand_id%5D=&listing%5Bcar_type%5D=1&listing%5Bmaxprice%5D=160000001&listing%5Bminprice%5D=55309&page=27&utf8=%E2%9C%93","https://www.gaaraas.com/fr/vehicle_listings/annonce-range-rover-range-rover-louga-dahra-33649","Range Rover Range Rover","2024","22 000 000","60 000 km","Automatique","Dahra"
"1786657190-1462","https://www.gaaraas.com/electric_cars?_=1786646200315&button=&listing%5Bbrand_id%5D=&listing%5Bcar_type%5D=1&listing%5Bmaxprice%5D=160000001&listing%5Bminprice%5D=55309&page=27&utf8=%E2%9C%93","https://www.gaaraas.com/fr/vehicle_listings/annonce-mercedes-benz-glc-250d-dakar-damniadio-33650","Mercedes-Benz GLC 250D","2017","8 000 000","117 000 km","Automatique","Damniadio"
"1786657195-1463","https://www.gaaraas.com/electric_cars?_=1786646200315&button=&listing%5Bbrand_id%5D=&listing%5Bcar_type%5D=1&listing%5Bmaxprice%5D=160000001&listing%5Bminprice%5D=55309&page=27&utf8=%E2%9C%93","https://www.gaaraas.com/fr/vehicle_listings/annonce-hyundai-coupe-ziguinchor-bignona-33651","Hyundai Coupe","2025","","6 000 km","Automatique","Bignona"
"1786657198-1464","https://www.gaaraas.com/electric_cars?_=1786646200315&button=&listing%5Bbrand_id%5D=&listing%5Bcar_type%5D=1&listing%5Bmaxprice%5D=160000001&listing%5Bminprice%5D=55309&page=27&utf8=%E2%9C%93","https://www.gaaraas.com/fr/vehicle_listings/annonce-kia-cee-d-ziguinchor-bignona-33652","Kia Cee'd","2013","3 000 000","158 500 km","Manuelle","Bignona"
"1786657201-1465","https://www.gaaraas.com/electric_cars?_=1786646200315&button=&listing%5Bbrand_id%5D=&listing%5Bcar_type%5D=1&listing%5Bmaxprice%5D=160000001&listing%5Bminprice%5D=55309&page=27&utf8=%E2%9C%93","https://www.gaaraas.com/fr/vehicle_listings/annonce-kia-cee-d-diourbel-bambey-33653","Kia Cee'd","2013","3 000 000","190 758 km","Manuelle","Bambey"
"1786657204-1466","https://www.gaaraas.com/electric_cars?_=1786646200315&button=&listing%5Bbrand_id%5D=&listing%5Bcar_type%5D=1&listing%5Bmaxprice%5D=160000001&listing%5Bminprice%5D=55309&page=27&utf8=%E2%9C%93","https://www.gaaraas.com/fr/vehicle_listings/annonce-kia-picanto-saint-louis-dagana-33654","Kia Picanto","2006","2 500 000","203 853 km","Manuelle","Dagana"
"1786657210-1467","https://www.gaaraas.com/electric_cars?_=1786646200315&button=&listing%5Bbrand_id%5D=&listing%5Bcar_type%5D=1&listing%5Bmaxprice%5D=160000001&listing%5Bminprice%5D=55309&page=26&utf8=%E2%9C%93","https://www.gaaraas.com/fr/vehicle_listings/annonce-kia-stonic-kolda-dabo-33655","Kia Stonic","2026","","3 532 km","Manuelle","Dabo"
"1786657215-1468","https://www.gaaraas.com/electric_cars?_=1786646200315&button=&listing%5Bbrand_id%5D=&listing%5Bcar_type%5D=1&listing%5Bmaxprice%5D=160000001&listing%5Bminprice%5D=55309&page=26&utf8=%E2%9C%93","https://www.gaaraas.com/fr/vehicle_listings/annonce-peugeot-2008-ziguinchor-bignona-33656","Peugeot 2008","2022","","5 955 km","Automatique","Bignona"
"1786657217-1469","https://www.gaaraas.com/electric_cars?_=1786646200315&button=&listing%5Bbrand_id%5D=&listing%5Bcar_type%5D=1&listing%5Bmaxprice%5D=160000001&listing%5Bminprice%5D=55309&page=26&utf8=%E2%9C%93","https://www.gaaraas.com/fr/vehicle_listings/annonce-citroen-c3-aircross-dakar-dakar-33657","Citroen C3 Aircross","2024","","18 630 km","Manuelle","Dakar"
"1786657220-1470","https://www.gaaraas.com/electric_cars?_=1786646200315&button=&listing%5Bbrand_id%5D=&listing%5Bcar_type%5D=1&listing%5Bmaxprice%5D=160000001&listing%5Bminprice%5D=55309&page=26&utf8=%E2%9C%93","https://www.gaaraas.com/fr/vehicle_listings/annonce-hyundai-santa-fe-dakar-dakar-33658","Hyundai Santa Fe","2017","","120 000 km","Automatique","Dakar"
"1786657223-1471","https://www.gaaraas.com/electric_cars?_=1786646200315&button=&listing%5Bbrand_id%5D=&listing%5Bcar_type%5D=1&listing%5Bmaxprice%5D=160000001&listing%5Bminprice%5D=55309&page=26&utf8=%E2%9C%93","https://www.gaaraas.com/fr/vehicle_listings/annonce-ford-ecosport-diourbel-bambey-33659","Ford EcoSport","2016","5 000 000","187 000 km","Manuelle","Bambey"
"1786657228-1472","https://www.gaaraas.com/electric_cars?_=1786646200315&button=&listing%5Bbrand_id%5D=&listing%5Bcar_type%5D=1&listing%5Bmaxprice%5D=160000001&listing%5Bminprice%5D=55309&page=26&utf8=%E2%9C%93","https://www.gaaraas.com/fr/vehicle_listings/annonce-renault-clio-bagmati-behind-berlin-33660","Renault Clio","2017","","187 200 km","Manuelle","Behind berlin"
"1786657231-1473","https://www.gaaraas.com/electric_cars?_=1786646200315&button=&listing%5Bbrand_id%5D=&listing%5Bcar_type%5D=1&listing%5Bmaxprice%5D=160000001&listing%5Bminprice%5D=55309&page=26&utf8=%E2%9C%93","https://www.gaaraas.com/fr/vehicle_listings/annonce-ford-focus-dakar-dakar-33661","Ford Focus","2012","","220 000 km","Automatique","Dakar"
"1786657236-1474","https://www.gaaraas.com/electric_cars?_=1786646200315&button=&listing%5Bbrand_id%5D=&listing%5Bcar_type%5D=1&listing%5Bmaxprice%5D=160000001&listing%5Bminprice%5D=55309&page=26&utf8=%E2%9C%93","https://www.gaaraas.com/fr/vehicle_listings/annonce-volkswagen-touran-dakar-dakar-33662","Volkswagen Touran","2014","","220 000 km","Manuelle","Dakar"
"1786657239-1475","https://www.gaaraas.com/electric_cars?_=1786646200315&button=&listing%5Bbrand_id%5D=&listing%5Bcar_type%5D=1&listing%5Bmaxprice%5D=160000001&listing%5Bminprice%5D=55309&page=26&utf8=%E2%9C%93","https://www.gaaraas.com/fr/vehicle_listings/annonce-ford-puma-kolda-dabo-33663","Ford Puma","2025","","4 900 km","Manuelle","Dabo"
"1786657242-1476","https://www.gaaraas.com/electric_cars?_=1786646200315&button=&listing%5Bbrand_id%5D=&listing%5Bcar_type%5D=1&listing%5Bmaxprice%5D=160000001&listing%5Bminprice%5D=55309&page=26&utf8=%E2%9C%93","https://www.gaaraas.com/fr/vehicle_listings/annonce-ford-ranger-dakar-dakar-33664","Ford Ranger","2023","12 000 000","30 562 km","Manuelle","Dakar"
"1786657244-1477","https://www.gaaraas.com/electric_cars?_=1786646200315&button=&listing%5Bbrand_id%5D=&listing%5Bcar_type%5D=1&listing%5Bmaxprice%5D=160000001&listing%5Bminprice%5D=55309&page=26&utf8=%E2%9C%93","https://www.gaaraas.com/fr/vehicle_listings/annonce-hyundai-sonata-dakar-dakar-33665","Hyundai Sonata","2017","6 200 000","0 km","Automatique","Dakar"
"1786657247-1478","https://www.gaaraas.com/electric_cars?_=1786646200315&button=&listing%5Bbrand_id%5D=&listing%5Bcar_type%5D=1&listing%5Bmaxprice%5D=160000001&listing%5Bminprice%5D=55309&page=26&utf8=%E2%9C%93","https://www.gaaraas.com/fr/vehicle_listings/annonce-ford-kuga-kolda-dabo-33666","Ford Kuga","2016","5 000 000","84 911 km","Manuelle","Dabo"
"1786657250-1479","https://www.gaaraas.com/electric_cars?_=1786646200315&button=&listing%5Bbrand_id%5D=&listing%5Bcar_type%5D=1&listing%5Bmaxprice%5D=160000001&listing%5Bminprice%5D=55309&page=26&utf8=%E2%9C%93","https://www.gaaraas.com/fr/vehicle_listings/annonce-jeep-wrangler-wheelsecure-dakar-dakar-33667","Jeep Wrangler wheelsecure","2021","25 000 000","40 327 km","Automatique","Dakar"
"1786657255-1480","https://www.gaaraas.com/electric_cars?_=1786646200315&button=&listing%5Bbrand_id%5D=&listing%5Bcar_type%5D=1&listing%5Bmaxprice%5D=160000001&listing%5Bminprice%5D=55309&page=26&utf8=%E2%9C%93","https://www.gaaraas.com/fr/vehicle_listings/annonce-kia-rio-kolda-dabo-33668","Kia Rio","2019","4 800 000","39 065 km","Manuelle","Dabo"
"1786657257-1481","https://www.gaaraas.com/electric_cars?_=1786646200315&button=&listing%5Bbrand_id%5D=&listing%5Bcar_type%5D=1&listing%5Bmaxprice%5D=160000001&listing%5Bminprice%5D=55309&page=26&utf8=%E2%9C%93","https://www.gaaraas.com/fr/vehicle_listings/annonce-hyundai-santa-fe-ziguinchor-bignona-33669","Hyundai Santa Fe","2007","4 000 000","314 000 km","Manuelle","Bignona"
"1786657260-1482","https://www.gaaraas.com/electric_cars?_=1786646200315&button=&listing%5Bbrand_id%5D=&listing%5Bcar_type%5D=1&listing%5Bmaxprice%5D=160000001&listing%5Bminprice%5D=55309&page=26&utf8=%E2%9C%93","https://www.gaaraas.com/fr/vehicle_listings/annonce-mercedes-benz-cls250-saint-louis-richard-toll-33670","Mercedes-Benz CLS250","2011","9 000 000","46 000 km","Automatique","Richard Toll"
"1786657262-1483","https://www.gaaraas.com/electric_cars?_=1786646200315&button=&listing%5Bbrand_id%5D=&listing%5Bcar_type%5D=1&listing%5Bmaxprice%5D=160000001&listing%5Bminprice%5D=55309&page=26&utf8=%E2%9C%93","https://www.gaaraas.com/fr/vehicle_listings/annonce-honda-cr-v-kolda-dabo-33671","Honda CR–V","2008","4 500 000","180 000 km","Manuelle","Dabo"
"1786657265-1484","https://www.gaaraas.com/electric_cars?_=1786646200315&button=&listing%5Bbrand_id%5D=&listing%5Bcar_type%5D=1&listing%5Bmaxprice%5D=160000001&listing%5Bminprice%5D=55309&page=26&utf8=%E2%9C%93","https://www.gaaraas.com/fr/vehicle_listings/annonce-kia-sorento-kaolack-kaffrine-33672","Kia Sorento","2007","7 000 000","230 000 km","Manuelle","Kaffrine"
"1786657268-1485","https://www.gaaraas.com/electric_cars?_=1786646200315&button=&listing%5Bbrand_id%5D=&listing%5Bcar_type%5D=1&listing%5Bmaxprice%5D=160000001&listing%5Bminprice%5D=55309&page=26&utf8=%E2%9C%93","https://www.gaaraas.com/fr/vehicle_listings/annonce-peugeot-3008-tambacounda-bakel-33673","Peugeot 3008","2018","","70 370 km","Manuelle","Bakel"
"1786657277-1486","https://www.gaaraas.com/electric_cars?_=1786646200315&button=&listing%5Bbrand_id%5D=&listing%5Bcar_type%5D=1&listing%5Bmaxprice%5D=160000001&listing%5Bminprice%5D=55309&page=26&utf8=%E2%9C%93","https://www.gaaraas.com/fr/vehicle_listings/annonce-renault-clio-kolda-dabo-33674","Renault Clio","2013","5 000 000","198 000 km","Manuelle","Dabo"
"1786657286-1487","https://www.gaaraas.com/electric_cars?_=1786646200315&button=&listing%5Bbrand_id%5D=&listing%5Bcar_type%5D=1&listing%5Bmaxprice%5D=160000001&listing%5Bminprice%5D=55309&page=25&utf8=%E2%9C%93","https://www.gaaraas.com/fr/vehicle_listings/annonce-mazda-cx-5-dakar-dakar-33675","Mazda CX-5","2020","13 500 000","89 000 km","Automatique","Dakar"
"1786657289-1488","https://www.gaaraas.com/electric_cars?_=1786646200315&button=&listing%5Bbrand_id%5D=&listing%5Bcar_type%5D=1&listing%5Bmaxprice%5D=160000001&listing%5Bminprice%5D=55309&page=25&utf8=%E2%9C%93","https://www.gaaraas.com/fr/vehicle_listings/annonce-citroen-berlingo-dakar-dakar-33676","Citroen Berlingo","2016","4 800 000","100 000 km","Manuelle","Dakar"
"1786657292-1489","https://www.gaaraas.com/electric_cars?_=1786646200315&button=&listing%5Bbrand_id%5D=&listing%5Bcar_type%5D=1&listing%5Bmaxprice%5D=160000001&listing%5Bminprice%5D=55309&page=25&utf8=%E2%9C%93","https://www.gaaraas.com/fr/vehicle_listings/annonce-mazda-cx-5-dakar-dakar-33677","Mazda CX-5","2020","13 500 000","96 589 km","Automatique","Dakar"
"1786657294-1490","https://www.gaaraas.com/electric_cars?_=1786646200315&button=&listing%5Bbrand_id%5D=&listing%5Bcar_type%5D=1&listing%5Bmaxprice%5D=160000001&listing%5Bminprice%5D=55309&page=25&utf8=%E2%9C%93","https://www.gaaraas.com/fr/vehicle_listings/annonce-mazda-cx-5-dakar-dakar-33678","Mazda CX-5","2016","8 800 000","54 000 km","Automatique","Dakar"
"1786657298-1491","https://www.gaaraas.com/electric_cars?_=1786646200315&button=&listing%5Bbrand_id%5D=&listing%5Bcar_type%5D=1&listing%5Bmaxprice%5D=160000001&listing%5Bminprice%5D=55309&page=25&utf8=%E2%9C%93","https://www.gaaraas.com/fr/vehicle_listings/annonce-kia-stonic-dakar-dakar-33679","Kia Stonic","2020","9 600 000","89 586 km","Automatique","Dakar"
"1786657300-1492","https://www.gaaraas.com/electric_cars?_=1786646200315&button=&listing%5Bbrand_id%5D=&listing%5Bcar_type%5D=1&listing%5Bmaxprice%5D=160000001&listing%5Bminprice%5D=55309&page=25&utf8=%E2%9C%93","https://www.gaaraas.com/fr/vehicle_listings/annonce-mazda-cx-5-dakar-dakar-33680","Mazda CX-5","2016","6 700 000","23 000 km","Automatique","Dakar"
"1786657303-1493","https://www.gaaraas.com/electric_cars?_=1786646200315&button=&listing%5Bbrand_id%5D=&listing%5Bcar_type%5D=1&listing%5Bmaxprice%5D=160000001&listing%5Bminprice%5D=55309&page=25&utf8=%E2%9C%93","https://www.gaaraas.com/fr/vehicle_listings/annonce-bmw-x4-dakar-dakar-33681","BMW X4","2019","27 500 000","46 000 km","Automatique","Dakar"
"1786657306-1494","https://www.gaaraas.com/electric_cars?_=1786646200315&button=&listing%5Bbrand_id%5D=&listing%5Bcar_type%5D=1&listing%5Bmaxprice%5D=160000001&listing%5Bminprice%5D=55309&page=25&utf8=%E2%9C%93","https://www.gaaraas.com/fr/vehicle_listings/annonce-ford-escape-dakar-dakar-33682","Ford Escape","2023","13 500 000","123 258 km","Automatique","Dakar"
"1786657309-1495","https://www.gaaraas.com/electric_cars?_=1786646200315&button=&listing%5Bbrand_id%5D=&listing%5Bcar_type%5D=1&listing%5Bmaxprice%5D=160000001&listing%5Bminprice%5D=55309&page=25&utf8=%E2%9C%93","https://www.gaaraas.com/fr/vehicle_listings/annonce-hyundai-elantra-dakar-dakar-33683","Hyundai Elantra","2018","6 500 000","152 458 km","Automatique","Dakar"
"1786657311-1496","https://www.gaaraas.com/electric_cars?_=1786646200315&button=&listing%5Bbrand_id%5D=&listing%5Bcar_type%5D=1&listing%5Bmaxprice%5D=160000001&listing%5Bminprice%5D=55309&page=25&utf8=%E2%9C%93","https://www.gaaraas.com/fr/vehicle_listings/annonce-mazda-3-dakar-dakar-33684","Mazda 3","2018","6 900 000","114 258 km","Automatique","Dakar"
"1786657314-1497","https://www.gaaraas.com/electric_cars?_=1786646200315&button=&listing%5Bbrand_id%5D=&listing%5Bcar_type%5D=1&listing%5Bmaxprice%5D=160000001&listing%5Bminprice%5D=55309&page=25&utf8=%E2%9C%93","https://www.gaaraas.com/fr/vehicle_listings/annonce-renault-duster-dakar-dakar-33685","Renault Duster","2020","9 300 000","99 586 km","Automatique","Dakar"
"1786657317-1498","https://www.gaaraas.com/electric_cars?_=1786646200315&button=&listing%5Bbrand_id%5D=&listing%5Bcar_type%5D=1&listing%5Bmaxprice%5D=160000001&listing%5Bminprice%5D=55309&page=25&utf8=%E2%9C%93","https://www.gaaraas.com/fr/vehicle_listings/annonce-kia-sorento-dakar-dakar-33686","Kia Sorento","2018","8 000 000","78 000 km","Automatique","Dakar"
"1786657320-1499","https://www.gaaraas.com/electric_cars?_=1786646200315&button=&listing%5Bbrand_id%5D=&listing%5Bcar_type%5D=1&listing%5Bmaxprice%5D=160000001&listing%5Bminprice%5D=55309&page=25&utf8=%E2%9C%93","https://www.gaaraas.com/fr/vehicle_listings/annonce-hyundai-sonata-dakar-dakar-33687","Hyundai Sonata","2015","4 200 000","89 586 km","Automatique","Dakar"
"1786657323-1500","https://www.gaaraas.com/electric_cars?_=1786646200315&button=&listing%5Bbrand_id%5D=&listing%5Bcar_type%5D=1&listing%5Bmaxprice%5D=160000001&listing%5Bminprice%5D=55309&page=25&utf8=%E2%9C%93","https://www.gaaraas.com/fr/vehicle_listings/annonce-mazda-cx-9-dakar-dakar-33688","Mazda CX-9","2018","12 000 000","54 000 km","Automatique","Dakar"
"1786657327-1501","https://www.gaaraas.com/electric_cars?_=1786646200315&button=&listing%5Bbrand_id%5D=&listing%5Bcar_type%5D=1&listing%5Bmaxprice%5D=160000001&listing%5Bminprice%5D=55309&page=25&utf8=%E2%9C%93","https://www.gaaraas.com/fr/vehicle_listings/annonce-renault-30-dakar-dakar-33689","Renault 30","2020","12 600 000","80 000 km","Automatique","Dakar"
"1786657332-1502","https://www.gaaraas.com/electric_cars?_=1786646200315&button=&listing%5Bbrand_id%5D=&listing%5Bcar_type%5D=1&listing%5Bmaxprice%5D=160000001&listing%5Bminprice%5D=55309&page=25&utf8=%E2%9C%93","https://www.gaaraas.com/fr/vehicle_listings/annonce-kia-sportage-dakar-dakar-33690","Kia Sportage","2018","8 800 000","80 000 km","Automatique","Dakar"
"1786657335-1503","https://www.gaaraas.com/electric_cars?_=1786646200315&button=&listing%5Bbrand_id%5D=&listing%5Bcar_type%5D=1&listing%5Bmaxprice%5D=160000001&listing%5Bminprice%5D=55309&page=25&utf8=%E2%9C%93","https://www.gaaraas.com/fr/vehicle_listings/annonce-hyundai-tucson-dakar-dakar-33691","Hyundai Tucson","2021","13 500 000","96 589 km","Automatique","Dakar"
"1786657338-1504","https://www.gaaraas.com/electric_cars?_=1786646200315&button=&listing%5Bbrand_id%5D=&listing%5Bcar_type%5D=1&listing%5Bmaxprice%5D=160000001&listing%5Bminprice%5D=55309&page=25&utf8=%E2%9C%93","https://www.gaaraas.com/fr/vehicle_listings/annonce-kia-sportage-dakar-dakar-33692","Kia Sportage","2017","8 300 000","33 586 km","Automatique","Dakar"
"1786657341-1505","https://www.gaaraas.com/electric_cars?_=1786646200315&button=&listing%5Bbrand_id%5D=&listing%5Bcar_type%5D=1&listing%5Bmaxprice%5D=160000001&listing%5Bminprice%5D=55309&page=25&utf8=%E2%9C%93","https://www.gaaraas.com/fr/vehicle_listings/annonce-mazda-cx-5-dakar-dakar-33693","Mazda CX-5","2018","10 700 000","46 000 km","Automatique","Dakar"
"1786657344-1506","https://www.gaaraas.com/electric_cars?_=1786646200315&button=&listing%5Bbrand_id%5D=&listing%5Bcar_type%5D=1&listing%5Bmaxprice%5D=160000001&listing%5Bminprice%5D=55309&page=25&utf8=%E2%9C%93","https://www.gaaraas.com/fr/vehicle_listings/annonce-peugeot-308-dakar-dakar-33694","Peugeot 308","2019","6 800 000","80 000 km","Automatique","Dakar"
"1786657351-1507","https://www.gaaraas.com/electric_cars?_=1786646200315&button=&listing%5Bbrand_id%5D=&listing%5Bcar_type%5D=1&listing%5Bmaxprice%5D=160000001&listing%5Bminprice%5D=55309&page=24&utf8=%E2%9C%93","https://www.gaaraas.com/fr/vehicle_listings/annonce-mazda-cx-9-dakar-dakar-33695","Mazda CX-9","2018","8 900 000","68 589 km","Automatique","Dakar"
"1786657353-1508","https://www.gaaraas.com/electric_cars?_=1786646200315&button=&listing%5Bbrand_id%5D=&listing%5Bcar_type%5D=1&listing%5Bmaxprice%5D=160000001&listing%5Bminprice%5D=55309&page=24&utf8=%E2%9C%93","https://www.gaaraas.com/fr/vehicle_listings/annonce-kia-sportage-dakar-dakar-33696","Kia Sportage","2017","8 900 000","88 589 km","Automatique","Dakar"
"1786657356-1509","https://www.gaaraas.com/electric_cars?_=1786646200315&button=&listing%5Bbrand_id%5D=&listing%5Bcar_type%5D=1&listing%5Bmaxprice%5D=160000001&listing%5Bminprice%5D=55309&page=24&utf8=%E2%9C%93","https://www.gaaraas.com/fr/vehicle_listings/annonce-renault-scenic-iii-dakar-dakar-33697","Renault Scénic III","2018","7 700 000","77 000 km","Automatique","Dakar"
"1786657360-1510","https://www.gaaraas.com/electric_cars?_=1786646200315&button=&listing%5Bbrand_id%5D=&listing%5Bcar_type%5D=1&listing%5Bmaxprice%5D=160000001&listing%5Bminprice%5D=55309&page=24&utf8=%E2%9C%93","https://www.gaaraas.com/fr/vehicle_listings/annonce-hyundai-santa-fe-dakar-dakar-33698","Hyundai Santa Fe","2019","13 900 000","100 000 km","Automatique","Dakar"
"1786657364-1511","https://www.gaaraas.com/electric_cars?_=1786646200315&button=&listing%5Bbrand_id%5D=&listing%5Bcar_type%5D=1&listing%5Bmaxprice%5D=160000001&listing%5Bminprice%5D=55309&page=24&utf8=%E2%9C%93","https://www.gaaraas.com/fr/vehicle_listings/annonce-bmw-x6-dakar-dakar-33699","BMW X6","2016","17 500 000","82 000 km","Automatique","Dakar"
"1786657368-1512","https://www.gaaraas.com/electric_cars?_=1786646200315&button=&listing%5Bbrand_id%5D=&listing%5Bcar_type%5D=1&listing%5Bmaxprice%5D=160000001&listing%5Bminprice%5D=55309&page=24&utf8=%E2%9C%93","https://www.gaaraas.com/fr/vehicle_listings/annonce-datsun-go-dakar-dakar-33700","Datsun GO","2023","17 500 000","41 000 km","Automatique","Dakar"
"1786657371-1513","https://www.gaaraas.com/electric_cars?_=1786646200315&button=&listing%5Bbrand_id%5D=&listing%5Bcar_type%5D=1&listing%5Bmaxprice%5D=160000001&listing%5Bminprice%5D=55309&page=24&utf8=%E2%9C%93","https://www.gaaraas.com/fr/vehicle_listings/annonce-bmw-x3-dakar-dakar-33701","BMW X3","2022","24 500 000","96 589 km","Manuelle","Dakar"
"1786657374-1514","https://www.gaaraas.com/electric_cars?_=1786646200315&button=&listing%5Bbrand_id%5D=&listing%5Bcar_type%5D=1&listing%5Bmaxprice%5D=160000001&listing%5Bminprice%5D=55309&page=24&utf8=%E2%9C%93","https://www.gaaraas.com/fr/vehicle_listings/annonce-ford-edge-dakar-dakar-33702","Ford Edge","2016","4 900 000","82 569 km","Automatique","Dakar"
"1786657377-1515","https://www.gaaraas.com/electric_cars?_=1786646200315&button=&listing%5Bbrand_id%5D=&listing%5Bcar_type%5D=1&listing%5Bmaxprice%5D=160000001&listing%5Bminprice%5D=55309&page=24&utf8=%E2%9C%93","https://www.gaaraas.com/fr/vehicle_listings/annonce-mercedes-benz-gla-klasse-dakar-dakar-33703","Mercedes‒Benz GLA-klasse","2018","12 000 000","75 858 km","Automatique","Dakar"
"1786657380-1516","https://www.gaaraas.com/electric_cars?_=1786646200315&button=&listing%5Bbrand_id%5D=&listing%5Bcar_type%5D=1&listing%5Bmaxprice%5D=160000001&listing%5Bminprice%5D=55309&page=24&utf8=%E2%9C%93","https://www.gaaraas.com/fr/vehicle_listings/annonce-hyundai-tucson-dakar-dakar-33704","Hyundai Tucson","2021","13 500 000","86 589 km","Automatique","Dakar"
"1786657400-1517","https://www.gaaraas.com/electric_cars?_=1786646200315&button=&listing%5Bbrand_id%5D=&listing%5Bcar_type%5D=1&listing%5Bmaxprice%5D=160000001&listing%5Bminprice%5D=55309&page=24&utf8=%E2%9C%93","https://www.gaaraas.com/fr/vehicle_listings/annonce-peugeot-308-dakar-dakar-33705","Peugeot 308","2019","6 800 000","80 000 km","Automatique","Dakar"
"1786657406-1518","https://www.gaaraas.com/electric_cars?_=1786646200315&button=&listing%5Bbrand_id%5D=&listing%5Bcar_type%5D=1&listing%5Bmaxprice%5D=160000001&listing%5Bminprice%5D=55309&page=24&utf8=%E2%9C%93","https://www.gaaraas.com/fr/vehicle_listings/annonce-citroen-c-elysee-ziguinchor-bignona-33706","Citroen C-Elysee","2017","2 500 000","65 000 km","Manuelle","Bignona"
"1786657409-1519","https://www.gaaraas.com/electric_cars?_=1786646200315&button=&listing%5Bbrand_id%5D=&listing%5Bcar_type%5D=1&listing%5Bmaxprice%5D=160000001&listing%5Bminprice%5D=55309&page=24&utf8=%E2%9C%93","https://www.gaaraas.com/fr/vehicle_listings/annonce-hyundai-tucson-dakar-dakar-33707","Hyundai Tucson","Autre","5 600 000","2016","Manuelle","Dakar"
"1786657421-1520","https://www.gaaraas.com/electric_cars?_=1786646200315&button=&listing%5Bbrand_id%5D=&listing%5Bcar_type%5D=1&listing%5Bmaxprice%5D=160000001&listing%5Bminprice%5D=55309&page=24&utf8=%E2%9C%93","https://www.gaaraas.com/fr/vehicle_listings/annonce-peugeot-3008-dakar-dakar-33708","Peugeot 3008","Autre","3 850 000","2012","Manuelle","Dakar"
"1786657423-1521","https://www.gaaraas.com/electric_cars?_=1786646200315&button=&listing%5Bbrand_id%5D=&listing%5Bcar_type%5D=1&listing%5Bmaxprice%5D=160000001&listing%5Bminprice%5D=55309&page=24&utf8=%E2%9C%93","https://www.gaaraas.com/fr/vehicle_listings/annonce-peugeot-3008-dakar-dakar-33709","Peugeot 3008","Autre","2 900 000","2002","Manuelle","Dakar"
"1786657428-1522","https://www.gaaraas.com/electric_cars?_=1786646200315&button=&listing%5Bbrand_id%5D=&listing%5Bcar_type%5D=1&listing%5Bmaxprice%5D=160000001&listing%5Bminprice%5D=55309&page=24&utf8=%E2%9C%93","https://www.gaaraas.com/fr/vehicle_listings/annonce-peugeot-3008-dakar-dakar-33710","Peugeot 3008","2011","3 900 000","2 178 km","Manuelle","Dakar"
"1786657439-1523","https://www.gaaraas.com/electric_cars?_=1786646200315&button=&listing%5Bbrand_id%5D=&listing%5Bcar_type%5D=1&listing%5Bmaxprice%5D=160000001&listing%5Bminprice%5D=55309&page=24&utf8=%E2%9C%93","https://www.gaaraas.com/fr/vehicle_listings/annonce-toyota-allion-dakar-dakar-33711","Toyota Allion","Autre","1 800 000","2014","Manuelle","Dakar"
"1786657444-1524","https://www.gaaraas.com/electric_cars?_=1786646200315&button=&listing%5Bbrand_id%5D=&listing%5Bcar_type%5D=1&listing%5Bmaxprice%5D=160000001&listing%5Bminprice%5D=55309&page=24&utf8=%E2%9C%93","https://www.gaaraas.com/fr/vehicle_listings/annonce-ford-s-max-kolda-dabo-33712","Ford S-MAX","2008","5 000 000","360 000 km","Manuelle","Dabo"
"1786657447-1525","https://www.gaaraas.com/electric_cars?_=1786646200315&button=&listing%5Bbrand_id%5D=&listing%5Bcar_type%5D=1&listing%5Bmaxprice%5D=160000001&listing%5Bminprice%5D=55309&page=24&utf8=%E2%9C%93","https://www.gaaraas.com/fr/vehicle_listings/annonce-toyota-hilux-dakar-dakar-33713","Toyota Hilux","Autre","15 500 000","2013","Manuelle","Dakar"
"1786657458-1526","https://www.gaaraas.com/electric_cars?_=1786646200315&button=&listing%5Bbrand_id%5D=&listing%5Bcar_type%5D=1&listing%5Bmaxprice%5D=160000001&listing%5Bminprice%5D=55309&page=24&utf8=%E2%9C%93","https://www.gaaraas.com/fr/vehicle_listings/annonce-toyota-allion-dakar-dakar-33714","Toyota Allion","Autre","1 900 000","2003","Manuelle","Dakar"
"1786657466-1527","https://www.gaaraas.com/electric_cars?_=1786646200315&button=&listing%5Bbrand_id%5D=&listing%5Bcar_type%5D=1&listing%5Bmaxprice%5D=160000001&listing%5Bminprice%5D=55309&page=23&utf8=%E2%9C%93","https://www.gaaraas.com/fr/vehicle_listings/annonce-peugeot-307-dakar-dakar-33715","Peugeot 307","Autre","2 200 000","2009","Manuelle","Dakar"
"1786657469-1528","https://www.gaaraas.com/electric_cars?_=1786646200315&button=&listing%5Bbrand_id%5D=&listing%5Bcar_type%5D=1&listing%5Bmaxprice%5D=160000001&listing%5Bminprice%5D=55309&page=23&utf8=%E2%9C%93","https://www.gaaraas.com/fr/vehicle_listings/annonce-peugeot-206-dakar-dakar-33716","Peugeot 206","Autre","1 600 000","2006","Manuelle","Dakar"
"1786657483-1529","https://www.gaaraas.com/electric_cars?_=1786646200315&button=&listing%5Bbrand_id%5D=&listing%5Bcar_type%5D=1&listing%5Bmaxprice%5D=160000001&listing%5Bminprice%5D=55309&page=23&utf8=%E2%9C%93","https://www.gaaraas.com/fr/vehicle_listings/annonce-ford-escape-dakar-dakar-33717","Ford Escape","Autre","3 100 000","2024","Manuelle","Dakar"
"1786657488-1530","https://www.gaaraas.com/electric_cars?_=1786646200315&button=&listing%5Bbrand_id%5D=&listing%5Bcar_type%5D=1&listing%5Bmaxprice%5D=160000001&listing%5Bminprice%5D=55309&page=23&utf8=%E2%9C%93","https://www.gaaraas.com/fr/vehicle_listings/annonce-nissan-180sx-dakar-dakar-33718","Nissan 180SX","Autre","1 500 000","2010","Manuelle","Dakar"
"1786657499-1531","https://www.gaaraas.com/electric_cars?_=1786646200315&button=&listing%5Bbrand_id%5D=&listing%5Bcar_type%5D=1&listing%5Bmaxprice%5D=160000001&listing%5Bminprice%5D=55309&page=23&utf8=%E2%9C%93","https://www.gaaraas.com/fr/vehicle_listings/annonce-peugeot-301-dakar-dakar-33719","Peugeot 301","Autre","3 200 000","2008","Manuelle","Dakar"
"1786657504-1532","https://www.gaaraas.com/electric_cars?_=1786646200315&button=&listing%5Bbrand_id%5D=&listing%5Bcar_type%5D=1&listing%5Bmaxprice%5D=160000001&listing%5Bminprice%5D=55309&page=23&utf8=%E2%9C%93","https://www.gaaraas.com/fr/vehicle_listings/annonce-peugeot-308-dakar-dakar-33720","Peugeot 308","Autre","3 200 000","2008","Manuelle","Dakar"
"1786657508-1533","https://www.gaaraas.com/electric_cars?_=1786646200315&button=&listing%5Bbrand_id%5D=&listing%5Bcar_type%5D=1&listing%5Bmaxprice%5D=160000001&listing%5Bminprice%5D=55309&page=23&utf8=%E2%9C%93","https://www.gaaraas.com/fr/vehicle_listings/annonce-hyundai-kona-dakar-dakar-33721","Hyundai Kona","2018","8 500 000","2 654 km","Manuelle","Dakar"
"1786657513-1534","https://www.gaaraas.com/electric_cars?_=1786646200315&button=&listing%5Bbrand_id%5D=&listing%5Bcar_type%5D=1&listing%5Bmaxprice%5D=160000001&listing%5Bminprice%5D=55309&page=23&utf8=%E2%9C%93","https://www.gaaraas.com/fr/vehicle_listings/annonce-renault-megane-dakar-dakar-33722","Renault Megane","2011","2 700 000","2 786 km","Manuelle","Dakar"
"1786657517-1535","https://www.gaaraas.com/electric_cars?_=1786646200315&button=&listing%5Bbrand_id%5D=&listing%5Bcar_type%5D=1&listing%5Bmaxprice%5D=160000001&listing%5Bminprice%5D=55309&page=23&utf8=%E2%9C%93","https://www.gaaraas.com/fr/vehicle_listings/annonce-peugeot-202-dakar-dakar-33723","Peugeot 202","2012","2 400 000","2 154 km","Manuelle","Dakar"
"1786657520-1536","https://www.gaaraas.com/electric_cars?_=1786646200315&button=&listing%5Bbrand_id%5D=&listing%5Bcar_type%5D=1&listing%5Bmaxprice%5D=160000001&listing%5Bminprice%5D=55309&page=23&utf8=%E2%9C%93","https://www.gaaraas.com/fr/vehicle_listings/annonce-hyundai-kona-dakar-dakar-33724","Hyundai Kona","2018","8 500 000","14 563 km","Manuelle","Dakar"
"1786657524-1537","https://www.gaaraas.com/electric_cars?_=1786646200315&button=&listing%5Bbrand_id%5D=&listing%5Bcar_type%5D=1&listing%5Bmaxprice%5D=160000001&listing%5Bminprice%5D=55309&page=23&utf8=%E2%9C%93","https://www.gaaraas.com/fr/vehicle_listings/annonce-hyundai-tucson-dakar-dakar-33725","Hyundai Tucson","Autre","6 500 000","2016","Manuelle","Dakar"
"1786657527-1538","https://www.gaaraas.com/electric_cars?_=1786646200315&button=&listing%5Bbrand_id%5D=&listing%5Bcar_type%5D=1&listing%5Bmaxprice%5D=160000001&listing%5Bminprice%5D=55309&page=23&utf8=%E2%9C%93","https://www.gaaraas.com/fr/vehicle_listings/annonce-peugeot-5008-dakar-dakar-33726","Peugeot 5008","Autre","3 500 000","2014","Manuelle","Dakar"
"1786657530-1539","https://www.gaaraas.com/electric_cars?_=1786646200315&button=&listing%5Bbrand_id%5D=&listing%5Bcar_type%5D=1&listing%5Bmaxprice%5D=160000001&listing%5Bminprice%5D=55309&page=23&utf8=%E2%9C%93","https://www.gaaraas.com/fr/vehicle_listings/annonce-toyota-corolla-dakar-dakar-33727","Toyota Corolla","Autre","3 100 000","2022","Manuelle","Dakar"
"1786657534-1540","https://www.gaaraas.com/electric_cars?_=1786646200315&button=&listing%5Bbrand_id%5D=&listing%5Bcar_type%5D=1&listing%5Bmaxprice%5D=160000001&listing%5Bminprice%5D=55309&page=23&utf8=%E2%9C%93","https://www.gaaraas.com/fr/vehicle_listings/annonce-peugeot-3008-dakar-dakar-33728","Peugeot 3008","Autre","3 600 000","2008","Manuelle","Dakar"
"1786657538-1541","https://www.gaaraas.com/electric_cars?_=1786646200315&button=&listing%5Bbrand_id%5D=&listing%5Bcar_type%5D=1&listing%5Bmaxprice%5D=160000001&listing%5Bminprice%5D=55309&page=23&utf8=%E2%9C%93","https://www.gaaraas.com/fr/vehicle_listings/annonce-peugeot-308-dakar-dakar-33729","Peugeot 308","Autre","4 350 000","2009","Manuelle","Dakar"
"1786657543-1542","https://www.gaaraas.com/electric_cars?_=1786646200315&button=&listing%5Bbrand_id%5D=&listing%5Bcar_type%5D=1&listing%5Bmaxprice%5D=160000001&listing%5Bminprice%5D=55309&page=23&utf8=%E2%9C%93","https://www.gaaraas.com/fr/vehicle_listings/annonce-peugeot-3008-dakar-dakar-33730","Peugeot 3008","2008","2 500 000","2 165 km","Manuelle","Dakar"
"1786657547-1543","https://www.gaaraas.com/electric_cars?_=1786646200315&button=&listing%5Bbrand_id%5D=&listing%5Bcar_type%5D=1&listing%5Bmaxprice%5D=160000001&listing%5Bminprice%5D=55309&page=23&utf8=%E2%9C%93","https://www.gaaraas.com/fr/vehicle_listings/annonce-citroen-c4-dakar-dakar-33731","Citroen C4","Autre","6 500 000","2016","Manuelle","Dakar"
"1786657550-1544","https://www.gaaraas.com/electric_cars?_=1786646200315&button=&listing%5Bbrand_id%5D=&listing%5Bcar_type%5D=1&listing%5Bmaxprice%5D=160000001&listing%5Bminprice%5D=55309&page=23&utf8=%E2%9C%93","https://www.gaaraas.com/fr/vehicle_listings/annonce-peugeot-3008-dakar-dakar-33732","Peugeot 3008","Autre","8 500 000","2025","Manuelle","Dakar"
"1786657554-1545","https://www.gaaraas.com/electric_cars?_=1786646200315&button=&listing%5Bbrand_id%5D=&listing%5Bcar_type%5D=1&listing%5Bmaxprice%5D=160000001&listing%5Bminprice%5D=55309&page=23&utf8=%E2%9C%93","https://www.gaaraas.com/fr/vehicle_listings/annonce-peugeot-5008-dakar-dakar-33733","Peugeot 5008","Autre","3 600 000","2008","Manuelle","Dakar"
"1786657558-1546","https://www.gaaraas.com/electric_cars?_=1786646200315&button=&listing%5Bbrand_id%5D=&listing%5Bcar_type%5D=1&listing%5Bmaxprice%5D=160000001&listing%5Bminprice%5D=55309&page=23&utf8=%E2%9C%93","https://www.gaaraas.com/fr/vehicle_listings/annonce-hyundai-i20-dakar-dakar-33734","Hyundai i20","Autre","2 800 000","2012","Manuelle","Dakar"
"1786657565-1547","https://www.gaaraas.com/electric_cars?_=1786646200315&button=&listing%5Bbrand_id%5D=&listing%5Bcar_type%5D=1&listing%5Bmaxprice%5D=160000001&listing%5Bminprice%5D=55309&page=22&utf8=%E2%9C%93","https://www.gaaraas.com/fr/vehicle_listings/annonce-nissan-rogue-dakar-dakar-33735","Nissan Rogue","Autre","113 000 000","2021","Manuelle","Dakar"
"1786657568-1548","https://www.gaaraas.com/electric_cars?_=1786646200315&button=&listing%5Bbrand_id%5D=&listing%5Bcar_type%5D=1&listing%5Bmaxprice%5D=160000001&listing%5Bminprice%5D=55309&page=22&utf8=%E2%9C%93","https://www.gaaraas.com/fr/vehicle_listings/annonce-ford-focus-dakar-dakar-33736","Ford Focus","Autre","2 800 000","2013","Manuelle","Dakar"
"1786657572-1549","https://www.gaaraas.com/electric_cars?_=1786646200315&button=&listing%5Bbrand_id%5D=&listing%5Bcar_type%5D=1&listing%5Bmaxprice%5D=160000001&listing%5Bminprice%5D=55309&page=22&utf8=%E2%9C%93","https://www.gaaraas.com/fr/vehicle_listings/annonce-peugeot-307-dakar-dakar-33737","Peugeot 307","Autre","2 950 000","2012","Manuelle","Dakar"
"1786657575-1550","https://www.gaaraas.com/electric_cars?_=1786646200315&button=&listing%5Bbrand_id%5D=&listing%5Bcar_type%5D=1&listing%5Bmaxprice%5D=160000001&listing%5Bminprice%5D=55309&page=22&utf8=%E2%9C%93","https://www.gaaraas.com/fr/vehicle_listings/annonce-peugeot-207-dakar-dakar-33738","Peugeot 207","Autre","29 000 000","2012","Manuelle","Dakar"
"1786657579-1551","https://www.gaaraas.com/electric_cars?_=1786646200315&button=&listing%5Bbrand_id%5D=&listing%5Bcar_type%5D=1&listing%5Bmaxprice%5D=160000001&listing%5Bminprice%5D=55309&page=22&utf8=%E2%9C%93","https://www.gaaraas.com/fr/vehicle_listings/annonce-ford-escape-dakar-dakar-33739","Ford Escape","Autre","3 300 000","2013","Manuelle","Dakar"
"1786657582-1552","https://www.gaaraas.com/electric_cars?_=1786646200315&button=&listing%5Bbrand_id%5D=&listing%5Bcar_type%5D=1&listing%5Bmaxprice%5D=160000001&listing%5Bminprice%5D=55309&page=22&utf8=%E2%9C%93","https://www.gaaraas.com/fr/vehicle_listings/annonce-peugeot-307-dakar-dakar-33740","Peugeot 307","Autre","1 750 000","2013","Manuelle","Dakar"
"1786657587-1553","https://www.gaaraas.com/electric_cars?_=1786646200315&button=&listing%5Bbrand_id%5D=&listing%5Bcar_type%5D=1&listing%5Bmaxprice%5D=160000001&listing%5Bminprice%5D=55309&page=22&utf8=%E2%9C%93","https://www.gaaraas.com/fr/vehicle_listings/annonce-peugeot-307-dakar-dakar-33741","Peugeot 307","Autre","3 300 000","2009","Manuelle","Dakar"
"1786657590-1554","https://www.gaaraas.com/electric_cars?_=1786646200315&button=&listing%5Bbrand_id%5D=&listing%5Bcar_type%5D=1&listing%5Bmaxprice%5D=160000001&listing%5Bminprice%5D=55309&page=22&utf8=%E2%9C%93","https://www.gaaraas.com/fr/vehicle_listings/annonce-peugeot-208-dakar-dakar-33742","Peugeot 208","2018","5 000 000","80 000 km","Manuelle","Dakar"
"1786657593-1555","https://www.gaaraas.com/electric_cars?_=1786646200315&button=&listing%5Bbrand_id%5D=&listing%5Bcar_type%5D=1&listing%5Bmaxprice%5D=160000001&listing%5Bminprice%5D=55309&page=22&utf8=%E2%9C%93","https://www.gaaraas.com/fr/vehicle_listings/annonce-dacia-lodgy-dakar-dakar-33743","Dacia Lodgy","2023","3 300 000","3 276 km","Manuelle","Dakar"
"1786657598-1556","https://www.gaaraas.com/electric_cars?_=1786646200315&button=&listing%5Bbrand_id%5D=&listing%5Bcar_type%5D=1&listing%5Bmaxprice%5D=160000001&listing%5Bminprice%5D=55309&page=22&utf8=%E2%9C%93","https://www.gaaraas.com/fr/vehicle_listings/annonce-nissan-juke-kolda-dabo-33744","Nissan Juke","2020","","36 449 km","Automatique","Dabo"
"1786657601-1557","https://www.gaaraas.com/electric_cars?_=1786646200315&button=&listing%5Bbrand_id%5D=&listing%5Bcar_type%5D=1&listing%5Bmaxprice%5D=160000001&listing%5Bminprice%5D=55309&page=22&utf8=%E2%9C%93","https://www.gaaraas.com/fr/vehicle_listings/annonce-nissan-micra-tambacounda-bakel-33745","Nissan Micra","2018","5 000 000","90 000 km","Manuelle","Bakel"
"1786657619-1558","https://www.gaaraas.com/electric_cars?_=1786646200315&button=&listing%5Bbrand_id%5D=&listing%5Bcar_type%5D=1&listing%5Bmaxprice%5D=160000001&listing%5Bminprice%5D=55309&page=22&utf8=%E2%9C%93","https://www.gaaraas.com/fr/vehicle_listings/annonce-nissan-qashqai-kolda-dabo-33746","Nissan Qashqai","2016","6 000 000","90 000 km","Manuelle","Dabo"
"1786657624-1559","https://www.gaaraas.com/electric_cars?_=1786646200315&button=&listing%5Bbrand_id%5D=&listing%5Bcar_type%5D=1&listing%5Bmaxprice%5D=160000001&listing%5Bminprice%5D=55309&page=22&utf8=%E2%9C%93","https://www.gaaraas.com/fr/vehicle_listings/annonce-peugeot-3008-ziguinchor-bignona-33747","Peugeot 3008","2018","5 500 000","136 000 km","Manuelle","Bignona"
"1786657628-1560","https://www.gaaraas.com/electric_cars?_=1786646200315&button=&listing%5Bbrand_id%5D=&listing%5Bcar_type%5D=1&listing%5Bmaxprice%5D=160000001&listing%5Bminprice%5D=55309&page=22&utf8=%E2%9C%93","https://www.gaaraas.com/fr/vehicle_listings/annonce-peugeot-2008-kolda-dabo-33748","Peugeot 2008","2016","","98 000 km","Manuelle","Dabo"
"1786657632-1561","https://www.gaaraas.com/electric_cars?_=1786646200315&button=&listing%5Bbrand_id%5D=&listing%5Bcar_type%5D=1&listing%5Bmaxprice%5D=160000001&listing%5Bminprice%5D=55309&page=22&utf8=%E2%9C%93","https://www.gaaraas.com/fr/vehicle_listings/annonce-kia-sportage-ziguinchor-bignona-33749","Kia Sportage","2011","5 000 000","159 000 km","Manuelle","Bignona"
"1786657646-1562","https://www.gaaraas.com/electric_cars?_=1786646200315&button=&listing%5Bbrand_id%5D=&listing%5Bcar_type%5D=1&listing%5Bmaxprice%5D=160000001&listing%5Bminprice%5D=55309&page=22&utf8=%E2%9C%93","https://www.gaaraas.com/fr/vehicle_listings/annonce-toyota-auris-ziguinchor-bignona-33750","Toyota Auris","2015","","207 467 km","Manuelle","Bignona"
"1786657653-1563","https://www.gaaraas.com/electric_cars?_=1786646200315&button=&listing%5Bbrand_id%5D=&listing%5Bcar_type%5D=1&listing%5Bmaxprice%5D=160000001&listing%5Bminprice%5D=55309&page=22&utf8=%E2%9C%93","https://www.gaaraas.com/fr/vehicle_listings/annonce-peugeot-3008-kolda-dabo-33751","Peugeot 3008","2018","7 000 000","154 000 km","Automatique","Dabo"
"1786657658-1564","https://www.gaaraas.com/electric_cars?_=1786646200315&button=&listing%5Bbrand_id%5D=&listing%5Bcar_type%5D=1&listing%5Bmaxprice%5D=160000001&listing%5Bminprice%5D=55309&page=22&utf8=%E2%9C%93","https://www.gaaraas.com/fr/vehicle_listings/annonce-toyota-corolla-kolda-dabo-33752","Toyota Corolla","2002","3 000 000","280 000 km","Manuelle","Dabo"
"1786657677-1565","https://www.gaaraas.com/electric_cars?_=1786646200315&button=&listing%5Bbrand_id%5D=&listing%5Bcar_type%5D=1&listing%5Bmaxprice%5D=160000001&listing%5Bminprice%5D=55309&page=22&utf8=%E2%9C%93","https://www.gaaraas.com/fr/vehicle_listings/annonce-toyota-rav4-dakar-dakar-33753","Toyota RAV4","2013","6 000 000","182 522 km","Manuelle","Dakar"
"1786657681-1566","https://www.gaaraas.com/electric_cars?_=1786646200315&button=&listing%5Bbrand_id%5D=&listing%5Bcar_type%5D=1&listing%5Bmaxprice%5D=160000001&listing%5Bminprice%5D=55309&page=22&utf8=%E2%9C%93","https://www.gaaraas.com/fr/vehicle_listings/annonce-kia-sportage-ziguinchor-bignona-33754","Kia Sportage","2011","4 800 000","159 000 km","Manuelle","Bignona"
"1786657690-1567","https://www.gaaraas.com/electric_cars?_=1786646200315&button=&listing%5Bbrand_id%5D=&listing%5Bcar_type%5D=1&listing%5Bmaxprice%5D=160000001&listing%5Bminprice%5D=55309&page=21&utf8=%E2%9C%93","https://www.gaaraas.com/fr/vehicle_listings/annonce-toyota-land-cruiser-dakar-dakar-33755","Toyota Land Cruiser","2025","","5 046 km","Automatique","Dakar"
"1786657694-1568","https://www.gaaraas.com/electric_cars?_=1786646200315&button=&listing%5Bbrand_id%5D=&listing%5Bcar_type%5D=1&listing%5Bmaxprice%5D=160000001&listing%5Bminprice%5D=55309&page=21&utf8=%E2%9C%93","https://www.gaaraas.com/fr/vehicle_listings/annonce-nissan-navara-dakar-dakar-33756","Nissan Navara","2017","","192 000 km","Manuelle","Dakar"
"1786657699-1569","https://www.gaaraas.com/electric_cars?_=1786646200315&button=&listing%5Bbrand_id%5D=&listing%5Bcar_type%5D=1&listing%5Bmaxprice%5D=160000001&listing%5Bminprice%5D=55309&page=21&utf8=%E2%9C%93","https://www.gaaraas.com/fr/vehicle_listings/annonce-nissan-x-trail-kolda-dabo-33757","Nissan X–Trail","2015","","151 700 km","Manuelle","Dabo"
"1786657703-1570","https://www.gaaraas.com/electric_cars?_=1786646200315&button=&listing%5Bbrand_id%5D=&listing%5Bcar_type%5D=1&listing%5Bmaxprice%5D=160000001&listing%5Bminprice%5D=55309&page=21&utf8=%E2%9C%93","https://www.gaaraas.com/fr/vehicle_listings/annonce-toyota-prado-dakar-dakar-33758","Toyota Prado","2019","23 500 000","99 000 km","Automatique","Dakar"
"1786657707-1571","https://www.gaaraas.com/electric_cars?_=1786646200315&button=&listing%5Bbrand_id%5D=&listing%5Bcar_type%5D=1&listing%5Bmaxprice%5D=160000001&listing%5Bminprice%5D=55309&page=21&utf8=%E2%9C%93","https://www.gaaraas.com/fr/vehicle_listings/annonce-peugeot-5008-dakar-dakar-33759","Peugeot 5008","2019","","147 500 km","Manuelle","Dakar"
"1786657712-1572","https://www.gaaraas.com/electric_cars?_=1786646200315&button=&listing%5Bbrand_id%5D=&listing%5Bcar_type%5D=1&listing%5Bmaxprice%5D=160000001&listing%5Bminprice%5D=55309&page=21&utf8=%E2%9C%93","https://www.gaaraas.com/fr/vehicle_listings/annonce-peugeot-5008-dakar-dakar-33760","Peugeot 5008","2019","","147 500 km","Manuelle","Dakar"
"1786657716-1573","https://www.gaaraas.com/electric_cars?_=1786646200315&button=&listing%5Bbrand_id%5D=&listing%5Bcar_type%5D=1&listing%5Bmaxprice%5D=160000001&listing%5Bminprice%5D=55309&page=21&utf8=%E2%9C%93","https://www.gaaraas.com/fr/vehicle_listings/annonce-peugeot-2008-ziguinchor-bignona-33761","Peugeot 2008","2014","","138 000 km","Manuelle","Bignona"
"1786657721-1574","https://www.gaaraas.com/electric_cars?_=1786646200315&button=&listing%5Bbrand_id%5D=&listing%5Bcar_type%5D=1&listing%5Bmaxprice%5D=160000001&listing%5Bminprice%5D=55309&page=21&utf8=%E2%9C%93","https://www.gaaraas.com/fr/vehicle_listings/annonce-hyundai-tucson-dakar-dakar-33762","Hyundai Tucson","2012","","145 268 km","Automatique","Dakar"
"1786657725-1575","https://www.gaaraas.com/electric_cars?_=1786646200315&button=&listing%5Bbrand_id%5D=&listing%5Bcar_type%5D=1&listing%5Bmaxprice%5D=160000001&listing%5Bminprice%5D=55309&page=21&utf8=%E2%9C%93","https://www.gaaraas.com/fr/vehicle_listings/annonce-renault-duster-dakar-dakar-33763","Renault Duster","2023","8 000 000","22 000 km","Manuelle","Dakar"
"1786657730-1576","https://www.gaaraas.com/electric_cars?_=1786646200315&button=&listing%5Bbrand_id%5D=&listing%5Bcar_type%5D=1&listing%5Bmaxprice%5D=160000001&listing%5Bminprice%5D=55309&page=21&utf8=%E2%9C%93","https://www.gaaraas.com/fr/vehicle_listings/annonce-toyota-rav4-kolda-dabo-33764","Toyota RAV4","2017","","251 000 km","Manuelle","Dabo"
"1786657735-1577","https://www.gaaraas.com/electric_cars?_=1786646200315&button=&listing%5Bbrand_id%5D=&listing%5Bcar_type%5D=1&listing%5Bmaxprice%5D=160000001&listing%5Bminprice%5D=55309&page=21&utf8=%E2%9C%93","https://www.gaaraas.com/fr/vehicle_listings/annonce-hyundai-tucson-dakar-dakar-33766","Hyundai Tucson","2015","5 800 000","105 000 km","Automatique","Dakar"
"1786657741-1578","https://www.gaaraas.com/electric_cars?_=1786646200315&button=&listing%5Bbrand_id%5D=&listing%5Bcar_type%5D=1&listing%5Bmaxprice%5D=160000001&listing%5Bminprice%5D=55309&page=21&utf8=%E2%9C%93","https://www.gaaraas.com/fr/vehicle_listings/annonce-mazda-cx-5-dakar-dakar-33767","Mazda CX-5","2018","11 500 000","98 000 km","Automatique","Dakar"
"1786657744-1579","https://www.gaaraas.com/electric_cars?_=1786646200315&button=&listing%5Bbrand_id%5D=&listing%5Bcar_type%5D=1&listing%5Bmaxprice%5D=160000001&listing%5Bminprice%5D=55309&page=21&utf8=%E2%9C%93","https://www.gaaraas.com/fr/vehicle_listings/annonce-bmw-x4-dakar-dakar-33768","BMW X4","2019","20 000 000","98 000 km","Automatique","Dakar"
"1786657749-1580","https://www.gaaraas.com/electric_cars?_=1786646200315&button=&listing%5Bbrand_id%5D=&listing%5Bcar_type%5D=1&listing%5Bmaxprice%5D=160000001&listing%5Bminprice%5D=55309&page=21&utf8=%E2%9C%93","https://www.gaaraas.com/fr/vehicle_listings/annonce-hyundai-tucson-dakar-dakar-33770","Hyundai Tucson","2022","8 000 000","53 200 km","Automatique","Dakar"
"1786657753-1581","https://www.gaaraas.com/electric_cars?_=1786646200315&button=&listing%5Bbrand_id%5D=&listing%5Bcar_type%5D=1&listing%5Bmaxprice%5D=160000001&listing%5Bminprice%5D=55309&page=21&utf8=%E2%9C%93","https://www.gaaraas.com/fr/vehicle_listings/annonce-peugeot-3008-kolda-dabo-33771","Peugeot 3008","2021","7 000 000","76 697 km","Automatique","Dabo"
"1786657756-1582","https://www.gaaraas.com/electric_cars?_=1786646200315&button=&listing%5Bbrand_id%5D=&listing%5Bcar_type%5D=1&listing%5Bmaxprice%5D=160000001&listing%5Bminprice%5D=55309&page=21&utf8=%E2%9C%93","https://www.gaaraas.com/fr/vehicle_listings/annonce-kia-sportage-louga-dahra-33772","Kia Sportage","2023","","26 000 km","Manuelle","Dahra"
"1786657760-1583","https://www.gaaraas.com/electric_cars?_=1786646200315&button=&listing%5Bbrand_id%5D=&listing%5Bcar_type%5D=1&listing%5Bmaxprice%5D=160000001&listing%5Bminprice%5D=55309&page=21&utf8=%E2%9C%93","https://www.gaaraas.com/fr/vehicle_listings/annonce-toyota-rav4-kolda-dabo-33773","Toyota RAV4","2022","","99 000 km","Automatique","Dabo"
"1786657766-1584","https://www.gaaraas.com/electric_cars?_=1786646200315&button=&listing%5Bbrand_id%5D=&listing%5Bcar_type%5D=1&listing%5Bmaxprice%5D=160000001&listing%5Bminprice%5D=55309&page=21&utf8=%E2%9C%93","https://www.gaaraas.com/fr/vehicle_listings/annonce-citroen-c5-region-de-thies-thies-33774","Citroen C5","2010","1 400 000","78 000 km","Manuelle","Thiès"
"1786657771-1585","https://www.gaaraas.com/electric_cars?_=1786646200315&button=&listing%5Bbrand_id%5D=&listing%5Bcar_type%5D=1&listing%5Bmaxprice%5D=160000001&listing%5Bminprice%5D=55309&page=21&utf8=%E2%9C%93","https://www.gaaraas.com/fr/vehicle_listings/annonce-dacia-sandero-dakar-dakar-33775","Dacia Sandero","2017","","215 327 km","Manuelle","Dakar"
"1786657775-1586","https://www.gaaraas.com/electric_cars?_=1786646200315&button=&listing%5Bbrand_id%5D=&listing%5Bcar_type%5D=1&listing%5Bmaxprice%5D=160000001&listing%5Bminprice%5D=55309&page=21&utf8=%E2%9C%93","https://www.gaaraas.com/fr/vehicle_listings/annonce-nissan-qashqai-dakar-dakar-33776","Nissan Qashqai","2017","9 500 000","86 247 km","Automatique","Dakar"
"1786657810-1587","https://www.gaaraas.com/electric_cars?_=1786646200315&button=&listing%5Bbrand_id%5D=&listing%5Bcar_type%5D=1&listing%5Bmaxprice%5D=160000001&listing%5Bminprice%5D=55309&page=20&utf8=%E2%9C%93","https://www.gaaraas.com/fr/vehicle_listings/annonce-hyundai-santa-fe-dakar-dakar-33777","Hyundai Santa Fe","2017","9 500 000","85 301 km","Automatique","Dakar"
"1786657816-1588","https://www.gaaraas.com/electric_cars?_=1786646200315&button=&listing%5Bbrand_id%5D=&listing%5Bcar_type%5D=1&listing%5Bmaxprice%5D=160000001&listing%5Bminprice%5D=55309&page=20&utf8=%E2%9C%93","https://www.gaaraas.com/fr/vehicle_listings/annonce-hyundai-santa-fe-louga-dahra-33778","Hyundai Santa Fe","2021","8 000 000","49 406 km","Automatique","Dahra"
"1786657821-1589","https://www.gaaraas.com/electric_cars?_=1786646200315&button=&listing%5Bbrand_id%5D=&listing%5Bcar_type%5D=1&listing%5Bmaxprice%5D=160000001&listing%5Bminprice%5D=55309&page=20&utf8=%E2%9C%93","https://www.gaaraas.com/fr/vehicle_listings/annonce-mitsubishi-eclipse-cross-kolda-dabo-33779","Mitsubishi Eclipse Cross","2023","8 000 000","69 963 km","Automatique","Dabo"
"1786657839-1590","https://www.gaaraas.com/electric_cars?_=1786646200315&button=&listing%5Bbrand_id%5D=&listing%5Bcar_type%5D=1&listing%5Bmaxprice%5D=160000001&listing%5Bminprice%5D=55309&page=20&utf8=%E2%9C%93","https://www.gaaraas.com/fr/vehicle_listings/annonce-jaguar-e-pace-kolda-dabo-33780","Jaguar E-Pace","2019","","87 218 km","Manuelle","Dabo"
"1786657845-1591","https://www.gaaraas.com/electric_cars?_=1786646200315&button=&listing%5Bbrand_id%5D=&listing%5Bcar_type%5D=1&listing%5Bmaxprice%5D=160000001&listing%5Bminprice%5D=55309&page=20&utf8=%E2%9C%93","https://www.gaaraas.com/fr/vehicle_listings/annonce-haval-h6-dakar-dakar-33781","Haval H6","2021","","28 000 km","Automatique","Dakar"
"1786657851-1592","https://www.gaaraas.com/electric_cars?_=1786646200315&button=&listing%5Bbrand_id%5D=&listing%5Bcar_type%5D=1&listing%5Bmaxprice%5D=160000001&listing%5Bminprice%5D=55309&page=20&utf8=%E2%9C%93","https://www.gaaraas.com/fr/vehicle_listings/annonce-ford-explorer-ziguinchor-bignona-33782","Ford Explorer","2013","6 000 000","68 000 km","Automatique","Bignona"
"1786657856-1593","https://www.gaaraas.com/electric_cars?_=1786646200315&button=&listing%5Bbrand_id%5D=&listing%5Bcar_type%5D=1&listing%5Bmaxprice%5D=160000001&listing%5Bminprice%5D=55309&page=20&utf8=%E2%9C%93","https://www.gaaraas.com/fr/vehicle_listings/annonce-mercedes-benz-e-class-bagmati-behind-berlin-33783","Mercedes‒Benz E–Class","2020","","174 000 km","Automatique","Behind berlin"
"1786657862-1594","https://www.gaaraas.com/electric_cars?_=1786646200315&button=&listing%5Bbrand_id%5D=&listing%5Bcar_type%5D=1&listing%5Bmaxprice%5D=160000001&listing%5Bminprice%5D=55309&page=20&utf8=%E2%9C%93","https://www.gaaraas.com/fr/vehicle_listings/annonce-hyundai-tucson-dakar-dakar-33784","Hyundai Tucson","2015","","89 000 km","Automatique","Dakar"
"1786657868-1595","https://www.gaaraas.com/electric_cars?_=1786646200315&button=&listing%5Bbrand_id%5D=&listing%5Bcar_type%5D=1&listing%5Bmaxprice%5D=160000001&listing%5Bminprice%5D=55309&page=20&utf8=%E2%9C%93","https://www.gaaraas.com/fr/vehicle_listings/annonce-audi-200-dakar-dakar-33785","Audi 200","2020","45 454 554","55 555 km","Manuelle","Dakar"
"1786657873-1596","https://www.gaaraas.com/electric_cars?_=1786646200315&button=&listing%5Bbrand_id%5D=&listing%5Bcar_type%5D=1&listing%5Bmaxprice%5D=160000001&listing%5Bminprice%5D=55309&page=20&utf8=%E2%9C%93","https://www.gaaraas.com/fr/vehicle_listings/annonce-ford-mustang-thies-mbour-33786","FORD MUSTANG","2010","","20 000 km","Automatique","Mbour"
"1786657879-1597","https://www.gaaraas.com/electric_cars?_=1786646200315&button=&listing%5Bbrand_id%5D=&listing%5Bcar_type%5D=1&listing%5Bmaxprice%5D=160000001&listing%5Bminprice%5D=55309&page=20&utf8=%E2%9C%93","https://www.gaaraas.com/fr/vehicle_listings/annonce-toyota-hilux-fatick-diofior-33787","Toyota Hilux","2019","","64 446 km","Manuelle","Diofior"
"1786657884-1598","https://www.gaaraas.com/electric_cars?_=1786646200315&button=&listing%5Bbrand_id%5D=&listing%5Bcar_type%5D=1&listing%5Bmaxprice%5D=160000001&listing%5Bminprice%5D=55309&page=20&utf8=%E2%9C%93","https://www.gaaraas.com/fr/vehicle_listings/annonce-citroen-c3-aircross-saint-louis-dagana-33788","Citroen C3 Aircross","2019","","70 000 km","Manuelle","Dagana"
"1786657889-1599","https://www.gaaraas.com/electric_cars?_=1786646200315&button=&listing%5Bbrand_id%5D=&listing%5Bcar_type%5D=1&listing%5Bmaxprice%5D=160000001&listing%5Bminprice%5D=55309&page=20&utf8=%E2%9C%93","https://www.gaaraas.com/fr/vehicle_listings/annonce-honda-cr-v-dakar-dakar-33789","Honda CR–V","2025","12 000 000","7 900 km","Automatique","Dakar"
"1786657895-1600","https://www.gaaraas.com/electric_cars?_=1786646200315&button=&listing%5Bbrand_id%5D=&listing%5Bcar_type%5D=1&listing%5Bmaxprice%5D=160000001&listing%5Bminprice%5D=55309&page=20&utf8=%E2%9C%93","https://www.gaaraas.com/fr/vehicle_listings/annonce-autobianchi-a-112-thies-mbour-33790","Autobianchi A 112","Autre","15 000 000","2026","Manuelle","Mbour"
"1786657901-1601","https://www.gaaraas.com/electric_cars?_=1786646200315&button=&listing%5Bbrand_id%5D=&listing%5Bcar_type%5D=1&listing%5Bmaxprice%5D=160000001&listing%5Bminprice%5D=55309&page=20&utf8=%E2%9C%93","https://www.gaaraas.com/fr/vehicle_listings/annonce-abarth-500-saint-louis-dagana-33791","Abarth 500","Noir","15 000 000","2026","Automatique","Dagana"
"1786657910-1602","https://www.gaaraas.com/electric_cars?_=1786646200315&button=&listing%5Bbrand_id%5D=&listing%5Bcar_type%5D=1&listing%5Bmaxprice%5D=160000001&listing%5Bminprice%5D=55309&page=20&utf8=%E2%9C%93","https://www.gaaraas.com/fr/vehicle_listings/annonce-hyundai-elantra-dakar-dakar-33792","Hyundai Elantra","2019","6 500 000","80 000 km","Automatique","Dakar"
"1786657919-1603","https://www.gaaraas.com/electric_cars?_=1786646200315&button=&listing%5Bbrand_id%5D=&listing%5Bcar_type%5D=1&listing%5Bmaxprice%5D=160000001&listing%5Bminprice%5D=55309&page=20&utf8=%E2%9C%93","https://www.gaaraas.com/fr/vehicle_listings/annonce-hyundai-santa-fe-dakar-dakar-33793","Hyundai Santa Fe","2015","5 000 000","148 000 km","Automatique","Dakar"
"1786657925-1604","https://www.gaaraas.com/electric_cars?_=1786646200315&button=&listing%5Bbrand_id%5D=&listing%5Bcar_type%5D=1&listing%5Bmaxprice%5D=160000001&listing%5Bminprice%5D=55309&page=20&utf8=%E2%9C%93","https://www.gaaraas.com/fr/vehicle_listings/annonce-kia-soul-dakar-dakar-33794","Kia Soul","2021","","80 000 km","Automatique","Dakar"
"1786657930-1605","https://www.gaaraas.com/electric_cars?_=1786646200315&button=&listing%5Bbrand_id%5D=&listing%5Bcar_type%5D=1&listing%5Bmaxprice%5D=160000001&listing%5Bminprice%5D=55309&page=20&utf8=%E2%9C%93","https://www.gaaraas.com/fr/vehicle_listings/annonce-toyota-land-cruiser-prado-dakar-dakar-33795","Toyota Land Cruiser Prado","2007","","197 000 km","Manuelle","Dakar"
"1786657935-1606","https://www.gaaraas.com/electric_cars?_=1786646200315&button=&listing%5Bbrand_id%5D=&listing%5Bcar_type%5D=1&listing%5Bmaxprice%5D=160000001&listing%5Bminprice%5D=55309&page=20&utf8=%E2%9C%93","https://www.gaaraas.com/fr/vehicle_listings/annonce-bmw-x6-louga-dahra-33796","BMW X6","2021","10 000 000","50 000 km","Automatique","Dahra"
"1786658005-1607","https://www.gaaraas.com/electric_cars?_=1786646200315&button=&listing%5Bbrand_id%5D=&listing%5Bcar_type%5D=1&listing%5Bmaxprice%5D=160000001&listing%5Bminprice%5D=55309&page=19&utf8=%E2%9C%93","https://www.gaaraas.com/fr/vehicle_listings/annonce-renault-samsung-qm3-dakar-dakar-33797","Renault Samsung Qm3","2017","","105 000 km","Automatique","Dakar"
"1786658017-1608","https://www.gaaraas.com/electric_cars?_=1786646200315&button=&listing%5Bbrand_id%5D=&listing%5Bcar_type%5D=1&listing%5Bmaxprice%5D=160000001&listing%5Bminprice%5D=55309&page=19&utf8=%E2%9C%93","https://www.gaaraas.com/fr/vehicle_listings/annonce-hyundai-elantra-dakar-dakar-33798","Hyundai Elantra","2014","3 800 000","111 000 km","Automatique","Dakar"
"1786658036-1609","https://www.gaaraas.com/electric_cars?_=1786646200315&button=&listing%5Bbrand_id%5D=&listing%5Bcar_type%5D=1&listing%5Bmaxprice%5D=160000001&listing%5Bminprice%5D=55309&page=19&utf8=%E2%9C%93","https://www.gaaraas.com/fr/vehicle_listings/annonce-ford-fiesta-dakar-dakar-33799","Ford Fiesta","2013","2 500 000","72 000 km","Manuelle","Dakar"
"1786658090-1610","https://www.gaaraas.com/electric_cars?_=1786646200315&button=&listing%5Bbrand_id%5D=&listing%5Bcar_type%5D=1&listing%5Bmaxprice%5D=160000001&listing%5Bminprice%5D=55309&page=19&utf8=%E2%9C%93","https://www.gaaraas.com/fr/vehicle_listings/annonce-ford-escape-region-de-thies-m-bour-33800","Ford Escape","2013","","0 km","Automatique","M'Bour"
"1786658107-1611","https://www.gaaraas.com/electric_cars?_=1786646200315&button=&listing%5Bbrand_id%5D=&listing%5Bcar_type%5D=1&listing%5Bmaxprice%5D=160000001&listing%5Bminprice%5D=55309&page=19&utf8=%E2%9C%93","https://www.gaaraas.com/fr/vehicle_listings/annonce-jaguar-f-pace-kolda-dabo-33801","Jaguar F-Pace","2016","","159 500 km","Automatique","Dabo"
"1786658117-1612","https://www.gaaraas.com/electric_cars?_=1786646200315&button=&listing%5Bbrand_id%5D=&listing%5Bcar_type%5D=1&listing%5Bmaxprice%5D=160000001&listing%5Bminprice%5D=55309&page=19&utf8=%E2%9C%93","https://www.gaaraas.com/fr/vehicle_listings/annonce-honda-hr-v-saint-louis-dagana-33802","Honda HR–V","2025","","9 100 km","Automatique","Dagana"
"1786658126-1613","https://www.gaaraas.com/electric_cars?_=1786646200315&button=&listing%5Bbrand_id%5D=&listing%5Bcar_type%5D=1&listing%5Bmaxprice%5D=160000001&listing%5Bminprice%5D=55309&page=19&utf8=%E2%9C%93","https://www.gaaraas.com/fr/vehicle_listings/annonce-honda-civic-kolda-dabo-33803","Honda Civic","2016","5 000 000","90 642 km","Manuelle","Dabo"
"1786658134-1614","https://www.gaaraas.com/electric_cars?_=1786646200315&button=&listing%5Bbrand_id%5D=&listing%5Bcar_type%5D=1&listing%5Bmaxprice%5D=160000001&listing%5Bminprice%5D=55309&page=19&utf8=%E2%9C%93","https://www.gaaraas.com/fr/vehicle_listings/annonce-peugeot-2008-bluehdi-louga-dahra-33804","Peugeot 2008 bluehdi","2018","6 000 000","159 000 km","Manuelle","Dahra"
"1786658142-1615","https://www.gaaraas.com/electric_cars?_=1786646200315&button=&listing%5Bbrand_id%5D=&listing%5Bcar_type%5D=1&listing%5Bmaxprice%5D=160000001&listing%5Bminprice%5D=55309&page=19&utf8=%E2%9C%93","https://www.gaaraas.com/fr/vehicle_listings/annonce-citroen-c-elysee-dakar-dakar-33805","Citroen C-elysée","2017","","173 000 km","Manuelle","Dakar"
"1786658150-1616","https://www.gaaraas.com/electric_cars?_=1786646200315&button=&listing%5Bbrand_id%5D=&listing%5Bcar_type%5D=1&listing%5Bmaxprice%5D=160000001&listing%5Bminprice%5D=55309&page=19&utf8=%E2%9C%93","https://www.gaaraas.com/fr/vehicle_listings/annonce-kia-sportage-dakar-dakar-33806","Kia Sportage","2019","","0 km","Automatique","Dakar"
"1786658156-1617","https://www.gaaraas.com/electric_cars?_=1786646200315&button=&listing%5Bbrand_id%5D=&listing%5Bcar_type%5D=1&listing%5Bmaxprice%5D=160000001&listing%5Bminprice%5D=55309&page=19&utf8=%E2%9C%93","https://www.gaaraas.com/fr/vehicle_listings/annonce-mitsubishi-eclipse-cross-saint-louis-dagana-33807","Mitsubishi Eclipse Cross","2020","6 000 000","61 068 km","Automatique","Dagana"
"1786658163-1618","https://www.gaaraas.com/electric_cars?_=1786646200315&button=&listing%5Bbrand_id%5D=&listing%5Bcar_type%5D=1&listing%5Bmaxprice%5D=160000001&listing%5Bminprice%5D=55309&page=19&utf8=%E2%9C%93","https://www.gaaraas.com/fr/vehicle_listings/annonce-land-rover-range-rover-sport-kolda-dabo-33808","Land Rover Range Rover Sport","2014","8 000 000","158 000 km","Automatique","Dabo"
"1786658169-1619","https://www.gaaraas.com/electric_cars?_=1786646200315&button=&listing%5Bbrand_id%5D=&listing%5Bcar_type%5D=1&listing%5Bmaxprice%5D=160000001&listing%5Bminprice%5D=55309&page=19&utf8=%E2%9C%93","https://www.gaaraas.com/fr/vehicle_listings/annonce-lexus-lx-diourbel-bambey-33809","Lexus LX","2023","29 000 000","16 000 km","Automatique","Bambey"
"1786658175-1620","https://www.gaaraas.com/electric_cars?_=1786646200315&button=&listing%5Bbrand_id%5D=&listing%5Bcar_type%5D=1&listing%5Bmaxprice%5D=160000001&listing%5Bminprice%5D=55309&page=19&utf8=%E2%9C%93","https://www.gaaraas.com/fr/vehicle_listings/annonce-bmw-x6-m-saint-louis-dagana-33810","BMW X6 M","2023","10 000 000","49 900 km","Automatique","Dagana"
"1786658182-1621","https://www.gaaraas.com/electric_cars?_=1786646200315&button=&listing%5Bbrand_id%5D=&listing%5Bcar_type%5D=1&listing%5Bmaxprice%5D=160000001&listing%5Bminprice%5D=55309&page=19&utf8=%E2%9C%93","https://www.gaaraas.com/fr/vehicle_listings/annonce-toyota-land-cruiser-prado-dakar-dakar-33811","Toyota Land Cruiser Prado","2017","12 000 000","149 504 km","Automatique","Dakar"
"1786658246-1622","https://www.gaaraas.com/electric_cars?_=1786646200315&button=&listing%5Bbrand_id%5D=&listing%5Bcar_type%5D=1&listing%5Bmaxprice%5D=160000001&listing%5Bminprice%5D=55309&page=19&utf8=%E2%9C%93","https://www.gaaraas.com/fr/vehicle_listings/annonce-kia-sportage-kolda-dabo-33813","Kia Sportage","2017","7 000 000","143 213 km","Manuelle","Dabo"
"1786658249-1623","https://www.gaaraas.com/electric_cars?_=1786646200315&button=&listing%5Bbrand_id%5D=&listing%5Bcar_type%5D=1&listing%5Bmaxprice%5D=160000001&listing%5Bminprice%5D=55309&page=19&utf8=%E2%9C%93","https://www.gaaraas.com/fr/vehicle_listings/annonce-nissan-qashqai-dakar-dakar-33814","Nissan Qashqai","2017","","116 000 km","Automatique","Dakar"
"1786658252-1624","https://www.gaaraas.com/electric_cars?_=1786646200315&button=&listing%5Bbrand_id%5D=&listing%5Bcar_type%5D=1&listing%5Bmaxprice%5D=160000001&listing%5Bminprice%5D=55309&page=19&utf8=%E2%9C%93","https://www.gaaraas.com/fr/vehicle_listings/annonce-mazda-3-dakar-dakar-33815","Mazda 3","Noir","","2016","Manuelle","Dakar"
"1786658255-1625","https://www.gaaraas.com/electric_cars?_=1786646200315&button=&listing%5Bbrand_id%5D=&listing%5Bcar_type%5D=1&listing%5Bmaxprice%5D=160000001&listing%5Bminprice%5D=55309&page=19&utf8=%E2%9C%93","https://www.gaaraas.com/fr/vehicle_listings/annonce-hyundai-avante-dakar-dakar-33816","Hyundai Avante","Blanc","","2015","Automatique","Dakar"
"1786658260-1626","https://www.gaaraas.com/electric_cars?_=1786646200315&button=&listing%5Bbrand_id%5D=&listing%5Bcar_type%5D=1&listing%5Bmaxprice%5D=160000001&listing%5Bminprice%5D=55309&page=18&utf8=%E2%9C%93","https://www.gaaraas.com/fr/vehicle_listings/annonce-hyundai-tucson-dakar-dakar-33817","Hyundai Tucson","2020","","75 000 km","Automatique","Dakar"
"1786658263-1627","https://www.gaaraas.com/electric_cars?_=1786646200315&button=&listing%5Bbrand_id%5D=&listing%5Bcar_type%5D=1&listing%5Bmaxprice%5D=160000001&listing%5Bminprice%5D=55309&page=18&utf8=%E2%9C%93","https://www.gaaraas.com/fr/vehicle_listings/annonce-ford-fusion-dakar-dakar-33818","Ford Fusion","2014","","120 000 km","Automatique","Dakar"
"1786658265-1628","https://www.gaaraas.com/electric_cars?_=1786646200315&button=&listing%5Bbrand_id%5D=&listing%5Bcar_type%5D=1&listing%5Bmaxprice%5D=160000001&listing%5Bminprice%5D=55309&page=18&utf8=%E2%9C%93","https://www.gaaraas.com/fr/vehicle_listings/annonce-toyota-rav4-dakar-dakar-33819","Toyota RAV4","2015","","140 000 km","Automatique","Dakar"
"1786658268-1629","https://www.gaaraas.com/electric_cars?_=1786646200315&button=&listing%5Bbrand_id%5D=&listing%5Bcar_type%5D=1&listing%5Bmaxprice%5D=160000001&listing%5Bminprice%5D=55309&page=18&utf8=%E2%9C%93","https://www.gaaraas.com/fr/vehicle_listings/annonce-kia-sportage-dakar-dakar-33820","Kia Sportage","2023","","27 000 km","Automatique","Dakar"
"1786658271-1630","https://www.gaaraas.com/electric_cars?_=1786646200315&button=&listing%5Bbrand_id%5D=&listing%5Bcar_type%5D=1&listing%5Bmaxprice%5D=160000001&listing%5Bminprice%5D=55309&page=18&utf8=%E2%9C%93","https://www.gaaraas.com/fr/vehicle_listings/annonce-renault-talisman-dakar-dakar-33821","Renault Talisman","2017","","120 000 km","Automatique","Dakar"
"1786658273-1631","https://www.gaaraas.com/electric_cars?_=1786646200315&button=&listing%5Bbrand_id%5D=&listing%5Bcar_type%5D=1&listing%5Bmaxprice%5D=160000001&listing%5Bminprice%5D=55309&page=18&utf8=%E2%9C%93","https://www.gaaraas.com/fr/vehicle_listings/annonce-bmw-x4-dakar-dakar-33822","BMW X4","2019","","45 000 km","Automatique","Dakar"
"1786658277-1632","https://www.gaaraas.com/electric_cars?_=1786646200315&button=&listing%5Bbrand_id%5D=&listing%5Bcar_type%5D=1&listing%5Bmaxprice%5D=160000001&listing%5Bminprice%5D=55309&page=18&utf8=%E2%9C%93","https://www.gaaraas.com/fr/vehicle_listings/annonce-mercedes-benz-e-class-dakar-dakar-33823","Mercedes‒Benz E–Class","2016","7 000 000","115 000 km","Automatique","Dakar"
"1786658279-1633","https://www.gaaraas.com/electric_cars?_=1786646200315&button=&listing%5Bbrand_id%5D=&listing%5Bcar_type%5D=1&listing%5Bmaxprice%5D=160000001&listing%5Bminprice%5D=55309&page=18&utf8=%E2%9C%93","https://www.gaaraas.com/fr/vehicle_listings/annonce-toyota-corolla-dakar-dakar-33824","Toyota Corolla","2009","2 300 000","256 000 km","Manuelle","Dakar"
"1786658281-1634","https://www.gaaraas.com/electric_cars?_=1786646200315&button=&listing%5Bbrand_id%5D=&listing%5Bcar_type%5D=1&listing%5Bmaxprice%5D=160000001&listing%5Bminprice%5D=55309&page=18&utf8=%E2%9C%93","https://www.gaaraas.com/fr/vehicle_listings/annonce-lexus-lx-kaolack-medina-33825","Lexus LX","2025","11 500 000","15 000 km","Automatique","Medina"
"1786658284-1635","https://www.gaaraas.com/electric_cars?_=1786646200315&button=&listing%5Bbrand_id%5D=&listing%5Bcar_type%5D=1&listing%5Bmaxprice%5D=160000001&listing%5Bminprice%5D=55309&page=18&utf8=%E2%9C%93","https://www.gaaraas.com/fr/vehicle_listings/annonce-ford-escape-dakar-dakar-33826","Ford Escape","2014","2 550 000","109 345 km","Automatique","Dakar"
"1786658286-1636","https://www.gaaraas.com/electric_cars?_=1786646200315&button=&listing%5Bbrand_id%5D=&listing%5Bcar_type%5D=1&listing%5Bmaxprice%5D=160000001&listing%5Bminprice%5D=55309&page=18&utf8=%E2%9C%93","https://www.gaaraas.com/fr/vehicle_listings/annonce-mitsubishi-l200-dakar-dakar-33827","Mitsubishi L200","2020","10 950 000","166 000 km","Manuelle","Dakar"
"1786658289-1637","https://www.gaaraas.com/electric_cars?_=1786646200315&button=&listing%5Bbrand_id%5D=&listing%5Bcar_type%5D=1&listing%5Bmaxprice%5D=160000001&listing%5Bminprice%5D=55309&page=18&utf8=%E2%9C%93","https://www.gaaraas.com/fr/vehicle_listings/annonce-renault-clio-dakar-dakar-33828","Renault Clio","Blanc","","2019","Manuelle","Dakar"
"1786658292-1638","https://www.gaaraas.com/electric_cars?_=1786646200315&button=&listing%5Bbrand_id%5D=&listing%5Bcar_type%5D=1&listing%5Bmaxprice%5D=160000001&listing%5Bminprice%5D=55309&page=18&utf8=%E2%9C%93","https://www.gaaraas.com/fr/vehicle_listings/annonce-hyundai-tucson-dakar-dakar-33829","Hyundai Tucson","2022","18 700 000","85 000 km","Automatique","Dakar"
"1786658294-1639","https://www.gaaraas.com/electric_cars?_=1786646200315&button=&listing%5Bbrand_id%5D=&listing%5Bcar_type%5D=1&listing%5Bmaxprice%5D=160000001&listing%5Bminprice%5D=55309&page=18&utf8=%E2%9C%93","https://www.gaaraas.com/fr/vehicle_listings/annonce-chery-a113-dakar-dakar-33831","Chery A113","2026","","6 000 km","Automatique","Dakar"
"1786658296-1640","https://www.gaaraas.com/electric_cars?_=1786646200315&button=&listing%5Bbrand_id%5D=&listing%5Bcar_type%5D=1&listing%5Bmaxprice%5D=160000001&listing%5Bminprice%5D=55309&page=18&utf8=%E2%9C%93","https://www.gaaraas.com/fr/vehicle_listings/annonce-ford-explorer-dakar-dakar-33832","Ford Explorer","2013","6 000 000","68 000 km","Automatique","Dakar"
"1786658299-1641","https://www.gaaraas.com/electric_cars?_=1786646200315&button=&listing%5Bbrand_id%5D=&listing%5Bcar_type%5D=1&listing%5Bmaxprice%5D=160000001&listing%5Bminprice%5D=55309&page=18&utf8=%E2%9C%93","https://www.gaaraas.com/fr/vehicle_listings/annonce-hyundai-tucson-saint-louis-dagana-33833","Hyundai Tucson","2019","6 000 000","54 099 km","Manuelle","Dagana"
"1786658301-1642","https://www.gaaraas.com/electric_cars?_=1786646200315&button=&listing%5Bbrand_id%5D=&listing%5Bcar_type%5D=1&listing%5Bmaxprice%5D=160000001&listing%5Bminprice%5D=55309&page=18&utf8=%E2%9C%93","https://www.gaaraas.com/fr/vehicle_listings/annonce-hyundai-tucson-dakar-dakar-33834","Hyundai Tucson","2020","6 000 000","78 000 km","Manuelle","Dakar"
"1786658304-1643","https://www.gaaraas.com/electric_cars?_=1786646200315&button=&listing%5Bbrand_id%5D=&listing%5Bcar_type%5D=1&listing%5Bmaxprice%5D=160000001&listing%5Bminprice%5D=55309&page=18&utf8=%E2%9C%93","https://www.gaaraas.com/fr/vehicle_listings/annonce-toyota-corolla-kolda-dabo-33835","Toyota Corolla","2005","","186 000 km","Manuelle","Dabo"
"1786658307-1644","https://www.gaaraas.com/electric_cars?_=1786646200315&button=&listing%5Bbrand_id%5D=&listing%5Bcar_type%5D=1&listing%5Bmaxprice%5D=160000001&listing%5Bminprice%5D=55309&page=18&utf8=%E2%9C%93","https://www.gaaraas.com/fr/vehicle_listings/annonce-jaguar-f-pace-dakar-damniadio-33836","Jaguar F-Pace","2017","6 000 000","190 000 km","Manuelle","Damniadio"
"1786658310-1645","https://www.gaaraas.com/electric_cars?_=1786646200315&button=&listing%5Bbrand_id%5D=&listing%5Bcar_type%5D=1&listing%5Bmaxprice%5D=160000001&listing%5Bminprice%5D=55309&page=18&utf8=%E2%9C%93","https://www.gaaraas.com/fr/vehicle_listings/annonce-ford-ranger-dakar-dakar-33838","Ford Ranger","2021","","230 000 km","Manuelle","Dakar"
"1786658317-1646","https://www.gaaraas.com/electric_cars?_=1786646200315&button=&listing%5Bbrand_id%5D=&listing%5Bcar_type%5D=1&listing%5Bmaxprice%5D=160000001&listing%5Bminprice%5D=55309&page=17&utf8=%E2%9C%93","https://www.gaaraas.com/fr/vehicle_listings/annonce-mercedes-benz-gle-coupe-dakar-dakar-33839","Mercedes‒Benz GLE Coupe","2021","12 000 000","50 277 km","Automatique","Dakar"
"1786658320-1647","https://www.gaaraas.com/electric_cars?_=1786646200315&button=&listing%5Bbrand_id%5D=&listing%5Bcar_type%5D=1&listing%5Bmaxprice%5D=160000001&listing%5Bminprice%5D=55309&page=17&utf8=%E2%9C%93","https://www.gaaraas.com/fr/vehicle_listings/annonce-mercedes-benz-gle-saint-louis-dagana-33840","Mercedes‒Benz GLE","2022","12 000 000","100 000 km","Automatique","Dagana"
"1786658322-1648","https://www.gaaraas.com/electric_cars?_=1786646200315&button=&listing%5Bbrand_id%5D=&listing%5Bcar_type%5D=1&listing%5Bmaxprice%5D=160000001&listing%5Bminprice%5D=55309&page=17&utf8=%E2%9C%93","https://www.gaaraas.com/fr/vehicle_listings/annonce-toyota-rav4-dakar-dakar-33841","Toyota RAV4","2024","","50 000 km","Automatique","Dakar"
"1786658325-1649","https://www.gaaraas.com/electric_cars?_=1786646200315&button=&listing%5Bbrand_id%5D=&listing%5Bcar_type%5D=1&listing%5Bmaxprice%5D=160000001&listing%5Bminprice%5D=55309&page=17&utf8=%E2%9C%93","https://www.gaaraas.com/fr/vehicle_listings/annonce-ford-ranger-dakar-dakar-33842","Ford Ranger","2021","12 000 000","110 000 km","Automatique","Dakar"
"1786658327-1650","https://www.gaaraas.com/electric_cars?_=1786646200315&button=&listing%5Bbrand_id%5D=&listing%5Bcar_type%5D=1&listing%5Bmaxprice%5D=160000001&listing%5Bminprice%5D=55309&page=17&utf8=%E2%9C%93","https://www.gaaraas.com/fr/vehicle_listings/annonce-opel-antara-dakar-dakar-33843","Opel Antara","2011","","198 000 km","Manuelle","Dakar"
"1786658330-1651","https://www.gaaraas.com/electric_cars?_=1786646200315&button=&listing%5Bbrand_id%5D=&listing%5Bcar_type%5D=1&listing%5Bmaxprice%5D=160000001&listing%5Bminprice%5D=55309&page=17&utf8=%E2%9C%93","https://www.gaaraas.com/fr/vehicle_listings/annonce-citroen-c4-cactus-dakar-dakar-33844","Citroen C4 cactus","2016","","146 000 km","Automatique","Dakar"
"1786658332-1652","https://www.gaaraas.com/electric_cars?_=1786646200315&button=&listing%5Bbrand_id%5D=&listing%5Bcar_type%5D=1&listing%5Bmaxprice%5D=160000001&listing%5Bminprice%5D=55309&page=17&utf8=%E2%9C%93","https://www.gaaraas.com/fr/vehicle_listings/annonce-jeep-wrangler-dakar-dakar-33845","Jeep Wrangler","2019","","18 500 km","Automatique","Dakar"
"1786658335-1653","https://www.gaaraas.com/electric_cars?_=1786646200315&button=&listing%5Bbrand_id%5D=&listing%5Bcar_type%5D=1&listing%5Bmaxprice%5D=160000001&listing%5Bminprice%5D=55309&page=17&utf8=%E2%9C%93","https://www.gaaraas.com/fr/vehicle_listings/annonce-toyota-camry-dakar-dakar-33846","Toyota Camry","2014","2 855 000","125 000 km","Automatique","Dakar"
"1786658337-1654","https://www.gaaraas.com/electric_cars?_=1786646200315&button=&listing%5Bbrand_id%5D=&listing%5Bcar_type%5D=1&listing%5Bmaxprice%5D=160000001&listing%5Bminprice%5D=55309&page=17&utf8=%E2%9C%93","https://www.gaaraas.com/fr/vehicle_listings/annonce-kia-sportage-tambacounda-bakel-33847","Kia Sportage","2017","4 500 000","120 000 km","Automatique","Bakel"
"1786658340-1655","https://www.gaaraas.com/electric_cars?_=1786646200315&button=&listing%5Bbrand_id%5D=&listing%5Bcar_type%5D=1&listing%5Bmaxprice%5D=160000001&listing%5Bminprice%5D=55309&page=17&utf8=%E2%9C%93","https://www.gaaraas.com/fr/vehicle_listings/annonce-bmw-700-dakar-dakar-33848","BMW 700","2014","","135 000 km","Automatique","Dakar"
"1786658342-1656","https://www.gaaraas.com/electric_cars?_=1786646200315&button=&listing%5Bbrand_id%5D=&listing%5Bcar_type%5D=1&listing%5Bmaxprice%5D=160000001&listing%5Bminprice%5D=55309&page=17&utf8=%E2%9C%93","https://www.gaaraas.com/fr/vehicle_listings/annonce-jeep-wrangler-dakar-dakar-33849","Jeep Wrangler","2022","3 734 000","48 000 km","Automatique","Dakar"
"1786658345-1657","https://www.gaaraas.com/electric_cars?_=1786646200315&button=&listing%5Bbrand_id%5D=&listing%5Bcar_type%5D=1&listing%5Bmaxprice%5D=160000001&listing%5Bminprice%5D=55309&page=17&utf8=%E2%9C%93","https://www.gaaraas.com/fr/vehicle_listings/annonce-mercedes-gle-450-4matic-dakar-dakar-33850","Mercedes Gle 450 4matic","2020","","85 000 km","Automatique","Dakar"
"1786658347-1658","https://www.gaaraas.com/electric_cars?_=1786646200315&button=&listing%5Bbrand_id%5D=&listing%5Bcar_type%5D=1&listing%5Bmaxprice%5D=160000001&listing%5Bminprice%5D=55309&page=17&utf8=%E2%9C%93","https://www.gaaraas.com/fr/vehicle_listings/annonce-mercedes-benz-glc-louga-dahra-33851","Mercedes‒Benz GLC","2021","12 000 000","70 000 km","Automatique","Dahra"
"1786658350-1659","https://www.gaaraas.com/electric_cars?_=1786646200315&button=&listing%5Bbrand_id%5D=&listing%5Bcar_type%5D=1&listing%5Bmaxprice%5D=160000001&listing%5Bminprice%5D=55309&page=17&utf8=%E2%9C%93","https://www.gaaraas.com/fr/vehicle_listings/annonce-mercedes-benz-cla-klasse-amg-kolda-dabo-33852","Mercedes‒Benz CLA-klasse AMG","2017","8 000 000","79 500 km","Automatique","Dabo"
"1786658353-1660","https://www.gaaraas.com/electric_cars?_=1786646200315&button=&listing%5Bbrand_id%5D=&listing%5Bcar_type%5D=1&listing%5Bmaxprice%5D=160000001&listing%5Bminprice%5D=55309&page=17&utf8=%E2%9C%93","https://www.gaaraas.com/fr/vehicle_listings/annonce-bmw-x4-dakar-dakar-33853","BMW X4","2016","11 500 000","87 900 km","Automatique","Dakar"
"1786658359-1661","https://www.gaaraas.com/electric_cars?_=1786646200315&button=&listing%5Bbrand_id%5D=&listing%5Bcar_type%5D=1&listing%5Bmaxprice%5D=160000001&listing%5Bminprice%5D=55309&page=17&utf8=%E2%9C%93","https://www.gaaraas.com/fr/vehicle_listings/annonce-roewe-i5-dakar-dakar-33854","Roewe I5","2020","","55 607 km","Automatique","Dakar"
"1786658368-1662","https://www.gaaraas.com/electric_cars?_=1786646200315&button=&listing%5Bbrand_id%5D=&listing%5Bcar_type%5D=1&listing%5Bmaxprice%5D=160000001&listing%5Bminprice%5D=55309&page=17&utf8=%E2%9C%93","https://www.gaaraas.com/fr/vehicle_listings/annonce-roewe-i5-dakar-dakar-33855","Roewe I5","2020","2 463 500","55 607 km","Automatique","Dakar"
"1786658371-1663","https://www.gaaraas.com/electric_cars?_=1786646200315&button=&listing%5Bbrand_id%5D=&listing%5Bcar_type%5D=1&listing%5Bmaxprice%5D=160000001&listing%5Bminprice%5D=55309&page=17&utf8=%E2%9C%93","https://www.gaaraas.com/fr/vehicle_listings/annonce-toyota-rav-4-ziguinchor-ziguinchor-33856","Toyota Rav 4","2004","1 500 000","300 000 km","Manuelle","Ziguinchor"
"1786658374-1664","https://www.gaaraas.com/electric_cars?_=1786646200315&button=&listing%5Bbrand_id%5D=&listing%5Bcar_type%5D=1&listing%5Bmaxprice%5D=160000001&listing%5Bminprice%5D=55309&page=17&utf8=%E2%9C%93","https://www.gaaraas.com/fr/vehicle_listings/annonce-hyundai-tucson-louga-dahra-33857","Hyundai Tucson","2024","8 000 000","35 014 km","Automatique","Dahra"
"1786658376-1665","https://www.gaaraas.com/electric_cars?_=1786646200315&button=&listing%5Bbrand_id%5D=&listing%5Bcar_type%5D=1&listing%5Bmaxprice%5D=160000001&listing%5Bminprice%5D=55309&page=17&utf8=%E2%9C%93","https://www.gaaraas.com/fr/vehicle_listings/annonce-toyota-camry-dakar-dakar-33858","Toyota Camry","2023","4 100 000","18 000 km","Automatique","Dakar"
"1786658383-1666","https://www.gaaraas.com/electric_cars?_=1786646200315&button=&listing%5Bbrand_id%5D=&listing%5Bcar_type%5D=1&listing%5Bmaxprice%5D=160000001&listing%5Bminprice%5D=55309&page=16&utf8=%E2%9C%93","https://www.gaaraas.com/fr/vehicle_listings/annonce-toyota-auris-dakar-dakar-33859","Toyota Auris","2012","3 900 000","190 000 km","Manuelle","Dakar"
"1786658386-1667","https://www.gaaraas.com/electric_cars?_=1786646200315&button=&listing%5Bbrand_id%5D=&listing%5Bcar_type%5D=1&listing%5Bmaxprice%5D=160000001&listing%5Bminprice%5D=55309&page=16&utf8=%E2%9C%93","https://www.gaaraas.com/fr/vehicle_listings/annonce-infiniti-qx30-dakar-dakar-33860","Infiniti QX30","2018","","68 000 km","Automatique","Dakar"
"1786658388-1668","https://www.gaaraas.com/electric_cars?_=1786646200315&button=&listing%5Bbrand_id%5D=&listing%5Bcar_type%5D=1&listing%5Bmaxprice%5D=160000001&listing%5Bminprice%5D=55309&page=16&utf8=%E2%9C%93","https://www.gaaraas.com/fr/vehicle_listings/annonce-kia-sorento-dakar-dakar-33861","Kia Sorento","2020","","84 000 km","Automatique","Dakar"
"1786658393-1669","https://www.gaaraas.com/electric_cars?_=1786646200315&button=&listing%5Bbrand_id%5D=&listing%5Bcar_type%5D=1&listing%5Bmaxprice%5D=160000001&listing%5Bminprice%5D=55309&page=16&utf8=%E2%9C%93","https://www.gaaraas.com/fr/vehicle_listings/annonce-toyota-rav-4-dakar-dakar-33862","Toyota Rav 4","2021","9 190 000","51 000 km","Automatique","Dakar"
"1786658395-1670","https://www.gaaraas.com/electric_cars?_=1786646200315&button=&listing%5Bbrand_id%5D=&listing%5Bcar_type%5D=1&listing%5Bmaxprice%5D=160000001&listing%5Bminprice%5D=55309&page=16&utf8=%E2%9C%93","https://www.gaaraas.com/fr/vehicle_listings/annonce-mazda-cx-5-region-de-thies-thies-33863","Mazda CX-5","2020","","67 111 km","Automatique","Thiès"
"1786658398-1671","https://www.gaaraas.com/electric_cars?_=1786646200315&button=&listing%5Bbrand_id%5D=&listing%5Bcar_type%5D=1&listing%5Bmaxprice%5D=160000001&listing%5Bminprice%5D=55309&page=16&utf8=%E2%9C%93","https://www.gaaraas.com/fr/vehicle_listings/annonce-hyundai-tucson-dakar-dakar-33864","Hyundai Tucson","2022","","60 000 km","Automatique","Dakar"
"1786658401-1672","https://www.gaaraas.com/electric_cars?_=1786646200315&button=&listing%5Bbrand_id%5D=&listing%5Bcar_type%5D=1&listing%5Bmaxprice%5D=160000001&listing%5Bminprice%5D=55309&page=16&utf8=%E2%9C%93","https://www.gaaraas.com/fr/vehicle_listings/annonce-mercedes-benz-amg-glc-coupe-kolda-dabo-33865","Mercedes‒Benz AMG GLC Coupe","2017","13 000 000","84 913 km","Automatique","Dabo"
"1786658403-1673","https://www.gaaraas.com/electric_cars?_=1786646200315&button=&listing%5Bbrand_id%5D=&listing%5Bcar_type%5D=1&listing%5Bmaxprice%5D=160000001&listing%5Bminprice%5D=55309&page=16&utf8=%E2%9C%93","https://www.gaaraas.com/fr/vehicle_listings/annonce-hyundai-santa-fe-louga-dahra-33866","Hyundai Santa Fe","2023","7 000 000","75 000 km","Automatique","Dahra"
"1786658406-1674","https://www.gaaraas.com/electric_cars?_=1786646200315&button=&listing%5Bbrand_id%5D=&listing%5Bcar_type%5D=1&listing%5Bmaxprice%5D=160000001&listing%5Bminprice%5D=55309&page=16&utf8=%E2%9C%93","https://www.gaaraas.com/fr/vehicle_listings/annonce-land-rover-range-rover-evoque-ziguinchor-bignona-33867","Land Rover Range Rover Evoque","2016","6 000 000","191 295 km","Automatique","Bignona"
"1786658408-1675","https://www.gaaraas.com/electric_cars?_=1786646200315&button=&listing%5Bbrand_id%5D=&listing%5Bcar_type%5D=1&listing%5Bmaxprice%5D=160000001&listing%5Bminprice%5D=55309&page=16&utf8=%E2%9C%93","https://www.gaaraas.com/fr/vehicle_listings/annonce-bmw-x6-m-dakar-dakar-33868","BMW X6 M","2017","10 000 000","110 000 km","Automatique","Dakar"
"1786658411-1676","https://www.gaaraas.com/electric_cars?_=1786646200315&button=&listing%5Bbrand_id%5D=&listing%5Bcar_type%5D=1&listing%5Bmaxprice%5D=160000001&listing%5Bminprice%5D=55309&page=16&utf8=%E2%9C%93","https://www.gaaraas.com/fr/vehicle_listings/annonce-hyundai-i10-kolda-dabo-33869","Hyundai i10","2023","5 000 000","36 556 km","Manuelle","Dabo"
"1786658413-1677","https://www.gaaraas.com/electric_cars?_=1786646200315&button=&listing%5Bbrand_id%5D=&listing%5Bcar_type%5D=1&listing%5Bmaxprice%5D=160000001&listing%5Bminprice%5D=55309&page=16&utf8=%E2%9C%93","https://www.gaaraas.com/fr/vehicle_listings/annonce-hyundai-tucson-saint-louis-dagana-33870","Hyundai Tucson","2017","5 800 000","176 811 km","Manuelle","Dagana"
"1786658416-1678","https://www.gaaraas.com/electric_cars?_=1786646200315&button=&listing%5Bbrand_id%5D=&listing%5Bcar_type%5D=1&listing%5Bmaxprice%5D=160000001&listing%5Bminprice%5D=55309&page=16&utf8=%E2%9C%93","https://www.gaaraas.com/fr/vehicle_listings/annonce-hyundai-tucson-dakar-dakar-33871","Hyundai Tucson","2015","","120 000 km","Automatique","Dakar"
"1786658419-1679","https://www.gaaraas.com/electric_cars?_=1786646200315&button=&listing%5Bbrand_id%5D=&listing%5Bcar_type%5D=1&listing%5Bmaxprice%5D=160000001&listing%5Bminprice%5D=55309&page=16&utf8=%E2%9C%93","https://www.gaaraas.com/fr/vehicle_listings/annonce-hyundai-tucson-dakar-dakar-33872","Hyundai Tucson","2015","","120 000 km","Automatique","Dakar"
"1786658422-1680","https://www.gaaraas.com/electric_cars?_=1786646200315&button=&listing%5Bbrand_id%5D=&listing%5Bcar_type%5D=1&listing%5Bmaxprice%5D=160000001&listing%5Bminprice%5D=55309&page=16&utf8=%E2%9C%93","https://www.gaaraas.com/fr/vehicle_listings/annonce-citroen-c4-dakar-dakar-33873","Citroen C4","2014","","120 000 km","Manuelle","Dakar"
"1786658429-1681","https://www.gaaraas.com/electric_cars?_=1786646200315&button=&listing%5Bbrand_id%5D=&listing%5Bcar_type%5D=1&listing%5Bmaxprice%5D=160000001&listing%5Bminprice%5D=55309&page=16&utf8=%E2%9C%93","https://www.gaaraas.com/fr/vehicle_listings/annonce-kia-sportage-dakar-dakar-33874","Kia Sportage","2016","","110 000 km","Automatique","Dakar"
"1786658432-1682","https://www.gaaraas.com/electric_cars?_=1786646200315&button=&listing%5Bbrand_id%5D=&listing%5Bcar_type%5D=1&listing%5Bmaxprice%5D=160000001&listing%5Bminprice%5D=55309&page=16&utf8=%E2%9C%93","https://www.gaaraas.com/fr/vehicle_listings/annonce-peugeot-308-dakar-dakar-33875","Peugeot 308","2017","","0 km","Automatique","Dakar"
"1786658437-1683","https://www.gaaraas.com/electric_cars?_=1786646200315&button=&listing%5Bbrand_id%5D=&listing%5Bcar_type%5D=1&listing%5Bmaxprice%5D=160000001&listing%5Bminprice%5D=55309&page=16&utf8=%E2%9C%93","https://www.gaaraas.com/fr/vehicle_listings/annonce-hyundai-grandeur-dakar-dakar-33876","Hyundai Grandeur","2020","","0 km","Automatique","Dakar"
"1786658439-1684","https://www.gaaraas.com/electric_cars?_=1786646200315&button=&listing%5Bbrand_id%5D=&listing%5Bcar_type%5D=1&listing%5Bmaxprice%5D=160000001&listing%5Bminprice%5D=55309&page=16&utf8=%E2%9C%93","https://www.gaaraas.com/fr/vehicle_listings/annonce-ford-focus-dakar-dakar-33877","Ford Focus","2013","","161 275 km","Automatique","Dakar"
"1786658442-1685","https://www.gaaraas.com/electric_cars?_=1786646200315&button=&listing%5Bbrand_id%5D=&listing%5Bcar_type%5D=1&listing%5Bmaxprice%5D=160000001&listing%5Bminprice%5D=55309&page=16&utf8=%E2%9C%93","https://www.gaaraas.com/fr/vehicle_listings/annonce-ford-mustang-dakar-dakar-33878","FORD MUSTANG","2014","","171 000 km","Automatique","Dakar"
"1786658448-1686","https://www.gaaraas.com/electric_cars?_=1786646200315&button=&listing%5Bbrand_id%5D=&listing%5Bcar_type%5D=1&listing%5Bmaxprice%5D=160000001&listing%5Bminprice%5D=55309&page=15&utf8=%E2%9C%93","https://www.gaaraas.com/fr/vehicle_listings/annonce-citroen-c5-dakar-dakar-33879","Citroen C5","2020","","0 km","Automatique","Dakar"
"1786658451-1687","https://www.gaaraas.com/electric_cars?_=1786646200315&button=&listing%5Bbrand_id%5D=&listing%5Bcar_type%5D=1&listing%5Bmaxprice%5D=160000001&listing%5Bminprice%5D=55309&page=15&utf8=%E2%9C%93","https://www.gaaraas.com/fr/vehicle_listings/annonce-jeep-wrangler-dakar-dakar-33880","Jeep Wrangler","2021","","71 000 km","Automatique","Dakar"
"1786658453-1688","https://www.gaaraas.com/electric_cars?_=1786646200315&button=&listing%5Bbrand_id%5D=&listing%5Bcar_type%5D=1&listing%5Bmaxprice%5D=160000001&listing%5Bminprice%5D=55309&page=15&utf8=%E2%9C%93","https://www.gaaraas.com/fr/vehicle_listings/annonce-kia-sportage-dakar-dakar-33881","Kia Sportage","2023","","0 km","Automatique","Dakar"
"1786658457-1689","https://www.gaaraas.com/electric_cars?_=1786646200315&button=&listing%5Bbrand_id%5D=&listing%5Bcar_type%5D=1&listing%5Bmaxprice%5D=160000001&listing%5Bminprice%5D=55309&page=15&utf8=%E2%9C%93","https://www.gaaraas.com/fr/vehicle_listings/annonce-peugeot-308-dakar-dakar-33882","Peugeot 308","2016","4 900 000","11 000 km","Manuelle","Dakar"
"1786658459-1690","https://www.gaaraas.com/electric_cars?_=1786646200315&button=&listing%5Bbrand_id%5D=&listing%5Bcar_type%5D=1&listing%5Bmaxprice%5D=160000001&listing%5Bminprice%5D=55309&page=15&utf8=%E2%9C%93","https://www.gaaraas.com/fr/vehicle_listings/annonce-nissan-murano-dakar-dakar-33883","Nissan Murano","2018","9 500 000","10 000 km","Automatique","Dakar"
"1786658462-1691","https://www.gaaraas.com/electric_cars?_=1786646200315&button=&listing%5Bbrand_id%5D=&listing%5Bcar_type%5D=1&listing%5Bmaxprice%5D=160000001&listing%5Bminprice%5D=55309&page=15&utf8=%E2%9C%93","https://www.gaaraas.com/fr/vehicle_listings/annonce-peugeot-3008-dakar-dakar-33884","Peugeot 3008","2018","8 800 000","95 000 km","Automatique","Dakar"
"1786658465-1692","https://www.gaaraas.com/electric_cars?_=1786646200315&button=&listing%5Bbrand_id%5D=&listing%5Bcar_type%5D=1&listing%5Bmaxprice%5D=160000001&listing%5Bminprice%5D=55309&page=15&utf8=%E2%9C%93","https://www.gaaraas.com/fr/vehicle_listings/annonce-peugeot-208-gti-dakar-dakar-33885","Peugeot 208 GTi","2017","4 800 000","110 000 km","Manuelle","Dakar"
"1786658467-1693","https://www.gaaraas.com/electric_cars?_=1786646200315&button=&listing%5Bbrand_id%5D=&listing%5Bcar_type%5D=1&listing%5Bmaxprice%5D=160000001&listing%5Bminprice%5D=55309&page=15&utf8=%E2%9C%93","https://www.gaaraas.com/fr/vehicle_listings/annonce-renault-captur-dakar-dakar-33886","Renault Captur","2016","5 500 000","140 000 km","Automatique","Dakar"
"1786658469-1694","https://www.gaaraas.com/electric_cars?_=1786646200315&button=&listing%5Bbrand_id%5D=&listing%5Bcar_type%5D=1&listing%5Bmaxprice%5D=160000001&listing%5Bminprice%5D=55309&page=15&utf8=%E2%9C%93","https://www.gaaraas.com/fr/vehicle_listings/annonce-mazda-cx-5-dakar-dakar-33887","Mazda CX-5","2018","11 500 000","95 000 km","Automatique","Dakar"
"1786658472-1695","https://www.gaaraas.com/electric_cars?_=1786646200315&button=&listing%5Bbrand_id%5D=&listing%5Bcar_type%5D=1&listing%5Bmaxprice%5D=160000001&listing%5Bminprice%5D=55309&page=15&utf8=%E2%9C%93","https://www.gaaraas.com/fr/vehicle_listings/annonce-ford-focus-dakar-dakar-33888","Ford Focus","2016","3 300 000","150 000 km","Automatique","Dakar"
"1786658474-1696","https://www.gaaraas.com/electric_cars?_=1786646200315&button=&listing%5Bbrand_id%5D=&listing%5Bcar_type%5D=1&listing%5Bmaxprice%5D=160000001&listing%5Bminprice%5D=55309&page=15&utf8=%E2%9C%93","https://www.gaaraas.com/fr/vehicle_listings/annonce-hyundai-tucson-dakar-dakar-33889","Hyundai Tucson","2017","8 800 000","98 000 km","Automatique","Dakar"
"1786658477-1697","https://www.gaaraas.com/electric_cars?_=1786646200315&button=&listing%5Bbrand_id%5D=&listing%5Bcar_type%5D=1&listing%5Bmaxprice%5D=160000001&listing%5Bminprice%5D=55309&page=15&utf8=%E2%9C%93","https://www.gaaraas.com/fr/vehicle_listings/annonce-mazda-3-dakar-dakar-33890","Mazda 3","2009","","229 610 km","Automatique","Dakar"
"1786658480-1698","https://www.gaaraas.com/electric_cars?_=1786646200315&button=&listing%5Bbrand_id%5D=&listing%5Bcar_type%5D=1&listing%5Bmaxprice%5D=160000001&listing%5Bminprice%5D=55309&page=15&utf8=%E2%9C%93","https://www.gaaraas.com/fr/vehicle_listings/annonce-mazda-3-dakar-dakar-33891","Mazda 3","2009","","229 610 km","Automatique","Dakar"
"1786658482-1699","https://www.gaaraas.com/electric_cars?_=1786646200315&button=&listing%5Bbrand_id%5D=&listing%5Bcar_type%5D=1&listing%5Bmaxprice%5D=160000001&listing%5Bminprice%5D=55309&page=15&utf8=%E2%9C%93","https://www.gaaraas.com/fr/vehicle_listings/annonce-audi-a5-ziguinchor-bignona-33892","Audi A5","2019","9 500 000","106 895 km","Automatique","Bignona"
"1786658485-1700","https://www.gaaraas.com/electric_cars?_=1786646200315&button=&listing%5Bbrand_id%5D=&listing%5Bcar_type%5D=1&listing%5Bmaxprice%5D=160000001&listing%5Bminprice%5D=55309&page=15&utf8=%E2%9C%93","https://www.gaaraas.com/fr/vehicle_listings/annonce-peugeot-308-dakar-dakar-33893","Peugeot 308","2016","3 550 000","106 895 km","Automatique","Dakar"
"1786658488-1701","https://www.gaaraas.com/electric_cars?_=1786646200315&button=&listing%5Bbrand_id%5D=&listing%5Bcar_type%5D=1&listing%5Bmaxprice%5D=160000001&listing%5Bminprice%5D=55309&page=15&utf8=%E2%9C%93","https://www.gaaraas.com/fr/vehicle_listings/annonce-peugeot-3008-saint-louis-saint-louis-33894","Peugeot 3008","2020","9 800 000","106 895 km","Automatique","Saint–Louis"
"1786658490-1702","https://www.gaaraas.com/electric_cars?_=1786646200315&button=&listing%5Bbrand_id%5D=&listing%5Bcar_type%5D=1&listing%5Bmaxprice%5D=160000001&listing%5Bminprice%5D=55309&page=15&utf8=%E2%9C%93","https://www.gaaraas.com/fr/vehicle_listings/annonce-citroen-c3-aircross-dakar-dakar-33895","Citroen C3 Aircross","2020","7 880 000","79 000 km","Manuelle","Dakar"
"1786658493-1703","https://www.gaaraas.com/electric_cars?_=1786646200315&button=&listing%5Bbrand_id%5D=&listing%5Bcar_type%5D=1&listing%5Bmaxprice%5D=160000001&listing%5Bminprice%5D=55309&page=15&utf8=%E2%9C%93","https://www.gaaraas.com/fr/vehicle_listings/annonce-lexus-ux-ziguinchor-bignona-33896","Lexus UX","2021","6 000 000","123 831 km","Automatique","Bignona"
"1786658495-1704","https://www.gaaraas.com/electric_cars?_=1786646200315&button=&listing%5Bbrand_id%5D=&listing%5Bcar_type%5D=1&listing%5Bmaxprice%5D=160000001&listing%5Bminprice%5D=55309&page=15&utf8=%E2%9C%93","https://www.gaaraas.com/fr/vehicle_listings/annonce-peugeot-3008-tambacounda-bakel-33897","Peugeot 3008","2017","5 000 000","191 672 km","Automatique","Bakel"
"1786658498-1705","https://www.gaaraas.com/electric_cars?_=1786646200315&button=&listing%5Bbrand_id%5D=&listing%5Bcar_type%5D=1&listing%5Bmaxprice%5D=160000001&listing%5Bminprice%5D=55309&page=15&utf8=%E2%9C%93","https://www.gaaraas.com/fr/vehicle_listings/annonce-renault-clio-dakar-dakar-33898","Renault Clio","2022","5 000 000","42 000 km","Manuelle","Dakar"
"1786658503-1706","https://www.gaaraas.com/electric_cars?_=1786646200315&button=&listing%5Bbrand_id%5D=&listing%5Bcar_type%5D=1&listing%5Bmaxprice%5D=160000001&listing%5Bminprice%5D=55309&page=14&utf8=%E2%9C%93","https://www.gaaraas.com/fr/vehicle_listings/annonce-peugeot-308-dakar-dakar-33899","Peugeot 308","2017","6 500 000","120 000 km","Manuelle","Dakar"
"1786658506-1707","https://www.gaaraas.com/electric_cars?_=1786646200315&button=&listing%5Bbrand_id%5D=&listing%5Bcar_type%5D=1&listing%5Bmaxprice%5D=160000001&listing%5Bminprice%5D=55309&page=14&utf8=%E2%9C%93","https://www.gaaraas.com/fr/vehicle_listings/annonce-peugeot-2008-allure-dakar-dakar-33901","Peugeot 2008 allure","2017","5 700 000","115 000 km","Manuelle","Dakar"
"1786658509-1708","https://www.gaaraas.com/electric_cars?_=1786646200315&button=&listing%5Bbrand_id%5D=&listing%5Bcar_type%5D=1&listing%5Bmaxprice%5D=160000001&listing%5Bminprice%5D=55309&page=14&utf8=%E2%9C%93","https://www.gaaraas.com/fr/vehicle_listings/annonce-renault-6-dakar-dakar-33902","Renault 6","2016","","92 000 km","Automatique","Dakar"
"1786658514-1709","https://www.gaaraas.com/electric_cars?_=1786646200315&button=&listing%5Bbrand_id%5D=&listing%5Bcar_type%5D=1&listing%5Bmaxprice%5D=160000001&listing%5Bminprice%5D=55309&page=14&utf8=%E2%9C%93","https://www.gaaraas.com/fr/vehicle_listings/annonce-jeep-cherokee-dakar-dakar-33903","Jeep Cherokee","2014","","136 087 km","Automatique","Dakar"
"1786658516-1710","https://www.gaaraas.com/electric_cars?_=1786646200315&button=&listing%5Bbrand_id%5D=&listing%5Bcar_type%5D=1&listing%5Bmaxprice%5D=160000001&listing%5Bminprice%5D=55309&page=14&utf8=%E2%9C%93","https://www.gaaraas.com/fr/vehicle_listings/annonce-kia-sportage-region-de-thies-m-bour-33904","Kia Sportage","2024","17 000 000","0 km","Automatique","M'Bour"
"1786658522-1711","https://www.gaaraas.com/electric_cars?_=1786646200315&button=&listing%5Bbrand_id%5D=&listing%5Bcar_type%5D=1&listing%5Bmaxprice%5D=160000001&listing%5Bminprice%5D=55309&page=14&utf8=%E2%9C%93","https://www.gaaraas.com/fr/vehicle_listings/annonce-hyundai-tucson-dakar-dakar-33905","Hyundai Tucson","2016","7 900 000","80 000 km","Automatique","Dakar"
"1786658524-1712","https://www.gaaraas.com/electric_cars?_=1786646200315&button=&listing%5Bbrand_id%5D=&listing%5Bcar_type%5D=1&listing%5Bmaxprice%5D=160000001&listing%5Bminprice%5D=55309&page=14&utf8=%E2%9C%93","https://www.gaaraas.com/fr/vehicle_listings/annonce-nissan-qashqai-bagmati-behind-berlin-33906","Nissan Qashqai","2017","4 800 000","148 000 km","Manuelle","Behind berlin"
"1786658527-1713","https://www.gaaraas.com/electric_cars?_=1786646200315&button=&listing%5Bbrand_id%5D=&listing%5Bcar_type%5D=1&listing%5Bmaxprice%5D=160000001&listing%5Bminprice%5D=55309&page=14&utf8=%E2%9C%93","https://www.gaaraas.com/fr/vehicle_listings/annonce-mazda-mx-3-ziguinchor-bignona-33907","Mazda MX-3","2021","5 800 000","35 000 km","Automatique","Bignona"
"1786658530-1714","https://www.gaaraas.com/electric_cars?_=1786646200315&button=&listing%5Bbrand_id%5D=&listing%5Bcar_type%5D=1&listing%5Bmaxprice%5D=160000001&listing%5Bminprice%5D=55309&page=14&utf8=%E2%9C%93","https://www.gaaraas.com/fr/vehicle_listings/annonce-citroen-c4-kolda-dabo-33908","Citroen C4","2022","4 800 000","185 000 km","Automatique","Dabo"
"1786658532-1715","https://www.gaaraas.com/electric_cars?_=1786646200315&button=&listing%5Bbrand_id%5D=&listing%5Bcar_type%5D=1&listing%5Bmaxprice%5D=160000001&listing%5Bminprice%5D=55309&page=14&utf8=%E2%9C%93","https://www.gaaraas.com/fr/vehicle_listings/annonce-jeep-renegade-saint-louis-dagana-33909","Jeep Renegade","2021","5 000 000","14 544 km","Manuelle","Dagana"
"1786658535-1716","https://www.gaaraas.com/electric_cars?_=1786646200315&button=&listing%5Bbrand_id%5D=&listing%5Bcar_type%5D=1&listing%5Bmaxprice%5D=160000001&listing%5Bminprice%5D=55309&page=14&utf8=%E2%9C%93","https://www.gaaraas.com/fr/vehicle_listings/annonce-jeep-wrangler-dakar-dakar-33910","Jeep Wrangler","2022","5 000 000","23 658 km","Automatique","Dakar"
"1786658537-1717","https://www.gaaraas.com/electric_cars?_=1786646200315&button=&listing%5Bbrand_id%5D=&listing%5Bcar_type%5D=1&listing%5Bmaxprice%5D=160000001&listing%5Bminprice%5D=55309&page=14&utf8=%E2%9C%93","https://www.gaaraas.com/fr/vehicle_listings/annonce-hyundai-kona-kolda-dabo-33911","Hyundai Kona","2019","5 000 000","81 600 km","Manuelle","Dabo"
"1786658540-1718","https://www.gaaraas.com/electric_cars?_=1786646200315&button=&listing%5Bbrand_id%5D=&listing%5Bcar_type%5D=1&listing%5Bmaxprice%5D=160000001&listing%5Bminprice%5D=55309&page=14&utf8=%E2%9C%93","https://www.gaaraas.com/fr/vehicle_listings/annonce-kia-sportage-ziguinchor-bignona-33912","Kia Sportage","2025","5 500 000","39 900 km","Manuelle","Bignona"
"1786658543-1719","https://www.gaaraas.com/electric_cars?_=1786646200315&button=&listing%5Bbrand_id%5D=&listing%5Bcar_type%5D=1&listing%5Bmaxprice%5D=160000001&listing%5Bminprice%5D=55309&page=14&utf8=%E2%9C%93","https://www.gaaraas.com/fr/vehicle_listings/annonce-kia-sportage-ziguinchor-bignona-33913","Kia Sportage","2022","5 000 000","79 200 km","Manuelle","Bignona"
"1786658545-1720","https://www.gaaraas.com/electric_cars?_=1786646200315&button=&listing%5Bbrand_id%5D=&listing%5Bcar_type%5D=1&listing%5Bmaxprice%5D=160000001&listing%5Bminprice%5D=55309&page=14&utf8=%E2%9C%93","https://www.gaaraas.com/fr/vehicle_listings/annonce-ford-puma-dakar-dakar-33914","Ford Puma","2020","5 000 000","134 016 km","Manuelle","Dakar"
"1786658547-1721","https://www.gaaraas.com/electric_cars?_=1786646200315&button=&listing%5Bbrand_id%5D=&listing%5Bcar_type%5D=1&listing%5Bmaxprice%5D=160000001&listing%5Bminprice%5D=55309&page=14&utf8=%E2%9C%93","https://www.gaaraas.com/fr/vehicle_listings/annonce-jeep-wrangler-dakar-dakar-33915","Jeep Wrangler","2023","33 000 000","2 400 km","Manuelle","Dakar"
"1786658550-1722","https://www.gaaraas.com/electric_cars?_=1786646200315&button=&listing%5Bbrand_id%5D=&listing%5Bcar_type%5D=1&listing%5Bmaxprice%5D=160000001&listing%5Bminprice%5D=55309&page=14&utf8=%E2%9C%93","https://www.gaaraas.com/fr/vehicle_listings/annonce-hyundai-tucson-dakar-dakar-33916","Hyundai Tucson","Autre","","2017","Manuelle","Dakar"
"1786658553-1723","https://www.gaaraas.com/electric_cars?_=1786646200315&button=&listing%5Bbrand_id%5D=&listing%5Bcar_type%5D=1&listing%5Bmaxprice%5D=160000001&listing%5Bminprice%5D=55309&page=14&utf8=%E2%9C%93","https://www.gaaraas.com/fr/vehicle_listings/annonce-hyundai-sonata-dakar-dakar-33917","Hyundai Sonata","Other","3 000 000","2013","Manuelle","Dakar"
"1786658555-1724","https://www.gaaraas.com/electric_cars?_=1786646200315&button=&listing%5Bbrand_id%5D=&listing%5Bcar_type%5D=1&listing%5Bmaxprice%5D=160000001&listing%5Bminprice%5D=55309&page=14&utf8=%E2%9C%93","https://www.gaaraas.com/fr/vehicle_listings/annonce-hyundai-sonata-dakar-dakar-33918","Hyundai Sonata","Autre","5 000 000","2017","Automatique","Dakar"
"1786658558-1725","https://www.gaaraas.com/electric_cars?_=1786646200315&button=&listing%5Bbrand_id%5D=&listing%5Bcar_type%5D=1&listing%5Bmaxprice%5D=160000001&listing%5Bminprice%5D=55309&page=14&utf8=%E2%9C%93","https://www.gaaraas.com/fr/vehicle_listings/annonce-hyundai-tucson-dakar-dakar-33919","Hyundai Tucson","Autre","15 300 000","2025","Manuelle","Dakar"
"1786658565-1726","https://www.gaaraas.com/electric_cars?_=1786646200315&button=&listing%5Bbrand_id%5D=&listing%5Bcar_type%5D=1&listing%5Bmaxprice%5D=160000001&listing%5Bminprice%5D=55309&page=13&utf8=%E2%9C%93","https://www.gaaraas.com/fr/vehicle_listings/annonce-honda-cr-v-dakar-dakar-33920","Honda CR–V","2017","","9 800 km","Manuelle","Dakar"
"1786658567-1727","https://www.gaaraas.com/electric_cars?_=1786646200315&button=&listing%5Bbrand_id%5D=&listing%5Bcar_type%5D=1&listing%5Bmaxprice%5D=160000001&listing%5Bminprice%5D=55309&page=13&utf8=%E2%9C%93","https://www.gaaraas.com/fr/vehicle_listings/annonce-hyundai-tucson-dakar-dakar-33921","Hyundai Tucson","Autre","4 800 000","2015","Manuelle","Dakar"
"1786658570-1728","https://www.gaaraas.com/electric_cars?_=1786646200315&button=&listing%5Bbrand_id%5D=&listing%5Bcar_type%5D=1&listing%5Bmaxprice%5D=160000001&listing%5Bminprice%5D=55309&page=13&utf8=%E2%9C%93","https://www.gaaraas.com/fr/vehicle_listings/annonce-toyota-allion-dakar-dakar-33922","Toyota Allion","Autre","25 000 000","2012","Manuelle","Dakar"
"1786658573-1729","https://www.gaaraas.com/electric_cars?_=1786646200315&button=&listing%5Bbrand_id%5D=&listing%5Bcar_type%5D=1&listing%5Bmaxprice%5D=160000001&listing%5Bminprice%5D=55309&page=13&utf8=%E2%9C%93","https://www.gaaraas.com/fr/vehicle_listings/annonce-hyundai-tucson-dakar-dakar-33923","Hyundai Tucson","Autre","2 700 000","2025","Manuelle","Dakar"
"1786658576-1730","https://www.gaaraas.com/electric_cars?_=1786646200315&button=&listing%5Bbrand_id%5D=&listing%5Bcar_type%5D=1&listing%5Bmaxprice%5D=160000001&listing%5Bminprice%5D=55309&page=13&utf8=%E2%9C%93","https://www.gaaraas.com/fr/vehicle_listings/annonce-hyundai-avante-dakar-dakar-33924","Hyundai Avante","Other","30 000 000","2015","Manuelle","Dakar"
"1786658578-1731","https://www.gaaraas.com/electric_cars?_=1786646200315&button=&listing%5Bbrand_id%5D=&listing%5Bcar_type%5D=1&listing%5Bmaxprice%5D=160000001&listing%5Bminprice%5D=55309&page=13&utf8=%E2%9C%93","https://www.gaaraas.com/fr/vehicle_listings/annonce-ford-escape-dakar-dakar-33925","Ford Escape","Autre","3 500 000","2014","Manuelle","Dakar"
"1786658582-1732","https://www.gaaraas.com/electric_cars?_=1786646200315&button=&listing%5Bbrand_id%5D=&listing%5Bcar_type%5D=1&listing%5Bmaxprice%5D=160000001&listing%5Bminprice%5D=55309&page=13&utf8=%E2%9C%93","https://www.gaaraas.com/fr/vehicle_listings/annonce-hyundai-santa-fe-dakar-dakar-33926","Hyundai Santa Fe","Autre","5 800 000","2013","Manuelle","Dakar"
"1786658584-1733","https://www.gaaraas.com/electric_cars?_=1786646200315&button=&listing%5Bbrand_id%5D=&listing%5Bcar_type%5D=1&listing%5Bmaxprice%5D=160000001&listing%5Bminprice%5D=55309&page=13&utf8=%E2%9C%93","https://www.gaaraas.com/fr/vehicle_listings/annonce-hyundai-tucson-dakar-dakar-33927","Hyundai Tucson","Autre","4 300 000","2012","Manuelle","Dakar"
"1786658587-1734","https://www.gaaraas.com/electric_cars?_=1786646200315&button=&listing%5Bbrand_id%5D=&listing%5Bcar_type%5D=1&listing%5Bmaxprice%5D=160000001&listing%5Bminprice%5D=55309&page=13&utf8=%E2%9C%93","https://www.gaaraas.com/fr/vehicle_listings/annonce-hyundai-santa-fe-dakar-dakar-33928","Hyundai Santa Fe","Autre","5 800 000","2013","Manuelle","Dakar"
"1786658589-1735","https://www.gaaraas.com/electric_cars?_=1786646200315&button=&listing%5Bbrand_id%5D=&listing%5Bcar_type%5D=1&listing%5Bmaxprice%5D=160000001&listing%5Bminprice%5D=55309&page=13&utf8=%E2%9C%93","https://www.gaaraas.com/fr/vehicle_listings/annonce-kia-niro-louga-dahra-33929","Kia Niro","Autre","6 900 000","2017","Manuelle","Dahra"
"1786658592-1736","https://www.gaaraas.com/electric_cars?_=1786646200315&button=&listing%5Bbrand_id%5D=&listing%5Bcar_type%5D=1&listing%5Bmaxprice%5D=160000001&listing%5Bminprice%5D=55309&page=13&utf8=%E2%9C%93","https://www.gaaraas.com/fr/vehicle_listings/annonce-kia-optima-dakar-dakar-33930","Kia Optima","Autre","3 300 000","2013","Manuelle","Dakar"
"1786658595-1737","https://www.gaaraas.com/electric_cars?_=1786646200315&button=&listing%5Bbrand_id%5D=&listing%5Bcar_type%5D=1&listing%5Bmaxprice%5D=160000001&listing%5Bminprice%5D=55309&page=13&utf8=%E2%9C%93","https://www.gaaraas.com/fr/vehicle_listings/annonce-peugeot-407-dakar-dakar-33931","Peugeot 407","Autre","2 300 000","2006","Manuelle","Dakar"
"1786658599-1738","https://www.gaaraas.com/electric_cars?_=1786646200315&button=&listing%5Bbrand_id%5D=&listing%5Bcar_type%5D=1&listing%5Bmaxprice%5D=160000001&listing%5Bminprice%5D=55309&page=13&utf8=%E2%9C%93","https://www.gaaraas.com/fr/vehicle_listings/annonce-nissan-datsun-dakar-dakar-33932","Nissan Datsun","Autre","2 500 000","2009","Manuelle","Dakar"
"1786658606-1739","https://www.gaaraas.com/electric_cars?_=1786646200315&button=&listing%5Bbrand_id%5D=&listing%5Bcar_type%5D=1&listing%5Bmaxprice%5D=160000001&listing%5Bminprice%5D=55309&page=13&utf8=%E2%9C%93","https://www.gaaraas.com/fr/vehicle_listings/annonce-peugeot-308-dakar-dakar-33933","Peugeot 308","Autre","4 200 000","2015","Manuelle","Dakar"
"1786658610-1740","https://www.gaaraas.com/electric_cars?_=1786646200315&button=&listing%5Bbrand_id%5D=&listing%5Bcar_type%5D=1&listing%5Bmaxprice%5D=160000001&listing%5Bminprice%5D=55309&page=13&utf8=%E2%9C%93","https://www.gaaraas.com/fr/vehicle_listings/annonce-peugeot-2008-dakar-dakar-33934","Peugeot 2008","2016","4 900 000","164 986 km","Manuelle","Dakar"
"1786658612-1741","https://www.gaaraas.com/electric_cars?_=1786646200315&button=&listing%5Bbrand_id%5D=&listing%5Bcar_type%5D=1&listing%5Bmaxprice%5D=160000001&listing%5Bminprice%5D=55309&page=13&utf8=%E2%9C%93","https://www.gaaraas.com/fr/vehicle_listings/annonce-renault-duster-dakar-dakar-33935","Renault Duster","Autre","40 000 000","2011","Manuelle","Dakar"
"1786658615-1742","https://www.gaaraas.com/electric_cars?_=1786646200315&button=&listing%5Bbrand_id%5D=&listing%5Bcar_type%5D=1&listing%5Bmaxprice%5D=160000001&listing%5Bminprice%5D=55309&page=13&utf8=%E2%9C%93","https://www.gaaraas.com/fr/vehicle_listings/annonce-mazda-3-dakar-dakar-33936","Mazda 3","2015","4 000 000","4 762 km","Automatique","Dakar"
"1786658618-1743","https://www.gaaraas.com/electric_cars?_=1786646200315&button=&listing%5Bbrand_id%5D=&listing%5Bcar_type%5D=1&listing%5Bmaxprice%5D=160000001&listing%5Bminprice%5D=55309&page=13&utf8=%E2%9C%93","https://www.gaaraas.com/fr/vehicle_listings/annonce-peugeot-2008-dakar-dakar-33937","Peugeot 2008","Autre","8 500 000","2022","Manuelle","Dakar"
"1786658621-1744","https://www.gaaraas.com/electric_cars?_=1786646200315&button=&listing%5Bbrand_id%5D=&listing%5Bcar_type%5D=1&listing%5Bmaxprice%5D=160000001&listing%5Bminprice%5D=55309&page=13&utf8=%E2%9C%93","https://www.gaaraas.com/fr/vehicle_listings/annonce-nissan-qashqai-dakar-dakar-33938","Nissan Qashqai","Other","3 300 000","2013","Manuelle","Dakar"
"1786658623-1745","https://www.gaaraas.com/electric_cars?_=1786646200315&button=&listing%5Bbrand_id%5D=&listing%5Bcar_type%5D=1&listing%5Bmaxprice%5D=160000001&listing%5Bminprice%5D=55309&page=13&utf8=%E2%9C%93","https://www.gaaraas.com/fr/vehicle_listings/annonce-ford-fusion-dakar-dakar-33939","Ford Fusion","2015","3 500 000","5 620 km","Manuelle","Dakar"
"1786658630-1746","https://www.gaaraas.com/electric_cars?_=1786646200315&button=&listing%5Bbrand_id%5D=&listing%5Bcar_type%5D=1&listing%5Bmaxprice%5D=160000001&listing%5Bminprice%5D=55309&page=12&utf8=%E2%9C%93","https://www.gaaraas.com/fr/vehicle_listings/annonce-chevrolet-omega-dakar-dakar-33940","Chevrolet Omega","Autre","2 300 000","2010","Manuelle","Dakar"
"1786658632-1747","https://www.gaaraas.com/electric_cars?_=1786646200315&button=&listing%5Bbrand_id%5D=&listing%5Bcar_type%5D=1&listing%5Bmaxprice%5D=160000001&listing%5Bminprice%5D=55309&page=12&utf8=%E2%9C%93","https://www.gaaraas.com/fr/vehicle_listings/annonce-hyundai-sonata-dakar-dakar-33941","Hyundai Sonata","Autre","1 800 000","2014","Manuelle","Dakar"
"1786658635-1748","https://www.gaaraas.com/electric_cars?_=1786646200315&button=&listing%5Bbrand_id%5D=&listing%5Bcar_type%5D=1&listing%5Bmaxprice%5D=160000001&listing%5Bminprice%5D=55309&page=12&utf8=%E2%9C%93","https://www.gaaraas.com/fr/vehicle_listings/annonce-ford-orion-dakar-dakar-33942","Ford Orion","Autre","4 300 000","2023","Manuelle","Dakar"
"1786658637-1749","https://www.gaaraas.com/electric_cars?_=1786646200315&button=&listing%5Bbrand_id%5D=&listing%5Bcar_type%5D=1&listing%5Bmaxprice%5D=160000001&listing%5Bminprice%5D=55309&page=12&utf8=%E2%9C%93","https://www.gaaraas.com/fr/vehicle_listings/annonce-toyota-corolla-dakar-dakar-33943","Toyota Corolla","Autre","","2024","Manuelle","Dakar"
"1786658641-1750","https://www.gaaraas.com/electric_cars?_=1786646200315&button=&listing%5Bbrand_id%5D=&listing%5Bcar_type%5D=1&listing%5Bmaxprice%5D=160000001&listing%5Bminprice%5D=55309&page=12&utf8=%E2%9C%93","https://www.gaaraas.com/fr/vehicle_listings/annonce-bmw-x5-dakar-dakar-33944","BMW X5","2020","7 000 000","146 000 km","Automatique","Dakar"
"1786658644-1751","https://www.gaaraas.com/electric_cars?_=1786646200315&button=&listing%5Bbrand_id%5D=&listing%5Bcar_type%5D=1&listing%5Bmaxprice%5D=160000001&listing%5Bminprice%5D=55309&page=12&utf8=%E2%9C%93","https://www.gaaraas.com/fr/vehicle_listings/annonce-ford-mustang-dakar-dakar-33945","Ford Mustang","2016","6 000 000","41 500 km","Manuelle","Dakar"
"1786658647-1752","https://www.gaaraas.com/electric_cars?_=1786646200315&button=&listing%5Bbrand_id%5D=&listing%5Bcar_type%5D=1&listing%5Bmaxprice%5D=160000001&listing%5Bminprice%5D=55309&page=12&utf8=%E2%9C%93","https://www.gaaraas.com/fr/vehicle_listings/annonce-jeep-compass-dakar-dakar-33946","Jeep Compass","2021","9 900 000","88 355 km","Automatique","Dakar"
"1786658649-1753","https://www.gaaraas.com/electric_cars?_=1786646200315&button=&listing%5Bbrand_id%5D=&listing%5Bcar_type%5D=1&listing%5Bmaxprice%5D=160000001&listing%5Bminprice%5D=55309&page=12&utf8=%E2%9C%93","https://www.gaaraas.com/fr/vehicle_listings/annonce-toyota-urban-cruiser-dakar-dakar-33947","Toyota Urban Cruiser","2023","12 900 000","50 425 km","Automatique","Dakar"
"1786658652-1754","https://www.gaaraas.com/electric_cars?_=1786646200315&button=&listing%5Bbrand_id%5D=&listing%5Bcar_type%5D=1&listing%5Bmaxprice%5D=160000001&listing%5Bminprice%5D=55309&page=12&utf8=%E2%9C%93","https://www.gaaraas.com/fr/vehicle_listings/annonce-peugeot-207-dakar-dakar-33948","Peugeot 207","2008","","200 000 km","Manuelle","Dakar"
"1786658654-1755","https://www.gaaraas.com/electric_cars?_=1786646200315&button=&listing%5Bbrand_id%5D=&listing%5Bcar_type%5D=1&listing%5Bmaxprice%5D=160000001&listing%5Bminprice%5D=55309&page=12&utf8=%E2%9C%93","https://www.gaaraas.com/fr/vehicle_listings/annonce-ford-ranger-kolda-dabo-33949","Ford Ranger","2023","10 000 000","36 000 km","Automatique","Dabo"
"1786658657-1756","https://www.gaaraas.com/electric_cars?_=1786646200315&button=&listing%5Bbrand_id%5D=&listing%5Bcar_type%5D=1&listing%5Bmaxprice%5D=160000001&listing%5Bminprice%5D=55309&page=12&utf8=%E2%9C%93","https://www.gaaraas.com/fr/vehicle_listings/annonce-ford-puma-dakar-dakar-33950","Ford Puma","2023","6 500 000","65 986 km","Manuelle","Dakar"
"1786658661-1757","https://www.gaaraas.com/electric_cars?_=1786646200315&button=&listing%5Bbrand_id%5D=&listing%5Bcar_type%5D=1&listing%5Bmaxprice%5D=160000001&listing%5Bminprice%5D=55309&page=12&utf8=%E2%9C%93","https://www.gaaraas.com/fr/vehicle_listings/annonce-ford-focus-kolda-dabo-33951","Ford Focus","2023","7 000 000","11 000 km","Manuelle","Dabo"
"1786658664-1758","https://www.gaaraas.com/electric_cars?_=1786646200315&button=&listing%5Bbrand_id%5D=&listing%5Bcar_type%5D=1&listing%5Bmaxprice%5D=160000001&listing%5Bminprice%5D=55309&page=12&utf8=%E2%9C%93","https://www.gaaraas.com/fr/vehicle_listings/annonce-renault-clio-dakar-dakar-33952","Renault Clio","2015","4 500 000","130 000 km","Manuelle","Dakar"
"1786658667-1759","https://www.gaaraas.com/electric_cars?_=1786646200315&button=&listing%5Bbrand_id%5D=&listing%5Bcar_type%5D=1&listing%5Bmaxprice%5D=160000001&listing%5Bminprice%5D=55309&page=12&utf8=%E2%9C%93","https://www.gaaraas.com/fr/vehicle_listings/annonce-renault-clio-dakar-dakar-33953","Renault Clio","2017","4 500 000","101 760 km","Manuelle","Dakar"
"1786658670-1760","https://www.gaaraas.com/electric_cars?_=1786646200315&button=&listing%5Bbrand_id%5D=&listing%5Bcar_type%5D=1&listing%5Bmaxprice%5D=160000001&listing%5Bminprice%5D=55309&page=12&utf8=%E2%9C%93","https://www.gaaraas.com/fr/vehicle_listings/annonce-ford-ranger-dakar-dakar-33954","Ford Ranger","2016","","100 000 km","Manuelle","Dakar"
"1786658672-1761","https://www.gaaraas.com/electric_cars?_=1786646200315&button=&listing%5Bbrand_id%5D=&listing%5Bcar_type%5D=1&listing%5Bmaxprice%5D=160000001&listing%5Bminprice%5D=55309&page=12&utf8=%E2%9C%93","https://www.gaaraas.com/fr/vehicle_listings/annonce-nissan-rogue-dakar-rufisque-33955","Nissan Rogue","2016","","138 000 km","Automatique","Rufisque"
"1786658676-1762","https://www.gaaraas.com/electric_cars?_=1786646200315&button=&listing%5Bbrand_id%5D=&listing%5Bcar_type%5D=1&listing%5Bmaxprice%5D=160000001&listing%5Bminprice%5D=55309&page=12&utf8=%E2%9C%93","https://www.gaaraas.com/fr/vehicle_listings/annonce-hyundai-tucson-dakar-dakar-33956","Hyundai Tucson","2017","","0 km","Automatique","Dakar"
"1786658679-1763","https://www.gaaraas.com/electric_cars?_=1786646200315&button=&listing%5Bbrand_id%5D=&listing%5Bcar_type%5D=1&listing%5Bmaxprice%5D=160000001&listing%5Bminprice%5D=55309&page=12&utf8=%E2%9C%93","https://www.gaaraas.com/fr/vehicle_listings/annonce-citroen-c4-kolda-dabo-33957","Citroen C4","2022","5 000 000","185 000 km","Automatique","Dabo"
"1786658682-1764","https://www.gaaraas.com/electric_cars?_=1786646200315&button=&listing%5Bbrand_id%5D=&listing%5Bcar_type%5D=1&listing%5Bmaxprice%5D=160000001&listing%5Bminprice%5D=55309&page=12&utf8=%E2%9C%93","https://www.gaaraas.com/fr/vehicle_listings/annonce-citroen-c5-dakar-dakar-33958","Citroen C5","2021","5 000 000","111 500 km","Manuelle","Dakar"
"1786658686-1765","https://www.gaaraas.com/electric_cars?_=1786646200315&button=&listing%5Bbrand_id%5D=&listing%5Bcar_type%5D=1&listing%5Bmaxprice%5D=160000001&listing%5Bminprice%5D=55309&page=12&utf8=%E2%9C%93","https://www.gaaraas.com/fr/vehicle_listings/annonce-kia-morning-dakar-dakar-33959","Kia Morning","2019","4 800 000","80 934 km","Automatique","Dakar"
"1786658693-1766","https://www.gaaraas.com/electric_cars?_=1786646200315&button=&listing%5Bbrand_id%5D=&listing%5Bcar_type%5D=1&listing%5Bmaxprice%5D=160000001&listing%5Bminprice%5D=55309&page=11&utf8=%E2%9C%93","https://www.gaaraas.com/fr/vehicle_listings/annonce-renault-qm3-dakar-dakar-33960","Renault Qm3","2015","6 500 000","133 576 km","Automatique","Dakar"
"1786658706-1767","https://www.gaaraas.com/electric_cars?_=1786646200315&button=&listing%5Bbrand_id%5D=&listing%5Bcar_type%5D=1&listing%5Bmaxprice%5D=160000001&listing%5Bminprice%5D=55309&page=11&utf8=%E2%9C%93","https://www.gaaraas.com/fr/vehicle_listings/annonce-nissan-qashqai-dakar-dakar-33961","Nissan Qashqai","2020","9 500 000","190 481 km","Automatique","Dakar"
"1786658711-1768","https://www.gaaraas.com/electric_cars?_=1786646200315&button=&listing%5Bbrand_id%5D=&listing%5Bcar_type%5D=1&listing%5Bmaxprice%5D=160000001&listing%5Bminprice%5D=55309&page=11&utf8=%E2%9C%93","https://www.gaaraas.com/fr/vehicle_listings/annonce-toyota-rav4-louga-dahra-33962","Toyota RAV4","2023","8 000 000","39 000 km","Automatique","Dahra"
"1786658720-1769","https://www.gaaraas.com/electric_cars?_=1786646200315&button=&listing%5Bbrand_id%5D=&listing%5Bcar_type%5D=1&listing%5Bmaxprice%5D=160000001&listing%5Bminprice%5D=55309&page=11&utf8=%E2%9C%93","https://www.gaaraas.com/fr/vehicle_listings/annonce-toyota-starlet-cross-dakar-dakar-33963","Toyota Starlet cross","2022","6 500 000","91 650 km","Automatique","Dakar"
"1786658724-1770","https://www.gaaraas.com/electric_cars?_=1786646200315&button=&listing%5Bbrand_id%5D=&listing%5Bcar_type%5D=1&listing%5Bmaxprice%5D=160000001&listing%5Bminprice%5D=55309&page=11&utf8=%E2%9C%93","https://www.gaaraas.com/fr/vehicle_listings/annonce-hyundai-tucson-kolda-dabo-33964","Hyundai Tucson","2016","5 000 000","68 750 km","Automatique","Dabo"
"1786658727-1771","https://www.gaaraas.com/electric_cars?_=1786646200315&button=&listing%5Bbrand_id%5D=&listing%5Bcar_type%5D=1&listing%5Bmaxprice%5D=160000001&listing%5Bminprice%5D=55309&page=11&utf8=%E2%9C%93","https://www.gaaraas.com/fr/vehicle_listings/annonce-audi-q2-louga-dahra-33965","Audi Q2","2018","5 000 000","46 594 km","Automatique","Dahra"
"1786658731-1772","https://www.gaaraas.com/electric_cars?_=1786646200315&button=&listing%5Bbrand_id%5D=&listing%5Bcar_type%5D=1&listing%5Bmaxprice%5D=160000001&listing%5Bminprice%5D=55309&page=11&utf8=%E2%9C%93","https://www.gaaraas.com/fr/vehicle_listings/annonce-nissan-qashqai-dakar-dakar-33966","Nissan Qashqai","2022","5 800 000","91 000 km","Manuelle","Dakar"
"1786658734-1773","https://www.gaaraas.com/electric_cars?_=1786646200315&button=&listing%5Bbrand_id%5D=&listing%5Bcar_type%5D=1&listing%5Bmaxprice%5D=160000001&listing%5Bminprice%5D=55309&page=11&utf8=%E2%9C%93","https://www.gaaraas.com/fr/vehicle_listings/annonce-citroen-c3-dakar-dakar-33967","Citroen C3","2015","","120 000 km","Manuelle","Dakar"
"1786658746-1774","https://www.gaaraas.com/electric_cars?_=1786646200315&button=&listing%5Bbrand_id%5D=&listing%5Bcar_type%5D=1&listing%5Bmaxprice%5D=160000001&listing%5Bminprice%5D=55309&page=11&utf8=%E2%9C%93","https://www.gaaraas.com/fr/vehicle_listings/annonce-hyundai-santa-fe-dakar-dakar-33968","Hyundai Santa Fe","2017","10 500 000","90 000 km","Automatique","Dakar"
"1786658750-1775","https://www.gaaraas.com/electric_cars?_=1786646200315&button=&listing%5Bbrand_id%5D=&listing%5Bcar_type%5D=1&listing%5Bmaxprice%5D=160000001&listing%5Bminprice%5D=55309&page=11&utf8=%E2%9C%93","https://www.gaaraas.com/fr/vehicle_listings/annonce-hyundai-santa-fe-dakar-dakar-33969","Hyundai Santa Fe","2019","15 000 000","90 000 km","Automatique","Dakar"
"1786658753-1776","https://www.gaaraas.com/electric_cars?_=1786646200315&button=&listing%5Bbrand_id%5D=&listing%5Bcar_type%5D=1&listing%5Bmaxprice%5D=160000001&listing%5Bminprice%5D=55309&page=11&utf8=%E2%9C%93","https://www.gaaraas.com/fr/vehicle_listings/annonce-hyundai-santa-fe-dakar-dakar-33970","Hyundai Santa Fe","2019","","0 km","Automatique","Dakar"
"1786658756-1777","https://www.gaaraas.com/electric_cars?_=1786646200315&button=&listing%5Bbrand_id%5D=&listing%5Bcar_type%5D=1&listing%5Bmaxprice%5D=160000001&listing%5Bminprice%5D=55309&page=11&utf8=%E2%9C%93","https://www.gaaraas.com/fr/vehicle_listings/annonce-jeep-grand-cherokee-dakar-dakar-33971","Jeep Grand Cherokee","2018","","0 km","Automatique","Dakar"
"1786658760-1778","https://www.gaaraas.com/electric_cars?_=1786646200315&button=&listing%5Bbrand_id%5D=&listing%5Bcar_type%5D=1&listing%5Bmaxprice%5D=160000001&listing%5Bminprice%5D=55309&page=11&utf8=%E2%9C%93","https://www.gaaraas.com/fr/vehicle_listings/annonce-hyundai-tucson-dakar-dakar-33973","Hyundai Tucson","2025","25 000 000","0 km","Automatique","Dakar"
"1786658763-1779","https://www.gaaraas.com/electric_cars?_=1786646200315&button=&listing%5Bbrand_id%5D=&listing%5Bcar_type%5D=1&listing%5Bmaxprice%5D=160000001&listing%5Bminprice%5D=55309&page=11&utf8=%E2%9C%93","https://www.gaaraas.com/fr/vehicle_listings/annonce-dacia-sandero-region-de-thies-thies-33974","Dacia Sandero","2010","","198 000 km","Manuelle","Thiès"
"1786658766-1780","https://www.gaaraas.com/electric_cars?_=1786646200315&button=&listing%5Bbrand_id%5D=&listing%5Bcar_type%5D=1&listing%5Bmaxprice%5D=160000001&listing%5Bminprice%5D=55309&page=11&utf8=%E2%9C%93","https://www.gaaraas.com/fr/vehicle_listings/annonce-ford-edge-dakar-dakar-33976","Ford Edge","2016","","120 000 km","Automatique","Dakar"
"1786658770-1781","https://www.gaaraas.com/electric_cars?_=1786646200315&button=&listing%5Bbrand_id%5D=&listing%5Bcar_type%5D=1&listing%5Bmaxprice%5D=160000001&listing%5Bminprice%5D=55309&page=11&utf8=%E2%9C%93","https://www.gaaraas.com/fr/vehicle_listings/annonce-ford-edge-sel-dakar-dakar-33977","Ford Edge sel","2017","","117 000 km","Automatique","Dakar"
"1786658773-1782","https://www.gaaraas.com/electric_cars?_=1786646200315&button=&listing%5Bbrand_id%5D=&listing%5Bcar_type%5D=1&listing%5Bmaxprice%5D=160000001&listing%5Bminprice%5D=55309&page=11&utf8=%E2%9C%93","https://www.gaaraas.com/fr/vehicle_listings/annonce-nissan-qashqai-dakar-dakar-33978","Nissan Qashqai","2020","7 000 000","96 000 km","Automatique","Dakar"
"1786658776-1783","https://www.gaaraas.com/electric_cars?_=1786646200315&button=&listing%5Bbrand_id%5D=&listing%5Bcar_type%5D=1&listing%5Bmaxprice%5D=160000001&listing%5Bminprice%5D=55309&page=11&utf8=%E2%9C%93","https://www.gaaraas.com/fr/vehicle_listings/annonce-hyundai-i20-kolda-dabo-33979","Hyundai i20","2021","4 000 000","52 567 km","Manuelle","Dabo"
"1786658780-1784","https://www.gaaraas.com/electric_cars?_=1786646200315&button=&listing%5Bbrand_id%5D=&listing%5Bcar_type%5D=1&listing%5Bmaxprice%5D=160000001&listing%5Bminprice%5D=55309&page=11&utf8=%E2%9C%93","https://www.gaaraas.com/fr/vehicle_listings/annonce-hyundai-i20-louga-dahra-33980","Hyundai i20","2023","5 000 000","20 311 km","Manuelle","Dahra"
"1786658784-1785","https://www.gaaraas.com/electric_cars?_=1786646200315&button=&listing%5Bbrand_id%5D=&listing%5Bcar_type%5D=1&listing%5Bmaxprice%5D=160000001&listing%5Bminprice%5D=55309&page=11&utf8=%E2%9C%93","https://www.gaaraas.com/fr/vehicle_listings/annonce-hyundai-santa-fe-dakar-dakar-33981","Hyundai Santa Fe","2016","6 600 000","102 881 km","Automatique","Dakar"
"1786658791-1786","https://www.gaaraas.com/electric_cars?_=1786646200315&button=&listing%5Bbrand_id%5D=&listing%5Bcar_type%5D=1&listing%5Bmaxprice%5D=160000001&listing%5Bminprice%5D=55309&page=10&utf8=%E2%9C%93","https://www.gaaraas.com/fr/vehicle_listings/annonce-ford-escape-dakar-dakar-33982","Ford Escape","2015","","90 000 km","Automatique","Dakar"
"1786658795-1787","https://www.gaaraas.com/electric_cars?_=1786646200315&button=&listing%5Bbrand_id%5D=&listing%5Bcar_type%5D=1&listing%5Bmaxprice%5D=160000001&listing%5Bminprice%5D=55309&page=10&utf8=%E2%9C%93","https://www.gaaraas.com/fr/vehicle_listings/annonce-mitsubishi-rvr-dakar-dakar-33986","Mitsubishi RVR","2015","","0 km","Automatique","Dakar"
"1786658799-1788","https://www.gaaraas.com/electric_cars?_=1786646200315&button=&listing%5Bbrand_id%5D=&listing%5Bcar_type%5D=1&listing%5Bmaxprice%5D=160000001&listing%5Bminprice%5D=55309&page=10&utf8=%E2%9C%93","https://www.gaaraas.com/fr/vehicle_listings/annonce-bmw-x1-dakar-dakar-33987","BMW X1","2010","","140 000 km","Manuelle","Dakar"
"1786658802-1789","https://www.gaaraas.com/electric_cars?_=1786646200315&button=&listing%5Bbrand_id%5D=&listing%5Bcar_type%5D=1&listing%5Bmaxprice%5D=160000001&listing%5Bminprice%5D=55309&page=10&utf8=%E2%9C%93","https://www.gaaraas.com/fr/vehicle_listings/annonce-mitsubishi-pajero-dakar-dakar-33988","Mitsubishi Pajero","2016","","91 000 km","Automatique","Dakar"
"1786658806-1790","https://www.gaaraas.com/electric_cars?_=1786646200315&button=&listing%5Bbrand_id%5D=&listing%5Bcar_type%5D=1&listing%5Bmaxprice%5D=160000001&listing%5Bminprice%5D=55309&page=10&utf8=%E2%9C%93","https://www.gaaraas.com/fr/vehicle_listings/annonce-hyundai-santa-fe-dakar-dakar-33989","Hyundai Santa Fe","2017","","110 000 km","Automatique","Dakar"
"1786658810-1791","https://www.gaaraas.com/electric_cars?_=1786646200315&button=&listing%5Bbrand_id%5D=&listing%5Bcar_type%5D=1&listing%5Bmaxprice%5D=160000001&listing%5Bminprice%5D=55309&page=10&utf8=%E2%9C%93","https://www.gaaraas.com/fr/vehicle_listings/annonce-mitsubishi-outlander-kolda-dabo-33990","Mitsubishi Outlander","2025","7 000 000","4 750 km","Automatique","Dabo"
"1786658813-1792","https://www.gaaraas.com/electric_cars?_=1786646200315&button=&listing%5Bbrand_id%5D=&listing%5Bcar_type%5D=1&listing%5Bmaxprice%5D=160000001&listing%5Bminprice%5D=55309&page=10&utf8=%E2%9C%93","https://www.gaaraas.com/fr/vehicle_listings/annonce-mini-countryman-louga-dahra-33991","MINI Countryman","2022","6 800 000","95 211 km","Automatique","Dahra"
"1786658818-1793","https://www.gaaraas.com/electric_cars?_=1786646200315&button=&listing%5Bbrand_id%5D=&listing%5Bcar_type%5D=1&listing%5Bmaxprice%5D=160000001&listing%5Bminprice%5D=55309&page=10&utf8=%E2%9C%93","https://www.gaaraas.com/fr/vehicle_listings/annonce-mini-cooper-kolda-dabo-33992","MINI Cooper","2018","5 000 000","95 000 km","Automatique","Dabo"
"1786658821-1794","https://www.gaaraas.com/electric_cars?_=1786646200315&button=&listing%5Bbrand_id%5D=&listing%5Bcar_type%5D=1&listing%5Bmaxprice%5D=160000001&listing%5Bminprice%5D=55309&page=10&utf8=%E2%9C%93","https://www.gaaraas.com/fr/vehicle_listings/annonce-hyundai-kona-saint-louis-dagana-33993","Hyundai Kona","2019","5 000 000","71 005 km","Manuelle","Dagana"
"1786658825-1795","https://www.gaaraas.com/electric_cars?_=1786646200315&button=&listing%5Bbrand_id%5D=&listing%5Bcar_type%5D=1&listing%5Bmaxprice%5D=160000001&listing%5Bminprice%5D=55309&page=10&utf8=%E2%9C%93","https://www.gaaraas.com/fr/vehicle_listings/annonce-bmw-x3-saint-louis-dagana-33994","BMW X3","2024","7 000 000","15 300 km","Automatique","Dagana"
"1786658829-1796","https://www.gaaraas.com/electric_cars?_=1786646200315&button=&listing%5Bbrand_id%5D=&listing%5Bcar_type%5D=1&listing%5Bmaxprice%5D=160000001&listing%5Bminprice%5D=55309&page=10&utf8=%E2%9C%93","https://www.gaaraas.com/fr/vehicle_listings/annonce-land-rover-range-rover-velar-dakar-dakar-33995","Land Rover Range Rover Velar","2018","15 000 000","150 000 km","Automatique","Dakar"
"1786658831-1797","https://www.gaaraas.com/electric_cars?_=1786646200315&button=&listing%5Bbrand_id%5D=&listing%5Bcar_type%5D=1&listing%5Bmaxprice%5D=160000001&listing%5Bminprice%5D=55309&page=10&utf8=%E2%9C%93","https://www.gaaraas.com/fr/vehicle_listings/annonce-audi-q8-dakar-dakar-33996","Audi Q8","2024","","100 000 km","Automatique","Dakar"
"1786658834-1798","https://www.gaaraas.com/electric_cars?_=1786646200315&button=&listing%5Bbrand_id%5D=&listing%5Bcar_type%5D=1&listing%5Bmaxprice%5D=160000001&listing%5Bminprice%5D=55309&page=10&utf8=%E2%9C%93","https://www.gaaraas.com/fr/vehicle_listings/annonce-land-rover-range-rover-velar-ziguinchor-bignona-33997","Land Rover Range Rover Velar","2020","18 000 000","89 000 km","Automatique","Bignona"
"1786658839-1799","https://www.gaaraas.com/electric_cars?_=1786646200315&button=&listing%5Bbrand_id%5D=&listing%5Bcar_type%5D=1&listing%5Bmaxprice%5D=160000001&listing%5Bminprice%5D=55309&page=10&utf8=%E2%9C%93","https://www.gaaraas.com/fr/vehicle_listings/annonce-kia-sportage-dakar-dakar-33998","Kia Sportage","2013","3 850 000","120 000 km","Automatique","Dakar"
"1786658841-1800","https://www.gaaraas.com/electric_cars?_=1786646200315&button=&listing%5Bbrand_id%5D=&listing%5Bcar_type%5D=1&listing%5Bmaxprice%5D=160000001&listing%5Bminprice%5D=55309&page=10&utf8=%E2%9C%93","https://www.gaaraas.com/fr/vehicle_listings/annonce-bmw-x2-dakar-dakar-33999","BMW X2","2019","","89 000 km","Automatique","Dakar"
"1786658844-1801","https://www.gaaraas.com/electric_cars?_=1786646200315&button=&listing%5Bbrand_id%5D=&listing%5Bcar_type%5D=1&listing%5Bmaxprice%5D=160000001&listing%5Bminprice%5D=55309&page=10&utf8=%E2%9C%93","https://www.gaaraas.com/fr/vehicle_listings/annonce-mazda-cx30-dakar-dakar-34000","Mazda Cx30","2021","","70 000 km","Automatique","Dakar"
"1786658848-1802","https://www.gaaraas.com/electric_cars?_=1786646200315&button=&listing%5Bbrand_id%5D=&listing%5Bcar_type%5D=1&listing%5Bmaxprice%5D=160000001&listing%5Bminprice%5D=55309&page=10&utf8=%E2%9C%93","https://www.gaaraas.com/fr/vehicle_listings/annonce-toyota-land-cruiser-dakar-dakar-34001","Toyota Land Cruiser","2019","9 000 000","149 138 km","Automatique","Dakar"
"1786658876-1803","https://www.gaaraas.com/electric_cars?_=1786646200315&button=&listing%5Bbrand_id%5D=&listing%5Bcar_type%5D=1&listing%5Bmaxprice%5D=160000001&listing%5Bminprice%5D=55309&page=10&utf8=%E2%9C%93","https://www.gaaraas.com/fr/vehicle_listings/annonce-toyota-c-hr-kolda-dabo-34002","Toyota C-HR","2020","7 000 000","52 700 km","Automatique","Dabo"
"1786658881-1804","https://www.gaaraas.com/electric_cars?_=1786646200315&button=&listing%5Bbrand_id%5D=&listing%5Bcar_type%5D=1&listing%5Bmaxprice%5D=160000001&listing%5Bminprice%5D=55309&page=10&utf8=%E2%9C%93","https://www.gaaraas.com/fr/vehicle_listings/annonce-hyundai-i20-louga-dahra-34003","Hyundai i20","2021","5 000 000","52 567 km","Manuelle","Dahra"
"1786658885-1805","https://www.gaaraas.com/electric_cars?_=1786646200315&button=&listing%5Bbrand_id%5D=&listing%5Bcar_type%5D=1&listing%5Bmaxprice%5D=160000001&listing%5Bminprice%5D=55309&page=10&utf8=%E2%9C%93","https://www.gaaraas.com/fr/vehicle_listings/annonce-mercedes-benz-c-classe-dakar-dakar-34004","Mercedes-Benz C-Classe","2021","10 000 000","76 289 km","Automatique","Dakar"
"1786658901-1806","https://www.gaaraas.com/electric_cars?_=1786646200315&button=&listing%5Bbrand_id%5D=&listing%5Bcar_type%5D=1&listing%5Bmaxprice%5D=160000001&listing%5Bminprice%5D=55309&page=9&utf8=%E2%9C%93","https://www.gaaraas.com/fr/vehicle_listings/annonce-mercedes-benz-glc-250d-dakar-dakar-34005","Mercedes-Benz GLC 250D","2020","","87 000 km","Automatique","Dakar"
"1786658906-1807","https://www.gaaraas.com/electric_cars?_=1786646200315&button=&listing%5Bbrand_id%5D=&listing%5Bcar_type%5D=1&listing%5Bmaxprice%5D=160000001&listing%5Bminprice%5D=55309&page=9&utf8=%E2%9C%93","https://www.gaaraas.com/fr/vehicle_listings/annonce-hyundai-santa-fe-bagmati-behind-berlin-34006","Hyundai Santa Fe","2023","8 000 000","75 000 km","Automatique","Behind berlin"
"1786658910-1808","https://www.gaaraas.com/electric_cars?_=1786646200315&button=&listing%5Bbrand_id%5D=&listing%5Bcar_type%5D=1&listing%5Bmaxprice%5D=160000001&listing%5Bminprice%5D=55309&page=9&utf8=%E2%9C%93","https://www.gaaraas.com/fr/vehicle_listings/annonce-mercedes-benz-e-class-louga-dahra-34007","Mercedes‒Benz E–Class","2024","12 000 000","49 000 km","Automatique","Dahra"
"1786658915-1809","https://www.gaaraas.com/electric_cars?_=1786646200315&button=&listing%5Bbrand_id%5D=&listing%5Bcar_type%5D=1&listing%5Bmaxprice%5D=160000001&listing%5Bminprice%5D=55309&page=9&utf8=%E2%9C%93","https://www.gaaraas.com/fr/vehicle_listings/annonce-mercedes-benz-c-class-kolda-dabo-34008","Mercedes‒Benz C–Class","2024","9 000 000","72 134 km","Automatique","Dabo"
"1786658920-1810","https://www.gaaraas.com/electric_cars?_=1786646200315&button=&listing%5Bbrand_id%5D=&listing%5Bcar_type%5D=1&listing%5Bmaxprice%5D=160000001&listing%5Bminprice%5D=55309&page=9&utf8=%E2%9C%93","https://www.gaaraas.com/fr/vehicle_listings/annonce-ford-escape-dakar-dakar-34009","Ford Escape","2016","","364 400 km","Automatique","Dakar"
"1786658923-1811","https://www.gaaraas.com/electric_cars?_=1786646200315&button=&listing%5Bbrand_id%5D=&listing%5Bcar_type%5D=1&listing%5Bmaxprice%5D=160000001&listing%5Bminprice%5D=55309&page=9&utf8=%E2%9C%93","https://www.gaaraas.com/fr/vehicle_listings/annonce-toyota-c-hr-dakar-dakar-34011","Toyota C-HR","2017","6 950 000","119 000 km","Automatique","Dakar"
"1786658926-1812","https://www.gaaraas.com/electric_cars?_=1786646200315&button=&listing%5Bbrand_id%5D=&listing%5Bcar_type%5D=1&listing%5Bmaxprice%5D=160000001&listing%5Bminprice%5D=55309&page=9&utf8=%E2%9C%93","https://www.gaaraas.com/fr/vehicle_listings/annonce-kia-k7-dakar-dakar-34012","Kia K7","Blanc","","2018","Automatique","Dakar"
"1786658929-1813","https://www.gaaraas.com/electric_cars?_=1786646200315&button=&listing%5Bbrand_id%5D=&listing%5Bcar_type%5D=1&listing%5Bmaxprice%5D=160000001&listing%5Bminprice%5D=55309&page=9&utf8=%E2%9C%93","https://www.gaaraas.com/fr/vehicle_listings/annonce-bmw-x3-dakar-dakar-34013","BMW X3","2019","","89 000 km","Automatique","Dakar"
"1786658934-1814","https://www.gaaraas.com/electric_cars?_=1786646200315&button=&listing%5Bbrand_id%5D=&listing%5Bcar_type%5D=1&listing%5Bmaxprice%5D=160000001&listing%5Bminprice%5D=55309&page=9&utf8=%E2%9C%93","https://www.gaaraas.com/fr/vehicle_listings/annonce-nissan-pathfinder-dakar-dakar-34014","Nissan Pathfinder","2014","6 500 000","110 000 km","Automatique","Dakar"
"1786658937-1815","https://www.gaaraas.com/electric_cars?_=1786646200315&button=&listing%5Bbrand_id%5D=&listing%5Bcar_type%5D=1&listing%5Bmaxprice%5D=160000001&listing%5Bminprice%5D=55309&page=9&utf8=%E2%9C%93","https://www.gaaraas.com/fr/vehicle_listings/annonce-toyota-rav4-kolda-dabo-34015","Toyota RAV4","2022","7 000 000","75 000 km","Automatique","Dabo"
"1786658941-1816","https://www.gaaraas.com/electric_cars?_=1786646200315&button=&listing%5Bbrand_id%5D=&listing%5Bcar_type%5D=1&listing%5Bmaxprice%5D=160000001&listing%5Bminprice%5D=55309&page=9&utf8=%E2%9C%93","https://www.gaaraas.com/fr/vehicle_listings/annonce-audi-q5-dakar-dakar-34016","Audi Q5","2018","","137 000 km","Automatique","Dakar"
"1786658946-1817","https://www.gaaraas.com/electric_cars?_=1786646200315&button=&listing%5Bbrand_id%5D=&listing%5Bcar_type%5D=1&listing%5Bmaxprice%5D=160000001&listing%5Bminprice%5D=55309&page=9&utf8=%E2%9C%93","https://www.gaaraas.com/fr/vehicle_listings/annonce-toyota-corolla-cross-ziguinchor-bignona-34017","Toyota Corolla Cross","2022","7 000 000","26 000 km","Automatique","Bignona"
"1786658950-1818","https://www.gaaraas.com/electric_cars?_=1786646200315&button=&listing%5Bbrand_id%5D=&listing%5Bcar_type%5D=1&listing%5Bmaxprice%5D=160000001&listing%5Bminprice%5D=55309&page=9&utf8=%E2%9C%93","https://www.gaaraas.com/fr/vehicle_listings/annonce-ford-mustang-kolda-dabo-34019","Ford Mustang","2024","6 000 000","19 000 km","Automatique","Dabo"
"1786658954-1819","https://www.gaaraas.com/electric_cars?_=1786646200315&button=&listing%5Bbrand_id%5D=&listing%5Bcar_type%5D=1&listing%5Bmaxprice%5D=160000001&listing%5Bminprice%5D=55309&page=9&utf8=%E2%9C%93","https://www.gaaraas.com/fr/vehicle_listings/annonce-kia-rio-bagmati-behind-berlin-34020","Kia Rio","2015","4 800 000","67 946 km","Manuelle","Behind berlin"
"1786658957-1820","https://www.gaaraas.com/electric_cars?_=1786646200315&button=&listing%5Bbrand_id%5D=&listing%5Bcar_type%5D=1&listing%5Bmaxprice%5D=160000001&listing%5Bminprice%5D=55309&page=9&utf8=%E2%9C%93","https://www.gaaraas.com/fr/vehicle_listings/annonce-mazda-cx-5-dakar-dakar-34021","Mazda CX-5","2018","","98 000 km","Automatique","Dakar"
"1786658962-1821","https://www.gaaraas.com/electric_cars?_=1786646200315&button=&listing%5Bbrand_id%5D=&listing%5Bcar_type%5D=1&listing%5Bmaxprice%5D=160000001&listing%5Bminprice%5D=55309&page=9&utf8=%E2%9C%93","https://www.gaaraas.com/fr/vehicle_listings/annonce-hyundai-sonata-dakar-dakar-34022","Hyundai Sonata","2015","","120 000 km","Automatique","Dakar"
"1786658965-1822","https://www.gaaraas.com/electric_cars?_=1786646200315&button=&listing%5Bbrand_id%5D=&listing%5Bcar_type%5D=1&listing%5Bmaxprice%5D=160000001&listing%5Bminprice%5D=55309&page=9&utf8=%E2%9C%93","https://www.gaaraas.com/fr/vehicle_listings/annonce-renault-6-dakar-dakar-34023","Renault 6","2017","","80 000 km","Automatique","Dakar"
"1786658971-1823","https://www.gaaraas.com/electric_cars?_=1786646200315&button=&listing%5Bbrand_id%5D=&listing%5Bcar_type%5D=1&listing%5Bmaxprice%5D=160000001&listing%5Bminprice%5D=55309&page=9&utf8=%E2%9C%93","https://www.gaaraas.com/fr/vehicle_listings/annonce-kia-sportage-dakar-dakar-34024","Kia Sportage","2015","","130 000 km","Automatique","Dakar"
"1786658975-1824","https://www.gaaraas.com/electric_cars?_=1786646200315&button=&listing%5Bbrand_id%5D=&listing%5Bcar_type%5D=1&listing%5Bmaxprice%5D=160000001&listing%5Bminprice%5D=55309&page=9&utf8=%E2%9C%93","https://www.gaaraas.com/fr/vehicle_listings/annonce-mercedes-benz-amg-gle-coupe-dakar-dakar-34026","Mercedes‒Benz AMG GLE Coupe","2021","15 000 000","90 000 km","Automatique","Dakar"
"1786658979-1825","https://www.gaaraas.com/electric_cars?_=1786646200315&button=&listing%5Bbrand_id%5D=&listing%5Bcar_type%5D=1&listing%5Bmaxprice%5D=160000001&listing%5Bminprice%5D=55309&page=9&utf8=%E2%9C%93","https://www.gaaraas.com/fr/vehicle_listings/annonce-mercedes-benz-glc-dakar-dakar-34027","Mercedes‒Benz GLC","2025","16 000 000","6 054 km","Automatique","Dakar"
"1786658988-1826","https://www.gaaraas.com/electric_cars?_=1786646200315&button=&listing%5Bbrand_id%5D=&listing%5Bcar_type%5D=1&listing%5Bmaxprice%5D=160000001&listing%5Bminprice%5D=55309&page=8&utf8=%E2%9C%93","https://www.gaaraas.com/fr/vehicle_listings/annonce-nissan-qashqai-kolda-dabo-34028","Nissan Qashqai","2015","4 000 000","94 686 km","Manuelle","Dabo"
"1786658992-1827","https://www.gaaraas.com/electric_cars?_=1786646200315&button=&listing%5Bbrand_id%5D=&listing%5Bcar_type%5D=1&listing%5Bmaxprice%5D=160000001&listing%5Bminprice%5D=55309&page=8&utf8=%E2%9C%93","https://www.gaaraas.com/fr/vehicle_listings/annonce-renault-clio-ziguinchor-bignona-34029","Renault Clio","2021","5 000 000","102 000 km","Manuelle","Bignona"
"1786658995-1828","https://www.gaaraas.com/electric_cars?_=1786646200315&button=&listing%5Bbrand_id%5D=&listing%5Bcar_type%5D=1&listing%5Bmaxprice%5D=160000001&listing%5Bminprice%5D=55309&page=8&utf8=%E2%9C%93","https://www.gaaraas.com/fr/vehicle_listings/annonce-hyundai-santa-fe-kolda-dabo-34030","Hyundai Santa Fe","2022","6 000 000","72 161 km","Automatique","Dabo"
"1786659000-1829","https://www.gaaraas.com/electric_cars?_=1786646200315&button=&listing%5Bbrand_id%5D=&listing%5Bcar_type%5D=1&listing%5Bmaxprice%5D=160000001&listing%5Bminprice%5D=55309&page=8&utf8=%E2%9C%93","https://www.gaaraas.com/fr/vehicle_listings/annonce-porsche-panamera-louga-dahra-34031","Porsche Panamera","2019","15 000 000","73 000 km","Automatique","Dahra"
"1786659023-1830","https://www.gaaraas.com/electric_cars?_=1786646200315&button=&listing%5Bbrand_id%5D=&listing%5Bcar_type%5D=1&listing%5Bmaxprice%5D=160000001&listing%5Bminprice%5D=55309&page=8&utf8=%E2%9C%93","https://www.gaaraas.com/fr/vehicle_listings/annonce-kia-sportage-kolda-dabo-34032","Kia Sportage","2025","8 000 000","39 900 km","Manuelle","Dabo"
"1786659036-1831","https://www.gaaraas.com/electric_cars?_=1786646200315&button=&listing%5Bbrand_id%5D=&listing%5Bcar_type%5D=1&listing%5Bmaxprice%5D=160000001&listing%5Bminprice%5D=55309&page=8&utf8=%E2%9C%93","https://www.gaaraas.com/fr/vehicle_listings/annonce-mitsubishi-l200-ziguinchor-bignona-34033","Mitsubishi L200","2021","10 000 000","75 150 km","Automatique","Bignona"
"1786659041-1832","https://www.gaaraas.com/electric_cars?_=1786646200315&button=&listing%5Bbrand_id%5D=&listing%5Bcar_type%5D=1&listing%5Bmaxprice%5D=160000001&listing%5Bminprice%5D=55309&page=8&utf8=%E2%9C%93","https://www.gaaraas.com/fr/vehicle_listings/annonce-citroen-c4-cactus-dakar-dakar-34034","Citroen C4 cactus","2016","","180 000 km","Manuelle","Dakar"
"1786659046-1833","https://www.gaaraas.com/electric_cars?_=1786646200315&button=&listing%5Bbrand_id%5D=&listing%5Bcar_type%5D=1&listing%5Bmaxprice%5D=160000001&listing%5Bminprice%5D=55309&page=8&utf8=%E2%9C%93","https://www.gaaraas.com/fr/vehicle_listings/annonce-ford-edge-dakar-dakar-34035","Ford Edge","2019","","110 829 km","Automatique","Dakar"
"1786659052-1834","https://www.gaaraas.com/electric_cars?_=1786646200315&button=&listing%5Bbrand_id%5D=&listing%5Bcar_type%5D=1&listing%5Bmaxprice%5D=160000001&listing%5Bminprice%5D=55309&page=8&utf8=%E2%9C%93","https://www.gaaraas.com/fr/vehicle_listings/annonce-ford-fiesta-dakar-dakar-34036","Ford Fiesta","2014","1 200 000","190 000 km","Automatique","Dakar"
"1786659071-1835","https://www.gaaraas.com/electric_cars?_=1786646200315&button=&listing%5Bbrand_id%5D=&listing%5Bcar_type%5D=1&listing%5Bmaxprice%5D=160000001&listing%5Bminprice%5D=55309&page=8&utf8=%E2%9C%93","https://www.gaaraas.com/fr/vehicle_listings/annonce-kia-sportage-dakar-dakar-34037","Kia Sportage","2017","","120 000 km","Automatique","Dakar"
"1786659079-1836","https://www.gaaraas.com/electric_cars?_=1786646200315&button=&listing%5Bbrand_id%5D=&listing%5Bcar_type%5D=1&listing%5Bmaxprice%5D=160000001&listing%5Bminprice%5D=55309&page=8&utf8=%E2%9C%93","https://www.gaaraas.com/fr/vehicle_listings/annonce-bmw-x1-kolda-dabo-34038","BMW X1","2019","6 000 000","34 530 km","Automatique","Dabo"
"1786659086-1837","https://www.gaaraas.com/electric_cars?_=1786646200315&button=&listing%5Bbrand_id%5D=&listing%5Bcar_type%5D=1&listing%5Bmaxprice%5D=160000001&listing%5Bminprice%5D=55309&page=8&utf8=%E2%9C%93","https://www.gaaraas.com/fr/vehicle_listings/annonce-byd-atto3-dakar-dakar-34040","BYD Atto3","2021","","77 000 km","Automatique","Dakar"
"1786659091-1838","https://www.gaaraas.com/electric_cars?_=1786646200315&button=&listing%5Bbrand_id%5D=&listing%5Bcar_type%5D=1&listing%5Bmaxprice%5D=160000001&listing%5Bminprice%5D=55309&page=8&utf8=%E2%9C%93","https://www.gaaraas.com/fr/vehicle_listings/annonce-hyundai-tucson-dakar-dakar-34042","Hyundai Tucson","2016","","120 000 km","Automatique","Dakar"
"1786659096-1839","https://www.gaaraas.com/electric_cars?_=1786646200315&button=&listing%5Bbrand_id%5D=&listing%5Bcar_type%5D=1&listing%5Bmaxprice%5D=160000001&listing%5Bminprice%5D=55309&page=8&utf8=%E2%9C%93","https://www.gaaraas.com/fr/vehicle_listings/annonce-ford-escape-region-de-thies-thies-34043","Ford Escape","2013","","115 731 km","Automatique","Mbour"
"1786659102-1840","https://www.gaaraas.com/electric_cars?_=1786646200315&button=&listing%5Bbrand_id%5D=&listing%5Bcar_type%5D=1&listing%5Bmaxprice%5D=160000001&listing%5Bminprice%5D=55309&page=8&utf8=%E2%9C%93","https://www.gaaraas.com/fr/vehicle_listings/annonce-hyundai-i20-kolda-dabo-34044","Hyundai i20","2021","4 000 000","30 000 km","Manuelle","Dabo"
"1786659110-1841","https://www.gaaraas.com/electric_cars?_=1786646200315&button=&listing%5Bbrand_id%5D=&listing%5Bcar_type%5D=1&listing%5Bmaxprice%5D=160000001&listing%5Bminprice%5D=55309&page=8&utf8=%E2%9C%93","https://www.gaaraas.com/fr/vehicle_listings/annonce-mercedes-benz-c-class-kolda-dabo-34045","Mercedes‒Benz C–Class","2022","8 000 000","74 500 km","Automatique","Dabo"
"1786659116-1842","https://www.gaaraas.com/electric_cars?_=1786646200315&button=&listing%5Bbrand_id%5D=&listing%5Bcar_type%5D=1&listing%5Bmaxprice%5D=160000001&listing%5Bminprice%5D=55309&page=8&utf8=%E2%9C%93","https://www.gaaraas.com/fr/vehicle_listings/annonce-mercedes-benz-c-class-louga-dahra-34046","Mercedes‒Benz C–Class","2021","8 000 000","68 033 km","Automatique","Dahra"
"1786659120-1843","https://www.gaaraas.com/electric_cars?_=1786646200315&button=&listing%5Bbrand_id%5D=&listing%5Bcar_type%5D=1&listing%5Bmaxprice%5D=160000001&listing%5Bminprice%5D=55309&page=8&utf8=%E2%9C%93","https://www.gaaraas.com/fr/vehicle_listings/annonce-hyundai-sonata-dakar-dakar-34047","Hyundai Sonata","2016","4 700 000","120 350 km","Automatique","Dakar"
"1786659125-1844","https://www.gaaraas.com/electric_cars?_=1786646200315&button=&listing%5Bbrand_id%5D=&listing%5Bcar_type%5D=1&listing%5Bmaxprice%5D=160000001&listing%5Bminprice%5D=55309&page=8&utf8=%E2%9C%93","https://www.gaaraas.com/fr/vehicle_listings/annonce-ford-fiesta-ziguinchor-bignona-34048","Ford Fiesta","2019","5 000 000","97 008 km","Manuelle","Bignona"
"1786659130-1845","https://www.gaaraas.com/electric_cars?_=1786646200315&button=&listing%5Bbrand_id%5D=&listing%5Bcar_type%5D=1&listing%5Bmaxprice%5D=160000001&listing%5Bminprice%5D=55309&page=8&utf8=%E2%9C%93","https://www.gaaraas.com/fr/vehicle_listings/annonce-ford-fiesta-ziguinchor-bignona-34049","Ford Fiesta","2022","6 000 000","42 000 km","Manuelle","Bignona"
"1786659140-1846","https://www.gaaraas.com/electric_cars?_=1786646200315&button=&listing%5Bbrand_id%5D=&listing%5Bcar_type%5D=1&listing%5Bmaxprice%5D=160000001&listing%5Bminprice%5D=55309&page=7&utf8=%E2%9C%93","https://www.gaaraas.com/fr/vehicle_listings/annonce-great-wall-wingle-dakar-dakar-34050","Great Wall Wingle","Blanc","","2026","Automatique","Dakar"
"1786659144-1847","https://www.gaaraas.com/electric_cars?_=1786646200315&button=&listing%5Bbrand_id%5D=&listing%5Bcar_type%5D=1&listing%5Bmaxprice%5D=160000001&listing%5Bminprice%5D=55309&page=7&utf8=%E2%9C%93","https://www.gaaraas.com/fr/vehicle_listings/annonce-bmw-x5-dakar-dakar-34051","BMW X5","2020","","67 000 km","Automatique","Dakar"
"1786659150-1848","https://www.gaaraas.com/electric_cars?_=1786646200315&button=&listing%5Bbrand_id%5D=&listing%5Bcar_type%5D=1&listing%5Bmaxprice%5D=160000001&listing%5Bminprice%5D=55309&page=7&utf8=%E2%9C%93","https://www.gaaraas.com/fr/vehicle_listings/annonce-ford-mustang-bagmati-behind-berlin-34052","Ford Mustang","2007","7 000 000","95 000 km","Manuelle","Behind berlin"
"1786659154-1849","https://www.gaaraas.com/electric_cars?_=1786646200315&button=&listing%5Bbrand_id%5D=&listing%5Bcar_type%5D=1&listing%5Bmaxprice%5D=160000001&listing%5Bminprice%5D=55309&page=7&utf8=%E2%9C%93","https://www.gaaraas.com/fr/vehicle_listings/annonce-toyota-c-hr-dakar-dakar-34053","Toyota C-HR","2023","2 876 000","32 000 km","Automatique","Dakar"
"1786659160-1850","https://www.gaaraas.com/electric_cars?_=1786646200315&button=&listing%5Bbrand_id%5D=&listing%5Bcar_type%5D=1&listing%5Bmaxprice%5D=160000001&listing%5Bminprice%5D=55309&page=7&utf8=%E2%9C%93","https://www.gaaraas.com/fr/vehicle_listings/annonce-byd-seal-dakar-dakar-34054","BYD Seal","2025","","25 000 km","Automatique","Dakar"
"1786659165-1851","https://www.gaaraas.com/electric_cars?_=1786646200315&button=&listing%5Bbrand_id%5D=&listing%5Bcar_type%5D=1&listing%5Bmaxprice%5D=160000001&listing%5Bminprice%5D=55309&page=7&utf8=%E2%9C%93","https://www.gaaraas.com/fr/vehicle_listings/annonce-mercedes-benz-e-class-dakar-dakar-34055","Mercedes‒Benz E–Class","1990","","160 000 km","Automatique","Dakar"
"1786659185-1852","https://www.gaaraas.com/electric_cars?_=1786646200315&button=&listing%5Bbrand_id%5D=&listing%5Bcar_type%5D=1&listing%5Bmaxprice%5D=160000001&listing%5Bminprice%5D=55309&page=7&utf8=%E2%9C%93","https://www.gaaraas.com/fr/vehicle_listings/annonce-toyota-land-cruiser-dakar-dakar-34056","Toyota Land Cruiser","2022","2 586 000","48 000 km","Automatique","Dakar"
"1786659210-1853","https://www.gaaraas.com/electric_cars?_=1786646200315&button=&listing%5Bbrand_id%5D=&listing%5Bcar_type%5D=1&listing%5Bmaxprice%5D=160000001&listing%5Bminprice%5D=55309&page=7&utf8=%E2%9C%93","https://www.gaaraas.com/fr/vehicle_listings/annonce-bmw-x4-dakar-dakar-34057","BMW X4","2018","","100 000 km","Automatique","Dakar"
"1786659220-1854","https://www.gaaraas.com/electric_cars?_=1786646200315&button=&listing%5Bbrand_id%5D=&listing%5Bcar_type%5D=1&listing%5Bmaxprice%5D=160000001&listing%5Bminprice%5D=55309&page=7&utf8=%E2%9C%93","https://www.gaaraas.com/fr/vehicle_listings/annonce-dongfeng-nanobox-dakar-dakar-34058","DongFeng Nanobox","2025","","25 000 km","Automatique","Dakar"
"1786659225-1855","https://www.gaaraas.com/electric_cars?_=1786646200315&button=&listing%5Bbrand_id%5D=&listing%5Bcar_type%5D=1&listing%5Bmaxprice%5D=160000001&listing%5Bminprice%5D=55309&page=7&utf8=%E2%9C%93","https://www.gaaraas.com/fr/vehicle_listings/annonce-mitsubishi-asx-kolda-dabo-34059","Mitsubishi ASX","2025","6 000 000","25 284 km","Manuelle","Dabo"
"1786659260-1856","https://www.gaaraas.com/electric_cars?_=1786646200315&button=&listing%5Bbrand_id%5D=&listing%5Bcar_type%5D=1&listing%5Bmaxprice%5D=160000001&listing%5Bminprice%5D=55309&page=7&utf8=%E2%9C%93","https://www.gaaraas.com/fr/vehicle_listings/annonce-kia-stonic-louga-dahra-34060","Kia Stonic","2024","6 500 000","23 800 km","Automatique","Dahra"
"1786659268-1857","https://www.gaaraas.com/electric_cars?_=1786646200315&button=&listing%5Bbrand_id%5D=&listing%5Bcar_type%5D=1&listing%5Bmaxprice%5D=160000001&listing%5Bminprice%5D=55309&page=7&utf8=%E2%9C%93","https://www.gaaraas.com/fr/vehicle_listings/annonce-kia-rio-louga-dahra-34061","Kia Rio","2017","4 000 000","90 000 km","Manuelle","Dahra"
"1786659274-1858","https://www.gaaraas.com/electric_cars?_=1786646200315&button=&listing%5Bbrand_id%5D=&listing%5Bcar_type%5D=1&listing%5Bmaxprice%5D=160000001&listing%5Bminprice%5D=55309&page=7&utf8=%E2%9C%93","https://www.gaaraas.com/fr/vehicle_listings/annonce-citroen-ds4-ziguinchor-bignona-34062","Citroen DS4","2017","5 000 000","75 500 km","Manuelle","Bignona"
"1786659321-1859","https://www.gaaraas.com/electric_cars?_=1786646200315&button=&listing%5Bbrand_id%5D=&listing%5Bcar_type%5D=1&listing%5Bmaxprice%5D=160000001&listing%5Bminprice%5D=55309&page=7&utf8=%E2%9C%93","https://www.gaaraas.com/fr/vehicle_listings/annonce-bmw-x5-dakar-dakar-34063","BMW X5","2018","15 500 000","80 000 km","Automatique","Dakar"
"1786659343-1860","https://www.gaaraas.com/electric_cars?_=1786646200315&button=&listing%5Bbrand_id%5D=&listing%5Bcar_type%5D=1&listing%5Bmaxprice%5D=160000001&listing%5Bminprice%5D=55309&page=7&utf8=%E2%9C%93","https://www.gaaraas.com/fr/vehicle_listings/annonce-jeep-cherokee-dakar-dakar-34064","Jeep Cherokee","2018","6 800 000","80 000 km","Automatique","Dakar"
"1786659365-1861","https://www.gaaraas.com/electric_cars?_=1786646200315&button=&listing%5Bbrand_id%5D=&listing%5Bcar_type%5D=1&listing%5Bmaxprice%5D=160000001&listing%5Bminprice%5D=55309&page=7&utf8=%E2%9C%93","https://www.gaaraas.com/fr/vehicle_listings/annonce-toyota-rav4-dakar-dakar-34065","Toyota RAV4","2018","","110 000 km","Automatique","Dakar"
"1786659421-1862","https://www.gaaraas.com/electric_cars?_=1786646200315&button=&listing%5Bbrand_id%5D=&listing%5Bcar_type%5D=1&listing%5Bmaxprice%5D=160000001&listing%5Bminprice%5D=55309&page=7&utf8=%E2%9C%93","https://www.gaaraas.com/fr/vehicle_listings/annonce-bmw-x1-dakar-dakar-34066","BMW X1","2017","","113 000 km","Automatique","Dakar"
"1786659439-1863","https://www.gaaraas.com/electric_cars?_=1786646200315&button=&listing%5Bbrand_id%5D=&listing%5Bcar_type%5D=1&listing%5Bmaxprice%5D=160000001&listing%5Bminprice%5D=55309&page=7&utf8=%E2%9C%93","https://www.gaaraas.com/fr/vehicle_listings/annonce-toyota-land-cruiser-prado-dakar-dakar-34067","Toyota Land Cruiser Prado","2023","3 186 000","24 000 km","Automatique","Dakar"
"1786659448-1864","https://www.gaaraas.com/electric_cars?_=1786646200315&button=&listing%5Bbrand_id%5D=&listing%5Bcar_type%5D=1&listing%5Bmaxprice%5D=160000001&listing%5Bminprice%5D=55309&page=7&utf8=%E2%9C%93","https://www.gaaraas.com/fr/vehicle_listings/annonce-mitsubishi-eclipse-cross-dakar-dakar-34068","Mitsubishi Eclipse Cross","2019","6 000 000","64 000 km","Automatique","Dakar"
"1786659461-1865","https://www.gaaraas.com/electric_cars?_=1786646200315&button=&listing%5Bbrand_id%5D=&listing%5Bcar_type%5D=1&listing%5Bmaxprice%5D=160000001&listing%5Bminprice%5D=55309&page=7&utf8=%E2%9C%93","https://www.gaaraas.com/fr/vehicle_listings/annonce-mercedes-benz-c-classe-dakar-dakar-34069","Mercedes-Benz C-Classe","2019","13 000 000","80 000 km","Automatique","Dakar"
"1786659482-1866","https://www.gaaraas.com/electric_cars?_=1786646200315&button=&listing%5Bbrand_id%5D=&listing%5Bcar_type%5D=1&listing%5Bmaxprice%5D=160000001&listing%5Bminprice%5D=55309&page=6&utf8=%E2%9C%93","https://www.gaaraas.com/fr/vehicle_listings/annonce-toyota-rav-4-dakar-dakar-34070","Toyota Rav 4","2022","4 620 000","32 000 km","Automatique","Dakar"
"1786659490-1867","https://www.gaaraas.com/electric_cars?_=1786646200315&button=&listing%5Bbrand_id%5D=&listing%5Bcar_type%5D=1&listing%5Bmaxprice%5D=160000001&listing%5Bminprice%5D=55309&page=6&utf8=%E2%9C%93","https://www.gaaraas.com/fr/vehicle_listings/annonce-hyundai-tucson-kolda-dabo-34071","Hyundai Tucson","2023","7 000 000","42 293 km","Manuelle","Dabo"
"1786659497-1868","https://www.gaaraas.com/electric_cars?_=1786646200315&button=&listing%5Bbrand_id%5D=&listing%5Bcar_type%5D=1&listing%5Bmaxprice%5D=160000001&listing%5Bminprice%5D=55309&page=6&utf8=%E2%9C%93","https://www.gaaraas.com/fr/vehicle_listings/annonce-hyundai-tucson-kolda-dabo-34072","Hyundai Tucson","2016","6 000 000","68 750 km","Automatique","Dabo"
"1786659505-1869","https://www.gaaraas.com/electric_cars?_=1786646200315&button=&listing%5Bbrand_id%5D=&listing%5Bcar_type%5D=1&listing%5Bmaxprice%5D=160000001&listing%5Bminprice%5D=55309&page=6&utf8=%E2%9C%93","https://www.gaaraas.com/fr/vehicle_listings/annonce-hyundai-tucson-kolda-dabo-34073","Hyundai Tucson","2021","7 000 000","47 668 km","Automatique","Dabo"
"1786659550-1870","https://www.gaaraas.com/electric_cars?_=1786646200315&button=&listing%5Bbrand_id%5D=&listing%5Bcar_type%5D=1&listing%5Bmaxprice%5D=160000001&listing%5Bminprice%5D=55309&page=6&utf8=%E2%9C%93","https://www.gaaraas.com/fr/vehicle_listings/annonce-ford-focus-saint-louis-dagana-34074","Ford Focus","2023","5 800 000","91 500 km","Manuelle","Dagana"
"1786659629-1871","https://www.gaaraas.com/electric_cars?_=1786646200315&button=&listing%5Bbrand_id%5D=&listing%5Bcar_type%5D=1&listing%5Bmaxprice%5D=160000001&listing%5Bminprice%5D=55309&page=6&utf8=%E2%9C%93","https://www.gaaraas.com/fr/vehicle_listings/annonce-changan-eado-ev-dakar-dakar-34076","Changan Eado ev","2022","","40 000 km","Automatique","Dakar"
"1786659632-1872","https://www.gaaraas.com/electric_cars?_=1786646200315&button=&listing%5Bbrand_id%5D=&listing%5Bcar_type%5D=1&listing%5Bmaxprice%5D=160000001&listing%5Bminprice%5D=55309&page=6&utf8=%E2%9C%93","https://www.gaaraas.com/fr/vehicle_listings/annonce-bmw-x6-kolda-dabo-34077","BMW X6","2016","12 000 000","140 000 km","Automatique","Dabo"
"1786659634-1873","https://www.gaaraas.com/electric_cars?_=1786646200315&button=&listing%5Bbrand_id%5D=&listing%5Bcar_type%5D=1&listing%5Bmaxprice%5D=160000001&listing%5Bminprice%5D=55309&page=6&utf8=%E2%9C%93","https://www.gaaraas.com/fr/vehicle_listings/annonce-bmw-x1-louga-dahra-34078","BMW X1","2019","6 000 000","34 530 km","Automatique","Dahra"
"1786659638-1874","https://www.gaaraas.com/electric_cars?_=1786646200315&button=&listing%5Bbrand_id%5D=&listing%5Bcar_type%5D=1&listing%5Bmaxprice%5D=160000001&listing%5Bminprice%5D=55309&page=6&utf8=%E2%9C%93","https://www.gaaraas.com/fr/vehicle_listings/annonce-kia-cee-d-dakar-dakar-34079","Kia Cee'd","2017","5 000 000","90 000 km","Manuelle","Dakar"
"1786659641-1875","https://www.gaaraas.com/electric_cars?_=1786646200315&button=&listing%5Bbrand_id%5D=&listing%5Bcar_type%5D=1&listing%5Bmaxprice%5D=160000001&listing%5Bminprice%5D=55309&page=6&utf8=%E2%9C%93","https://www.gaaraas.com/fr/vehicle_listings/annonce-toyota-rav4-dakar-dakar-34080","Toyota RAV4","2019","","800 000 km","Automatique","Dakar"
"1786659643-1876","https://www.gaaraas.com/electric_cars?_=1786646200315&button=&listing%5Bbrand_id%5D=&listing%5Bcar_type%5D=1&listing%5Bmaxprice%5D=160000001&listing%5Bminprice%5D=55309&page=6&utf8=%E2%9C%93","https://www.gaaraas.com/fr/vehicle_listings/annonce-land-rover-range-rover-sport-kolda-dabo-34081","Land Rover Range Rover Sport","2019","15 000 000","100 000 km","Automatique","Dabo"
"1786659646-1877","https://www.gaaraas.com/electric_cars?_=1786646200315&button=&listing%5Bbrand_id%5D=&listing%5Bcar_type%5D=1&listing%5Bmaxprice%5D=160000001&listing%5Bminprice%5D=55309&page=6&utf8=%E2%9C%93","https://www.gaaraas.com/fr/vehicle_listings/annonce-land-rover-range-rover-velar-dakar-dakar-34082","Land Rover Range Rover Velar","2019","17 000 000","74 000 km","Automatique","Dakar"
"1786659649-1878","https://www.gaaraas.com/electric_cars?_=1786646200315&button=&listing%5Bbrand_id%5D=&listing%5Bcar_type%5D=1&listing%5Bmaxprice%5D=160000001&listing%5Bminprice%5D=55309&page=6&utf8=%E2%9C%93","https://www.gaaraas.com/fr/vehicle_listings/annonce-honda-civic-bagmati-behind-berlin-34083","Honda Civic","2019","5 000 000","100 000 km","Manuelle","Behind berlin"
"1786659652-1879","https://www.gaaraas.com/electric_cars?_=1786646200315&button=&listing%5Bbrand_id%5D=&listing%5Bcar_type%5D=1&listing%5Bmaxprice%5D=160000001&listing%5Bminprice%5D=55309&page=6&utf8=%E2%9C%93","https://www.gaaraas.com/fr/vehicle_listings/annonce-honda-civic-kolda-dabo-34084","Honda Civic","2018","5 000 000","90 000 km","Manuelle","Dabo"
"1786659655-1880","https://www.gaaraas.com/electric_cars?_=1786646200315&button=&listing%5Bbrand_id%5D=&listing%5Bcar_type%5D=1&listing%5Bmaxprice%5D=160000001&listing%5Bminprice%5D=55309&page=6&utf8=%E2%9C%93","https://www.gaaraas.com/fr/vehicle_listings/annonce-seat-ibiza-region-de-thies-thies-34086","SEAT Ibiza","2018","","88 000 km","Manuelle","Thiès"
"1786659657-1881","https://www.gaaraas.com/electric_cars?_=1786646200315&button=&listing%5Bbrand_id%5D=&listing%5Bcar_type%5D=1&listing%5Bmaxprice%5D=160000001&listing%5Bminprice%5D=55309&page=6&utf8=%E2%9C%93","https://www.gaaraas.com/fr/vehicle_listings/annonce-byd-seagull-dakar-dakar-34087","BYD Seagull","Other","3 455 000","2025","Automatique","Dakar"
"1786659660-1882","https://www.gaaraas.com/electric_cars?_=1786646200315&button=&listing%5Bbrand_id%5D=&listing%5Bcar_type%5D=1&listing%5Bmaxprice%5D=160000001&listing%5Bminprice%5D=55309&page=6&utf8=%E2%9C%93","https://www.gaaraas.com/fr/vehicle_listings/annonce-byd-dolphin-dakar-dakar-34089","BYD Dolphin","2024","","35 000 km","Automatique","Dakar"
"1786659662-1883","https://www.gaaraas.com/electric_cars?_=1786646200315&button=&listing%5Bbrand_id%5D=&listing%5Bcar_type%5D=1&listing%5Bmaxprice%5D=160000001&listing%5Bminprice%5D=55309&page=6&utf8=%E2%9C%93","https://www.gaaraas.com/fr/vehicle_listings/annonce-byd-qin-l-dakar-dakar-34091","BYD Qin l","2024","","56 000 km","Automatique","Dakar"
"1786659665-1884","https://www.gaaraas.com/electric_cars?_=1786646200315&button=&listing%5Bbrand_id%5D=&listing%5Bcar_type%5D=1&listing%5Bmaxprice%5D=160000001&listing%5Bminprice%5D=55309&page=6&utf8=%E2%9C%93","https://www.gaaraas.com/fr/vehicle_listings/annonce-lexus-nx-dakar-dakar-34092","Lexus NX","2020","","78 000 km","Automatique","Dakar"
"1786659671-1885","https://www.gaaraas.com/electric_cars?_=1786646200315&button=&listing%5Bbrand_id%5D=&listing%5Bcar_type%5D=1&listing%5Bmaxprice%5D=160000001&listing%5Bminprice%5D=55309&page=5&utf8=%E2%9C%93","https://www.gaaraas.com/fr/vehicle_listings/annonce-nissan-murano-dakar-dakar-34093","Nissan Murano","2020","","42 000 km","Automatique","Dakar"
"1786659673-1886","https://www.gaaraas.com/electric_cars?_=1786646200315&button=&listing%5Bbrand_id%5D=&listing%5Bcar_type%5D=1&listing%5Bmaxprice%5D=160000001&listing%5Bminprice%5D=55309&page=5&utf8=%E2%9C%93","https://www.gaaraas.com/fr/vehicle_listings/annonce-hyundai-santa-fe-dakar-dakar-34096","Hyundai Santa Fe","2018","","130 000 km","Automatique","Dakar"
"1786659676-1887","https://www.gaaraas.com/electric_cars?_=1786646200315&button=&listing%5Bbrand_id%5D=&listing%5Bcar_type%5D=1&listing%5Bmaxprice%5D=160000001&listing%5Bminprice%5D=55309&page=5&utf8=%E2%9C%93","https://www.gaaraas.com/fr/vehicle_listings/annonce-hyundai-tucson-kolda-dabo-34097","Hyundai Tucson","2022","8 000 000","50 997 km","Automatique","Dabo"
"1786659679-1888","https://www.gaaraas.com/electric_cars?_=1786646200315&button=&listing%5Bbrand_id%5D=&listing%5Bcar_type%5D=1&listing%5Bmaxprice%5D=160000001&listing%5Bminprice%5D=55309&page=5&utf8=%E2%9C%93","https://www.gaaraas.com/fr/vehicle_listings/annonce-toyota-yaris-kolda-dabo-34098","Toyota Yaris","2023","6 000 000","66 953 km","Automatique","Dabo"
"1786659682-1889","https://www.gaaraas.com/electric_cars?_=1786646200315&button=&listing%5Bbrand_id%5D=&listing%5Bcar_type%5D=1&listing%5Bmaxprice%5D=160000001&listing%5Bminprice%5D=55309&page=5&utf8=%E2%9C%93","https://www.gaaraas.com/fr/vehicle_listings/annonce-bmw-x1-saint-louis-dagana-34099","BMW X1","2019","6 800 000","36 000 km","Automatique","Dagana"
"1786659684-1890","https://www.gaaraas.com/electric_cars?_=1786646200315&button=&listing%5Bbrand_id%5D=&listing%5Bcar_type%5D=1&listing%5Bmaxprice%5D=160000001&listing%5Bminprice%5D=55309&page=5&utf8=%E2%9C%93","https://www.gaaraas.com/fr/vehicle_listings/annonce-kia-sportage-kolda-dabo-34100","Kia Sportage","2016","6 000 000","48 921 km","Manuelle","Dabo"
"1786659687-1891","https://www.gaaraas.com/electric_cars?_=1786646200315&button=&listing%5Bbrand_id%5D=&listing%5Bcar_type%5D=1&listing%5Bmaxprice%5D=160000001&listing%5Bminprice%5D=55309&page=5&utf8=%E2%9C%93","https://www.gaaraas.com/fr/vehicle_listings/annonce-chevrolet-equinox-dakar-dakar-34102","Chevrolet Equinox","2017","","145 326 km","Automatique","Dakar"
"1786659690-1892","https://www.gaaraas.com/electric_cars?_=1786646200315&button=&listing%5Bbrand_id%5D=&listing%5Bcar_type%5D=1&listing%5Bmaxprice%5D=160000001&listing%5Bminprice%5D=55309&page=5&utf8=%E2%9C%93","https://www.gaaraas.com/fr/vehicle_listings/annonce-byd-destroyer-dakar-dakar-34103","BYD Destroyer","2024","","51 000 km","Automatique","Dakar"
"1786659692-1893","https://www.gaaraas.com/electric_cars?_=1786646200315&button=&listing%5Bbrand_id%5D=&listing%5Bcar_type%5D=1&listing%5Bmaxprice%5D=160000001&listing%5Bminprice%5D=55309&page=5&utf8=%E2%9C%93","https://www.gaaraas.com/fr/vehicle_listings/annonce-mercedes-benz-glc-coupe-saint-louis-dagana-34105","Mercedes‒Benz GLC Coupe","2021","15 000 000","90 000 km","Automatique","Dagana"
"1786659695-1894","https://www.gaaraas.com/electric_cars?_=1786646200315&button=&listing%5Bbrand_id%5D=&listing%5Bcar_type%5D=1&listing%5Bmaxprice%5D=160000001&listing%5Bminprice%5D=55309&page=5&utf8=%E2%9C%93","https://www.gaaraas.com/fr/vehicle_listings/annonce-kia-sportage-saint-louis-dagana-34106","Kia Sportage","2024","9 000 000","15 000 km","Automatique","Dagana"
"1786659697-1895","https://www.gaaraas.com/electric_cars?_=1786646200315&button=&listing%5Bbrand_id%5D=&listing%5Bcar_type%5D=1&listing%5Bmaxprice%5D=160000001&listing%5Bminprice%5D=55309&page=5&utf8=%E2%9C%93","https://www.gaaraas.com/fr/vehicle_listings/annonce-kia-sportage-kolda-dabo-34107","Kia Sportage","2023","7 000 000","26 000 km","Manuelle","Dabo"
"1786659700-1896","https://www.gaaraas.com/electric_cars?_=1786646200315&button=&listing%5Bbrand_id%5D=&listing%5Bcar_type%5D=1&listing%5Bmaxprice%5D=160000001&listing%5Bminprice%5D=55309&page=5&utf8=%E2%9C%93","https://www.gaaraas.com/fr/vehicle_listings/annonce-ford-edge-dakar-dakar-34108","Ford Edge","2017","","111 821 km","Automatique","Dakar"
"1786659702-1897","https://www.gaaraas.com/electric_cars?_=1786646200315&button=&listing%5Bbrand_id%5D=&listing%5Bcar_type%5D=1&listing%5Bmaxprice%5D=160000001&listing%5Bminprice%5D=55309&page=5&utf8=%E2%9C%93","https://www.gaaraas.com/fr/vehicle_listings/annonce-volkswagen-type-3-dakar-dakar-34109","Volkswagen Type 3","2024","","59 000 km","Automatique","Dakar"
"1786659705-1898","https://www.gaaraas.com/electric_cars?_=1786646200315&button=&listing%5Bbrand_id%5D=&listing%5Bcar_type%5D=1&listing%5Bmaxprice%5D=160000001&listing%5Bminprice%5D=55309&page=5&utf8=%E2%9C%93","https://www.gaaraas.com/fr/vehicle_listings/annonce-citroen-c4-cactus-dakar-dakar-34110","Citroen C4 cactus","2016","","145 000 km","Automatique","Dakar"
"1786659708-1899","https://www.gaaraas.com/electric_cars?_=1786646200315&button=&listing%5Bbrand_id%5D=&listing%5Bcar_type%5D=1&listing%5Bmaxprice%5D=160000001&listing%5Bminprice%5D=55309&page=5&utf8=%E2%9C%93","https://www.gaaraas.com/fr/vehicle_listings/annonce-citroen-c4-cactus-dakar-dakar-34111","Citroen C4 Cactus","2016","","145 000 km","Automatique","Dakar"
"1786659711-1900","https://www.gaaraas.com/electric_cars?_=1786646200315&button=&listing%5Bbrand_id%5D=&listing%5Bcar_type%5D=1&listing%5Bmaxprice%5D=160000001&listing%5Bminprice%5D=55309&page=5&utf8=%E2%9C%93","https://www.gaaraas.com/fr/vehicle_listings/annonce-kia-sportage-kolda-dabo-34112","Kia Sportage","2025","7 000 000","12 500 km","Automatique","Dabo"
"1786659713-1901","https://www.gaaraas.com/electric_cars?_=1786646200315&button=&listing%5Bbrand_id%5D=&listing%5Bcar_type%5D=1&listing%5Bmaxprice%5D=160000001&listing%5Bminprice%5D=55309&page=5&utf8=%E2%9C%93","https://www.gaaraas.com/fr/vehicle_listings/annonce-citroen-c5-aircross-saint-louis-dagana-34113","Citroen C5 Aircross","2024","6 000 000","35 700 km","Manuelle","Dagana"
"1786659720-1902","https://www.gaaraas.com/electric_cars?_=1786646200315&button=&listing%5Bbrand_id%5D=&listing%5Bcar_type%5D=1&listing%5Bmaxprice%5D=160000001&listing%5Bminprice%5D=55309&page=5&utf8=%E2%9C%93","https://www.gaaraas.com/fr/vehicle_listings/annonce-hyundai-tucson-saint-louis-dagana-34114","Hyundai Tucson","2021","7 500 000","63 537 km","Manuelle","Dagana"
"1786659722-1903","https://www.gaaraas.com/electric_cars?_=1786646200315&button=&listing%5Bbrand_id%5D=&listing%5Bcar_type%5D=1&listing%5Bmaxprice%5D=160000001&listing%5Bminprice%5D=55309&page=5&utf8=%E2%9C%93","https://www.gaaraas.com/fr/vehicle_listings/annonce-mercedes-benz-c-class-dakar-dakar-34115","Mercedes‒Benz C–Class","2021","8 000 000","80 173 km","Automatique","Dakar"
"1786659725-1904","https://www.gaaraas.com/electric_cars?_=1786646200315&button=&listing%5Bbrand_id%5D=&listing%5Bcar_type%5D=1&listing%5Bmaxprice%5D=160000001&listing%5Bminprice%5D=55309&page=5&utf8=%E2%9C%93","https://www.gaaraas.com/fr/vehicle_listings/annonce-honda-hr-v-kolda-dabo-34116","Honda HR–V","2018","5 000 000","75 302 km","Manuelle","Dabo"
"1786659733-1905","https://www.gaaraas.com/electric_cars?_=1786646200315&button=&listing%5Bbrand_id%5D=&listing%5Bcar_type%5D=1&listing%5Bmaxprice%5D=160000001&listing%5Bminprice%5D=55309&page=4&utf8=%E2%9C%93","https://www.gaaraas.com/fr/vehicle_listings/annonce-alfaromeo-giulietta-tambacounda-bakel-34117","Alfaromeo Giulietta","1990","58 207","0 km","Manuelle","Bakel"
"1786659736-1906","https://www.gaaraas.com/electric_cars?_=1786646200315&button=&listing%5Bbrand_id%5D=&listing%5Bcar_type%5D=1&listing%5Bmaxprice%5D=160000001&listing%5Bminprice%5D=55309&page=4&utf8=%E2%9C%93","https://www.gaaraas.com/fr/vehicle_listings/annonce-jaguar-s-type-kolda-dabo-34118","Jaguar S–Type","1990","58 207","0 km","Manuelle","Dabo"
"1786659738-1907","https://www.gaaraas.com/electric_cars?_=1786646200315&button=&listing%5Bbrand_id%5D=&listing%5Bcar_type%5D=1&listing%5Bmaxprice%5D=160000001&listing%5Bminprice%5D=55309&page=4&utf8=%E2%9C%93","https://www.gaaraas.com/fr/vehicle_listings/annonce-triumph-tr4-diourbel-import-dubai-34119","Triumph TR4","1990","","0 km","Manuelle","Import - Dubai"
"1786659741-1908","https://www.gaaraas.com/electric_cars?_=1786646200315&button=&listing%5Bbrand_id%5D=&listing%5Bcar_type%5D=1&listing%5Bmaxprice%5D=160000001&listing%5Bminprice%5D=55309&page=4&utf8=%E2%9C%93","https://www.gaaraas.com/fr/vehicle_listings/annonce-rolls-royce-silver-cloud-kolda-marsassoum-34120","Rolls-Royce Silver Cloud","1990","58 207","130 000 km","Manuelle","Marsassoum"
"1786659743-1909","https://www.gaaraas.com/electric_cars?_=1786646200315&button=&listing%5Bbrand_id%5D=&listing%5Bcar_type%5D=1&listing%5Bmaxprice%5D=160000001&listing%5Bminprice%5D=55309&page=4&utf8=%E2%9C%93","https://www.gaaraas.com/fr/vehicle_listings/annonce-datsun-240z-matam-kaedi-34121","Datsun 240Z","1990","58 207","0 km","Manuelle","Kaédi"
"1786659747-1910","https://www.gaaraas.com/electric_cars?_=1786646200315&button=&listing%5Bbrand_id%5D=&listing%5Bcar_type%5D=1&listing%5Bmaxprice%5D=160000001&listing%5Bminprice%5D=55309&page=4&utf8=%E2%9C%93","https://www.gaaraas.com/fr/vehicle_listings/annonce-mitsubishi-l200-kolda-dabo-34122","Mitsubishi L200","2022","9 000 000","59 000 km","Manuelle","Dabo"
"1786659750-1911","https://www.gaaraas.com/electric_cars?_=1786646200315&button=&listing%5Bbrand_id%5D=&listing%5Bcar_type%5D=1&listing%5Bmaxprice%5D=160000001&listing%5Bminprice%5D=55309&page=4&utf8=%E2%9C%93","https://www.gaaraas.com/fr/vehicle_listings/annonce-mitsubishi-l200-kolda-dabo-34123","Mitsubishi L200","2021","12 000 000","25 000 km","Manuelle","Dabo"
"1786659753-1912","https://www.gaaraas.com/electric_cars?_=1786646200315&button=&listing%5Bbrand_id%5D=&listing%5Bcar_type%5D=1&listing%5Bmaxprice%5D=160000001&listing%5Bminprice%5D=55309&page=4&utf8=%E2%9C%93","https://www.gaaraas.com/fr/vehicle_listings/annonce-ford-kuga-kolda-dabo-34124","Ford Kuga","2018","6 000 000","55 000 km","Manuelle","Dabo"
"1786659757-1913","https://www.gaaraas.com/electric_cars?_=1786646200315&button=&listing%5Bbrand_id%5D=&listing%5Bcar_type%5D=1&listing%5Bmaxprice%5D=160000001&listing%5Bminprice%5D=55309&page=4&utf8=%E2%9C%93","https://www.gaaraas.com/fr/vehicle_listings/annonce-nissan-navara-dakar-dakar-34125","Nissan Navara","2017","8 000 000","120 000 km","Automatique","Dakar"
"1786659760-1914","https://www.gaaraas.com/electric_cars?_=1786646200315&button=&listing%5Bbrand_id%5D=&listing%5Bcar_type%5D=1&listing%5Bmaxprice%5D=160000001&listing%5Bminprice%5D=55309&page=4&utf8=%E2%9C%93","https://www.gaaraas.com/fr/vehicle_listings/annonce-toyota-rav-4-dakar-dakar-34126","Toyota Rav 4","2020","7 000 000","80 693 km","Automatique","Dakar"
"1786659770-1915","https://www.gaaraas.com/electric_cars?_=1786646200315&button=&listing%5Bbrand_id%5D=&listing%5Bcar_type%5D=1&listing%5Bmaxprice%5D=160000001&listing%5Bminprice%5D=55309&page=4&utf8=%E2%9C%93","https://www.gaaraas.com/fr/vehicle_listings/annonce-nissan-patrol-dakar-import-dubai-34127","Nissan Patrol","Noir","","2026","Automatique","Import - Dubai"
"1786659774-1916","https://www.gaaraas.com/electric_cars?_=1786646200315&button=&listing%5Bbrand_id%5D=&listing%5Bcar_type%5D=1&listing%5Bmaxprice%5D=160000001&listing%5Bminprice%5D=55309&page=4&utf8=%E2%9C%93","https://www.gaaraas.com/fr/vehicle_listings/annonce-hyundai-elantra-dakar-dakar-34128","Hyundai Elantra","2017","","123 000 km","Automatique","Dakar"
"1786659777-1917","https://www.gaaraas.com/electric_cars?_=1786646200315&button=&listing%5Bbrand_id%5D=&listing%5Bcar_type%5D=1&listing%5Bmaxprice%5D=160000001&listing%5Bminprice%5D=55309&page=4&utf8=%E2%9C%93","https://www.gaaraas.com/fr/vehicle_listings/annonce-citroen-c3-picasso-dakar-dakar-34129","Citroen C3 Picasso","2016","","325 000 km","Manuelle","Dakar"
"1786659779-1918","https://www.gaaraas.com/electric_cars?_=1786646200315&button=&listing%5Bbrand_id%5D=&listing%5Bcar_type%5D=1&listing%5Bmaxprice%5D=160000001&listing%5Bminprice%5D=55309&page=4&utf8=%E2%9C%93","https://www.gaaraas.com/fr/vehicle_listings/annonce-hyundai-santa-fe-dakar-dakar-34130","Hyundai Santa Fe","2018","9 500 000","0 km","Automatique","Dakar"
"1786659782-1919","https://www.gaaraas.com/electric_cars?_=1786646200315&button=&listing%5Bbrand_id%5D=&listing%5Bcar_type%5D=1&listing%5Bmaxprice%5D=160000001&listing%5Bminprice%5D=55309&page=4&utf8=%E2%9C%93","https://www.gaaraas.com/fr/vehicle_listings/annonce-citroen-c5-dakar-dakar-34131","Citroen C5","Noir","2 700 000","2013","Manuelle","Dakar"
"1786659785-1920","https://www.gaaraas.com/electric_cars?_=1786646200315&button=&listing%5Bbrand_id%5D=&listing%5Bcar_type%5D=1&listing%5Bmaxprice%5D=160000001&listing%5Bminprice%5D=55309&page=4&utf8=%E2%9C%93","https://www.gaaraas.com/fr/vehicle_listings/annonce-hyundai-tucson-dakar-dakar-34132","Hyundai Tucson","2017","","75 000 km","Automatique","Dakar"
"1786659787-1921","https://www.gaaraas.com/electric_cars?_=1786646200315&button=&listing%5Bbrand_id%5D=&listing%5Bcar_type%5D=1&listing%5Bmaxprice%5D=160000001&listing%5Bminprice%5D=55309&page=4&utf8=%E2%9C%93","https://www.gaaraas.com/fr/vehicle_listings/annonce-ford-edge-dakar-dakar-34133","Ford Edge","2018","","77 594 km","Automatique","Dakar"
"1786659789-1922","https://www.gaaraas.com/electric_cars?_=1786646200315&button=&listing%5Bbrand_id%5D=&listing%5Bcar_type%5D=1&listing%5Bmaxprice%5D=160000001&listing%5Bminprice%5D=55309&page=4&utf8=%E2%9C%93","https://www.gaaraas.com/fr/vehicle_listings/annonce-hyundai-tucson-ziguinchor-bignona-34135","Hyundai Tucson","2023","7 000 000","62 758 km","Automatique","Bignona"
"1786659794-1923","https://www.gaaraas.com/electric_cars?_=1786646200315&button=&listing%5Bbrand_id%5D=&listing%5Bcar_type%5D=1&listing%5Bmaxprice%5D=160000001&listing%5Bminprice%5D=55309&page=4&utf8=%E2%9C%93","https://www.gaaraas.com/fr/vehicle_listings/annonce-kia-sportage-dakar-dakar-34136","Kia Sportage","2021","6 000 000","88 246 km","Manuelle","Dakar"
"1786659796-1924","https://www.gaaraas.com/electric_cars?_=1786646200315&button=&listing%5Bbrand_id%5D=&listing%5Bcar_type%5D=1&listing%5Bmaxprice%5D=160000001&listing%5Bminprice%5D=55309&page=4&utf8=%E2%9C%93","https://www.gaaraas.com/fr/vehicle_listings/annonce-ford-ranger-dakar-dakar-34137","Ford Ranger","2019","9 000 000","42 000 km","Manuelle","Dakar"
"1786659802-1925","https://www.gaaraas.com/electric_cars?_=1786646200315&button=&listing%5Bbrand_id%5D=&listing%5Bcar_type%5D=1&listing%5Bmaxprice%5D=160000001&listing%5Bminprice%5D=55309&page=3&utf8=%E2%9C%93","https://www.gaaraas.com/fr/vehicle_listings/annonce-jaguar-f-pace-dakar-dakar-34138","Jaguar F-Pace","2017","","71 400 km","Automatique","Dakar"
"1786659805-1926","https://www.gaaraas.com/electric_cars?_=1786646200315&button=&listing%5Bbrand_id%5D=&listing%5Bcar_type%5D=1&listing%5Bmaxprice%5D=160000001&listing%5Bminprice%5D=55309&page=3&utf8=%E2%9C%93","https://www.gaaraas.com/fr/vehicle_listings/annonce-hyundai-tucson-dakar-dakar-34139","Hyundai Tucson","2017","","75 000 km","Automatique","Dakar"
"1786659808-1927","https://www.gaaraas.com/electric_cars?_=1786646200315&button=&listing%5Bbrand_id%5D=&listing%5Bcar_type%5D=1&listing%5Bmaxprice%5D=160000001&listing%5Bminprice%5D=55309&page=3&utf8=%E2%9C%93","https://www.gaaraas.com/fr/vehicle_listings/annonce-ford-edge-dakar-dakar-34140","Ford Edge","2016","","120 000 km","Automatique","Dakar"
"1786659811-1928","https://www.gaaraas.com/electric_cars?_=1786646200315&button=&listing%5Bbrand_id%5D=&listing%5Bcar_type%5D=1&listing%5Bmaxprice%5D=160000001&listing%5Bminprice%5D=55309&page=3&utf8=%E2%9C%93","https://www.gaaraas.com/fr/vehicle_listings/annonce-kia-sportage-dakar-dakar-34141","Kia Sportage","2018","","97 000 km","Automatique","Dakar"
"1786659813-1929","https://www.gaaraas.com/electric_cars?_=1786646200315&button=&listing%5Bbrand_id%5D=&listing%5Bcar_type%5D=1&listing%5Bmaxprice%5D=160000001&listing%5Bminprice%5D=55309&page=3&utf8=%E2%9C%93","https://www.gaaraas.com/fr/vehicle_listings/annonce-bmw-x5-dakar-dakar-34142","BMW X5","2020","","75 000 km","Automatique","Dakar"
"1786659817-1930","https://www.gaaraas.com/electric_cars?_=1786646200315&button=&listing%5Bbrand_id%5D=&listing%5Bcar_type%5D=1&listing%5Bmaxprice%5D=160000001&listing%5Bminprice%5D=55309&page=3&utf8=%E2%9C%93","https://www.gaaraas.com/fr/vehicle_listings/annonce-hyundai-santa-fe-dakar-dakar-34143","Hyundai Santa Fe","2017","","130 000 km","Automatique","Dakar"
"1786659821-1931","https://www.gaaraas.com/electric_cars?_=1786646200315&button=&listing%5Bbrand_id%5D=&listing%5Bcar_type%5D=1&listing%5Bmaxprice%5D=160000001&listing%5Bminprice%5D=55309&page=3&utf8=%E2%9C%93","https://www.gaaraas.com/fr/vehicle_listings/annonce-bmw-x5-dakar-dakar-34144","BMW X5","2017","","14 000 km","Automatique","Dakar"
"1786659824-1932","https://www.gaaraas.com/electric_cars?_=1786646200315&button=&listing%5Bbrand_id%5D=&listing%5Bcar_type%5D=1&listing%5Bmaxprice%5D=160000001&listing%5Bminprice%5D=55309&page=3&utf8=%E2%9C%93","https://www.gaaraas.com/fr/vehicle_listings/annonce-bmw-x3-dakar-dakar-34145","BMW X3","2017","","120 000 km","Automatique","Dakar"
"1786659827-1933","https://www.gaaraas.com/electric_cars?_=1786646200315&button=&listing%5Bbrand_id%5D=&listing%5Bcar_type%5D=1&listing%5Bmaxprice%5D=160000001&listing%5Bminprice%5D=55309&page=3&utf8=%E2%9C%93","https://www.gaaraas.com/fr/vehicle_listings/annonce-renault-captur-dakar-dakar-34146","Renault Captur","2018","","82 113 km","Automatique","Dakar"
"1786659830-1934","https://www.gaaraas.com/electric_cars?_=1786646200315&button=&listing%5Bbrand_id%5D=&listing%5Bcar_type%5D=1&listing%5Bmaxprice%5D=160000001&listing%5Bminprice%5D=55309&page=3&utf8=%E2%9C%93","https://www.gaaraas.com/fr/vehicle_listings/annonce-hyundai-tucson-dakar-dakar-34147","Hyundai Tucson","2017","","120 000 km","Automatique","Dakar"
"1786659834-1935","https://www.gaaraas.com/electric_cars?_=1786646200315&button=&listing%5Bbrand_id%5D=&listing%5Bcar_type%5D=1&listing%5Bmaxprice%5D=160000001&listing%5Bminprice%5D=55309&page=3&utf8=%E2%9C%93","https://www.gaaraas.com/fr/vehicle_listings/annonce-ford-ranger-kolda-dabo-34148","Ford Ranger","2019","12 000 000","49 000 km","Manuelle","Dabo"
"1786659837-1936","https://www.gaaraas.com/electric_cars?_=1786646200315&button=&listing%5Bbrand_id%5D=&listing%5Bcar_type%5D=1&listing%5Bmaxprice%5D=160000001&listing%5Bminprice%5D=55309&page=3&utf8=%E2%9C%93","https://www.gaaraas.com/fr/vehicle_listings/annonce-ford-ranger-kolda-dabo-34149","Ford Ranger","2023","13 000 000","30 562 km","Manuelle","Dabo"
"1786659845-1937","https://www.gaaraas.com/electric_cars?_=1786646200315&button=&listing%5Bbrand_id%5D=&listing%5Bcar_type%5D=1&listing%5Bmaxprice%5D=160000001&listing%5Bminprice%5D=55309&page=3&utf8=%E2%9C%93","https://www.gaaraas.com/fr/vehicle_listings/annonce-ford-ranger-kolda-dabo-34150","Ford Ranger","2022","13 000 000","49 631 km","Automatique","Dabo"
"1786659849-1938","https://www.gaaraas.com/electric_cars?_=1786646200315&button=&listing%5Bbrand_id%5D=&listing%5Bcar_type%5D=1&listing%5Bmaxprice%5D=160000001&listing%5Bminprice%5D=55309&page=3&utf8=%E2%9C%93","https://www.gaaraas.com/fr/vehicle_listings/annonce-byd-atto3-dakar-dakar-34151","BYD Atto3","2022","","61 000 km","Automatique","Dakar"
"1786659853-1939","https://www.gaaraas.com/electric_cars?_=1786646200315&button=&listing%5Bbrand_id%5D=&listing%5Bcar_type%5D=1&listing%5Bmaxprice%5D=160000001&listing%5Bminprice%5D=55309&page=3&utf8=%E2%9C%93","https://www.gaaraas.com/fr/vehicle_listings/annonce-jaguar-f-pace-kolda-dabo-34153","Jaguar F-Pace","2022","10 000 000","68 369 km","Automatique","Dabo"
"1786659856-1940","https://www.gaaraas.com/electric_cars?_=1786646200315&button=&listing%5Bbrand_id%5D=&listing%5Bcar_type%5D=1&listing%5Bmaxprice%5D=160000001&listing%5Bminprice%5D=55309&page=3&utf8=%E2%9C%93","https://www.gaaraas.com/fr/vehicle_listings/annonce-jaguar-e-pace-dakar-dakar-34154","Jaguar E-Pace","2023","9 000 000","21 000 km","Automatique","Dakar"
"1786659858-1941","https://www.gaaraas.com/electric_cars?_=1786646200315&button=&listing%5Bbrand_id%5D=&listing%5Bcar_type%5D=1&listing%5Bmaxprice%5D=160000001&listing%5Bminprice%5D=55309&page=3&utf8=%E2%9C%93","https://www.gaaraas.com/fr/vehicle_listings/annonce-hyundai-elantra-dakar-dakar-34155","Hyundai Elantra","2015","3 300 000","120 000 km","Automatique","Dakar"
"1786659861-1942","https://www.gaaraas.com/electric_cars?_=1786646200315&button=&listing%5Bbrand_id%5D=&listing%5Bcar_type%5D=1&listing%5Bmaxprice%5D=160000001&listing%5Bminprice%5D=55309&page=3&utf8=%E2%9C%93","https://www.gaaraas.com/fr/vehicle_listings/annonce-renault-qm3-dakar-dakar-34156","Renault Qm3","2017","6 500 000","112 000 km","Automatique","Dakar"
"1786659863-1943","https://www.gaaraas.com/electric_cars?_=1786646200315&button=&listing%5Bbrand_id%5D=&listing%5Bcar_type%5D=1&listing%5Bmaxprice%5D=160000001&listing%5Bminprice%5D=55309&page=3&utf8=%E2%9C%93","https://www.gaaraas.com/fr/vehicle_listings/annonce-bmw-3-series-dakar-dakar-34157","BMW 3–Series","2016","","0 km","Automatique","Dakar"
"1786659867-1944","https://www.gaaraas.com/electric_cars?_=1786646200315&button=&listing%5Bbrand_id%5D=&listing%5Bcar_type%5D=1&listing%5Bmaxprice%5D=160000001&listing%5Bminprice%5D=55309&page=3&utf8=%E2%9C%93","https://www.gaaraas.com/fr/vehicle_listings/annonce-bmw-x5-m-dakar-dakar-34158","BMW X5 M","2017","","179 000 km","Automatique","Dakar"
"1786659873-1945","https://www.gaaraas.com/electric_cars?_=1786646200315&button=&listing%5Bbrand_id%5D=&listing%5Bcar_type%5D=1&listing%5Bmaxprice%5D=160000001&listing%5Bminprice%5D=55309&page=2&utf8=%E2%9C%93","https://www.gaaraas.com/fr/vehicle_listings/annonce-renault-qm3-dakar-dakar-34159","Renault Qm3","2016","6 500 000","97 128 km","Automatique","Dakar"
"1786659875-1946","https://www.gaaraas.com/electric_cars?_=1786646200315&button=&listing%5Bbrand_id%5D=&listing%5Bcar_type%5D=1&listing%5Bmaxprice%5D=160000001&listing%5Bminprice%5D=55309&page=2&utf8=%E2%9C%93","https://www.gaaraas.com/fr/vehicle_listings/annonce-renault-samsung-sm6-dakar-dakar-34160","Renault Samsung Sm6","2019","6 500 000","61 940 km","Automatique","Dakar"
"1786659878-1947","https://www.gaaraas.com/electric_cars?_=1786646200315&button=&listing%5Bbrand_id%5D=&listing%5Bcar_type%5D=1&listing%5Bmaxprice%5D=160000001&listing%5Bminprice%5D=55309&page=2&utf8=%E2%9C%93","https://www.gaaraas.com/fr/vehicle_listings/annonce-renault-qm3-dakar-dakar-34161","Renault Qm3","2016","6 500 000","89 360 km","Automatique","Dakar"
"1786659881-1948","https://www.gaaraas.com/electric_cars?_=1786646200315&button=&listing%5Bbrand_id%5D=&listing%5Bcar_type%5D=1&listing%5Bmaxprice%5D=160000001&listing%5Bminprice%5D=55309&page=2&utf8=%E2%9C%93","https://www.gaaraas.com/fr/vehicle_listings/annonce-mercedes-benz-viano-thies-mbour-34162","Mercedes‒Benz Viano","2009","","165 000 km","Manuelle","Mbour"
"1786659884-1949","https://www.gaaraas.com/electric_cars?_=1786646200315&button=&listing%5Bbrand_id%5D=&listing%5Bcar_type%5D=1&listing%5Bmaxprice%5D=160000001&listing%5Bminprice%5D=55309&page=2&utf8=%E2%9C%93","https://www.gaaraas.com/fr/vehicle_listings/annonce-bmw-x2-dakar-dakar-34164","BMW X2","2019","","89 000 km","Automatique","Dakar"
"1786659887-1950","https://www.gaaraas.com/electric_cars?_=1786646200315&button=&listing%5Bbrand_id%5D=&listing%5Bcar_type%5D=1&listing%5Bmaxprice%5D=160000001&listing%5Bminprice%5D=55309&page=2&utf8=%E2%9C%93","https://www.gaaraas.com/fr/vehicle_listings/annonce-ford-fusion-dakar-dakar-34166","Ford Fusion","2014","","130 000 km","Automatique","Dakar"
"1786659890-1951","https://www.gaaraas.com/electric_cars?_=1786646200315&button=&listing%5Bbrand_id%5D=&listing%5Bcar_type%5D=1&listing%5Bmaxprice%5D=160000001&listing%5Bminprice%5D=55309&page=2&utf8=%E2%9C%93","https://www.gaaraas.com/fr/vehicle_listings/annonce-ford-taunus-dakar-dakar-34167","Ford Taunus","Autre","19 000 000","2009","Manuelle","Dakar"
"1786659892-1952","https://www.gaaraas.com/electric_cars?_=1786646200315&button=&listing%5Bbrand_id%5D=&listing%5Bcar_type%5D=1&listing%5Bmaxprice%5D=160000001&listing%5Bminprice%5D=55309&page=2&utf8=%E2%9C%93","https://www.gaaraas.com/fr/vehicle_listings/annonce-hyundai-elantra-dakar-dakar-34168","Hyundai Elantra","Autre","5 450 000","2019","Manuelle","Dakar"
"1786659895-1953","https://www.gaaraas.com/electric_cars?_=1786646200315&button=&listing%5Bbrand_id%5D=&listing%5Bcar_type%5D=1&listing%5Bmaxprice%5D=160000001&listing%5Bminprice%5D=55309&page=2&utf8=%E2%9C%93","https://www.gaaraas.com/fr/vehicle_listings/annonce-toyota-corolla-dakar-dakar-34169","Toyota Corolla","Autre","5 500 000","2016","Manuelle","Dakar"
"1786659897-1954","https://www.gaaraas.com/electric_cars?_=1786646200315&button=&listing%5Bbrand_id%5D=&listing%5Bcar_type%5D=1&listing%5Bmaxprice%5D=160000001&listing%5Bminprice%5D=55309&page=2&utf8=%E2%9C%93","https://www.gaaraas.com/fr/vehicle_listings/annonce-dodge-dart-dakar-dakar-34170","Dodge Dart","Autre","2 450 000","2019","Automatique","Dakar"
"1786659900-1955","https://www.gaaraas.com/electric_cars?_=1786646200315&button=&listing%5Bbrand_id%5D=&listing%5Bcar_type%5D=1&listing%5Bmaxprice%5D=160000001&listing%5Bminprice%5D=55309&page=2&utf8=%E2%9C%93","https://www.gaaraas.com/fr/vehicle_listings/annonce-kia-sportage-dakar-dakar-34171","Kia Sportage","Autre","5 950 000","2016","Manuelle","Dakar"
"1786659903-1956","https://www.gaaraas.com/electric_cars?_=1786646200315&button=&listing%5Bbrand_id%5D=&listing%5Bcar_type%5D=1&listing%5Bmaxprice%5D=160000001&listing%5Bminprice%5D=55309&page=2&utf8=%E2%9C%93","https://www.gaaraas.com/fr/vehicle_listings/annonce-kia-sportage-dakar-dakar-34172","Kia Sportage","Autre","5 950 000","2016","Manuelle","Dakar"
"1786659905-1957","https://www.gaaraas.com/electric_cars?_=1786646200315&button=&listing%5Bbrand_id%5D=&listing%5Bcar_type%5D=1&listing%5Bmaxprice%5D=160000001&listing%5Bminprice%5D=55309&page=2&utf8=%E2%9C%93","https://www.gaaraas.com/fr/vehicle_listings/annonce-peugeot-304-dakar-dakar-34173","Peugeot 304","Autre","4 700 000","2017","Manuelle","Dakar"
"1786659908-1958","https://www.gaaraas.com/electric_cars?_=1786646200315&button=&listing%5Bbrand_id%5D=&listing%5Bcar_type%5D=1&listing%5Bmaxprice%5D=160000001&listing%5Bminprice%5D=55309&page=2&utf8=%E2%9C%93","https://www.gaaraas.com/fr/vehicle_listings/annonce-jaguar-f-pace-dakar-dakar-34174","Jaguar F-Pace","Autre","","2018","Manuelle","Dakar"
"1786659911-1959","https://www.gaaraas.com/electric_cars?_=1786646200315&button=&listing%5Bbrand_id%5D=&listing%5Bcar_type%5D=1&listing%5Bmaxprice%5D=160000001&listing%5Bminprice%5D=55309&page=2&utf8=%E2%9C%93","https://www.gaaraas.com/fr/vehicle_listings/annonce-kia-sportage-dakar-dakar-34175","Kia Sportage","Autre","","2016","Manuelle","Dakar"
"1786659913-1960","https://www.gaaraas.com/electric_cars?_=1786646200315&button=&listing%5Bbrand_id%5D=&listing%5Bcar_type%5D=1&listing%5Bmaxprice%5D=160000001&listing%5Bminprice%5D=55309&page=2&utf8=%E2%9C%93","https://www.gaaraas.com/fr/vehicle_listings/annonce-opel-astra-dakar-dakar-34176","Opel Astra","Autre","","2016","Manuelle","Dakar"
"1786659916-1961","https://www.gaaraas.com/electric_cars?_=1786646200315&button=&listing%5Bbrand_id%5D=&listing%5Bcar_type%5D=1&listing%5Bmaxprice%5D=160000001&listing%5Bminprice%5D=55309&page=2&utf8=%E2%9C%93","https://www.gaaraas.com/fr/vehicle_listings/annonce-kia-sportage-dakar-dakar-34177","Kia Sportage","Autre","5 320 000","2016","Manuelle","Dakar"
"1786659919-1962","https://www.gaaraas.com/electric_cars?_=1786646200315&button=&listing%5Bbrand_id%5D=&listing%5Bcar_type%5D=1&listing%5Bmaxprice%5D=160000001&listing%5Bminprice%5D=55309&page=2&utf8=%E2%9C%93","https://www.gaaraas.com/fr/vehicle_listings/annonce-kia-k7-dakar-dakar-34178","Kia K7","Autre","6 453 000","2007","Manuelle","Dakar"
"1786659921-1963","https://www.gaaraas.com/electric_cars?_=1786646200315&button=&listing%5Bbrand_id%5D=&listing%5Bcar_type%5D=1&listing%5Bmaxprice%5D=160000001&listing%5Bminprice%5D=55309&page=2&utf8=%E2%9C%93","https://www.gaaraas.com/fr/vehicle_listings/annonce-hyundai-tucson-dakar-dakar-34179","Hyundai Tucson","Autre","6 740 000","2017","Manuelle","Dakar"
"1786659924-1964","https://www.gaaraas.com/electric_cars?_=1786646200315&button=&listing%5Bbrand_id%5D=&listing%5Bcar_type%5D=1&listing%5Bmaxprice%5D=160000001&listing%5Bminprice%5D=55309&page=2&utf8=%E2%9C%93","https://www.gaaraas.com/fr/vehicle_listings/annonce-hyundai-santa-fe-dakar-dakar-34180","Hyundai Santa Fe","Autre","4 700 000","2013","Manuelle","Dakar"
"1786659930-1965","https://www.gaaraas.com/electric_cars?_=1786646200315&button=&listing%5Bbrand_id%5D=&listing%5Bcar_type%5D=1&listing%5Bmaxprice%5D=160000001&listing%5Bminprice%5D=55309&page=1&utf8=%E2%9C%93","https://www.gaaraas.com/fr/vehicle_listings/annonce-dodge-dart-dakar-dakar-34181","Dodge Dart","Autre","2 200 000","2014","Manuelle","Dakar"
"1786659933-1966","https://www.gaaraas.com/electric_cars?_=1786646200315&button=&listing%5Bbrand_id%5D=&listing%5Bcar_type%5D=1&listing%5Bmaxprice%5D=160000001&listing%5Bminprice%5D=55309&page=1&utf8=%E2%9C%93","https://www.gaaraas.com/fr/vehicle_listings/annonce-renault-qm6-dakar-dakar-34182","Renault Qm6","2016","9 500 000","153 666 km","Automatique","Dakar"
"1786659938-1967","https://www.gaaraas.com/electric_cars?_=1786646200315&button=&listing%5Bbrand_id%5D=&listing%5Bcar_type%5D=1&listing%5Bmaxprice%5D=160000001&listing%5Bminprice%5D=55309&page=1&utf8=%E2%9C%93","https://www.gaaraas.com/fr/vehicle_listings/annonce-ford-ranger-kolda-dabo-34183","Ford Ranger","Gris","12 000 000","2022","Automatique","Dabo"
"1786659942-1968","https://www.gaaraas.com/electric_cars?_=1786646200315&button=&listing%5Bbrand_id%5D=&listing%5Bcar_type%5D=1&listing%5Bmaxprice%5D=160000001&listing%5Bminprice%5D=55309&page=1&utf8=%E2%9C%93","https://www.gaaraas.com/fr/vehicle_listings/annonce-bmw-x3-kolda-dabo-34184","BMW X3","2020","12 000 000","62 600 km","Automatique","Dabo"
"1786659945-1969","https://www.gaaraas.com/electric_cars?_=1786646200315&button=&listing%5Bbrand_id%5D=&listing%5Bcar_type%5D=1&listing%5Bmaxprice%5D=160000001&listing%5Bminprice%5D=55309&page=1&utf8=%E2%9C%93","https://www.gaaraas.com/fr/vehicle_listings/annonce-jeep-renegade-dakar-dakar-34185","Jeep Renegade","2019","5 000 000","75 600 km","Manuelle","Dakar"
"1786659948-1970","https://www.gaaraas.com/electric_cars?_=1786646200315&button=&listing%5Bbrand_id%5D=&listing%5Bcar_type%5D=1&listing%5Bmaxprice%5D=160000001&listing%5Bminprice%5D=55309&page=1&utf8=%E2%9C%93","https://www.gaaraas.com/fr/vehicle_listings/annonce-jeep-renegade-kolda-dabo-34186","Jeep Renegade","2020","6 000 000","74 000 km","Manuelle","Dabo"
"1786659952-1971","https://www.gaaraas.com/electric_cars?_=1786646200315&button=&listing%5Bbrand_id%5D=&listing%5Bcar_type%5D=1&listing%5Bmaxprice%5D=160000001&listing%5Bminprice%5D=55309&page=1&utf8=%E2%9C%93","https://www.gaaraas.com/fr/vehicle_listings/annonce-hyundai-tucson-dakar-dakar-34187","Hyundai Tucson","2023","7 000 000","45 800 km","Automatique","Dakar"
"1786659965-1972","https://www.gaaraas.com/electric_cars?_=1786646200315&button=&listing%5Bbrand_id%5D=&listing%5Bcar_type%5D=1&listing%5Bmaxprice%5D=160000001&listing%5Bminprice%5D=55309&page=1&utf8=%E2%9C%93","https://www.gaaraas.com/fr/vehicle_listings/annonce-mercedes-benz-cla-klasse-dakar-dakar-34188","Mercedes‒Benz CLA-klasse","2020","8 000 000","86 000 km","Manuelle","Dakar"
"1786659973-1973","https://www.gaaraas.com/electric_cars?_=1786646200315&button=&listing%5Bbrand_id%5D=&listing%5Bcar_type%5D=1&listing%5Bmaxprice%5D=160000001&listing%5Bminprice%5D=55309&page=1&utf8=%E2%9C%93","https://www.gaaraas.com/fr/vehicle_listings/annonce-jeep-cherokee-dakar-dakar-34189","Jeep Cherokee","2017","","65 000 km","Automatique","Dakar"
"1786659975-1974","https://www.gaaraas.com/electric_cars?_=1786646200315&button=&listing%5Bbrand_id%5D=&listing%5Bcar_type%5D=1&listing%5Bmaxprice%5D=160000001&listing%5Bminprice%5D=55309&page=1&utf8=%E2%9C%93","https://www.gaaraas.com/fr/vehicle_listings/annonce-kia-sportage-dakar-dakar-34190","Kia Sportage","2017","9 800 000","102 000 km","Automatique","Dakar"
"1786659981-1975","https://www.gaaraas.com/electric_cars?_=1786646200315&button=&listing%5Bbrand_id%5D=&listing%5Bcar_type%5D=1&listing%5Bmaxprice%5D=160000001&listing%5Bminprice%5D=55309&page=1&utf8=%E2%9C%93","https://www.gaaraas.com/fr/vehicle_listings/annonce-peugeot-308-gti-dakar-dakar-34191","Peugeot 308 GTi","2016","","100 000 km","Automatique","Dakar"
"1786659983-1976","https://www.gaaraas.com/electric_cars?_=1786646200315&button=&listing%5Bbrand_id%5D=&listing%5Bcar_type%5D=1&listing%5Bmaxprice%5D=160000001&listing%5Bminprice%5D=55309&page=1&utf8=%E2%9C%93","https://www.gaaraas.com/fr/vehicle_listings/annonce-hyundai-tucson-kolda-dabo-34192","Hyundai Tucson","2022","7 000 000","56 836 km","Manuelle","Dabo"
"1786659989-1977","https://www.gaaraas.com/electric_cars?_=1786646200315&button=&listing%5Bbrand_id%5D=&listing%5Bcar_type%5D=1&listing%5Bmaxprice%5D=160000001&listing%5Bminprice%5D=55309&page=1&utf8=%E2%9C%93","https://www.gaaraas.com/fr/vehicle_listings/annonce-hyundai-tucson-dakar-dakar-34193","Hyundai Tucson","2022","8 000 000","52 498 km","Automatique","Dakar"
"1786659992-1978","https://www.gaaraas.com/electric_cars?_=1786646200315&button=&listing%5Bbrand_id%5D=&listing%5Bcar_type%5D=1&listing%5Bmaxprice%5D=160000001&listing%5Bminprice%5D=55309&page=1&utf8=%E2%9C%93","https://www.gaaraas.com/fr/vehicle_listings/annonce-toyota-c-hr-dakar-dakar-34194","Toyota C-HR","2021","7 000 000","61 300 km","Automatique","Dakar"
"1786659994-1979","https://www.gaaraas.com/electric_cars?_=1786646200315&button=&listing%5Bbrand_id%5D=&listing%5Bcar_type%5D=1&listing%5Bmaxprice%5D=160000001&listing%5Bminprice%5D=55309&page=1&utf8=%E2%9C%93","https://www.gaaraas.com/fr/vehicle_listings/annonce-nissan-qashqai-dakar-dakar-34195","Nissan Qashqai","2018","","113 000 km","Automatique","Dakar"
"1786659997-1980","https://www.gaaraas.com/electric_cars?_=1786646200315&button=&listing%5Bbrand_id%5D=&listing%5Bcar_type%5D=1&listing%5Bmaxprice%5D=160000001&listing%5Bminprice%5D=55309&page=1&utf8=%E2%9C%93","https://www.gaaraas.com/fr/vehicle_listings/annonce-jeep-patriot-dakar-rufisque-34196","Jeep Patriot","2012","","130 000 km","Automatique","Rufisque"
"1786660007-1981","https://www.gaaraas.com/electric_cars?_=1786646200315&button=&listing%5Bbrand_id%5D=&listing%5Bcar_type%5D=1&listing%5Bmaxprice%5D=160000001&listing%5Bminprice%5D=55309&page=1&utf8=%E2%9C%93","https://www.gaaraas.com/fr/vehicle_listings/annonce-hyundai-tucson-dakar-dakar-34197","Hyundai Tucson","2024","7 000 000","19 000 km","Manuelle","Dakar"
"1786660013-1982","https://www.gaaraas.com/electric_cars?_=1786646200315&button=&listing%5Bbrand_id%5D=&listing%5Bcar_type%5D=1&listing%5Bmaxprice%5D=160000001&listing%5Bminprice%5D=55309&page=1&utf8=%E2%9C%93","https://www.gaaraas.com/fr/vehicle_listings/annonce-mercedes-benz-g-klasse-amg-dakar-dakar-34198","Mercedes‒Benz G-klasse AMG","2022","12 000 000","79 000 km","Automatique","Dakar"
"1786660017-1983","https://www.gaaraas.com/electric_cars?_=1786646200315&button=&listing%5Bbrand_id%5D=&listing%5Bcar_type%5D=1&listing%5Bmaxprice%5D=160000001&listing%5Bminprice%5D=55309&page=1&utf8=%E2%9C%93","https://www.gaaraas.com/fr/vehicle_listings/annonce-bmw-x4-dakar-dakar-34199","BMW X4","2019","8 000 000","81 000 km","Automatique","Dakar"
"1786660022-1984","https://www.gaaraas.com/electric_cars?_=1786646200315&button=&listing%5Bbrand_id%5D=&listing%5Bcar_type%5D=1&listing%5Bmaxprice%5D=160000001&listing%5Bminprice%5D=55309&page=1&utf8=%E2%9C%93","https://www.gaaraas.com/fr/vehicle_listings/annonce-bmw-x4-kolda-dabo-34200","BMW X4","2019","10 000 000","81 000 km","Automatique","Dabo"
